0	avoir trové. » 	Sire fait elle enuellopee |quil ne la pouoit cengnoistre pour pour ce 	0|1
1	Si li conte tote s’aventure issi 	que ie le uouldroie auoir trouue |si luy compte toute son auanture 	2|3
2	com vos avés oi dire ça arrieres. 		
3	tant qu’il conoist bien 	tant quil cengnoit bien 	4
4	que c’est il 	que cest celle 	5
5	qu’ele quiert a, 	qui le quiert/ 	6
6	Mais por le coros de la mort 	Mais pour le couroust 	7
7	al seneschal ne se volt fere conoistre, 	quil a du sencchal et de sa mort ne se uoult faire congnoistre/ 	8
8|9	ains li respont: « |Certes, damoisele, chevalier 	mes leur respont certes damoiselle ie ne cengnois mie le cheualier 	9
10	qui porte escu blanc ne conois je nul. — En non Dieu, sire, fet ele, 	qui porte les blances armes. |En nen dieu fait elle il me poyse monlt chierement. 	10|11
11	ce poise moi chierement. » 	A donc sen part 	12
12|13	Et il n’en tient plus a li parole, |ains part si tost com il l’ot commandee a Dieu a 	et ne uoult plus parler il la commandee a dieu et sen ua. 	13
14	et chevalche en tel maniere jusqu’a tierce tant qu’il vint a l’issue de la forest; 	et cheuauche iusques a tierce eustes onques pitie de nulle gentille dane aies |tant quil uint a lissue de la forest 	14|15
15	et il torne a destre vers un chemin viés et ancien; 	et il tourna a destre uers ung petit chemyn uieil: 	16
16	si ne demora gueres 	si ne demoura gueres 	17
17	qu’il vint a une eve P lee et parfonde, 	quil uint en une uallee/ |ou il couroit une eau monlt roidde la 	18|19
		quelle estoit grande et parfonde/ 	20
18	mais il n’i trueve pont ne gué ne passage nul. 	et ne treuue ne pont ne planche |par ou il puisse passer. 	21|22
19	Et il regarde d’autre part de l’eve, 	Sy regarde de laultre part de leaue 	23
20	si voit I. petit chastel molt bien seant, clos de mur bateillié tot entor a la roonde. ll regarde grant piece le chastel 	et uoit ung beau chastel monlt bien seant et bien cloz de muraille tout entour. Il regarde le chastel grant pieche 	24
21	dont la façons li plest molt a regarder, 	car monlt luy plaisoit a uoir/ 	25
22	puis s’en torne contreval la riviere	puis sen tourne contre ual la riuiere 	26
23	por savoir s’il i peust trover ne pont ne gué, 	pour scauoir |sil pouroit trouuer ne pont ne gue par le quel il puisse passer/ 	27|28
24	mais il n’en trueve point 	mes il nen truue point. 	29
25	et quant il voit 	Et il uoit ce 	30
26|27	qu’il n’i passera, |si ne set que fere, 	si ne scait que faire/ 	31
28	que retorner ne voldroit il mie. 	car retourner ne uoulloit pas. 	32
29	Atant voit issir del chastel une damoisele 	A tant uoit yssir une damoiselle du chastel la 	33
30	qui ert tote nue en sa chemise, 	quelle estoit toute nue en sa chemise/ 	34
31	si le menoient troi vilain molt vilainement a 	sy la menoient quatre ribaulx monlt felonneusement 	35
32	et tenoit chescuns une hache en sa main; 	et tenoient chascun en sa main ung coustel trenchant. 	36
33	et ele crioit 	Et la damoiselle crioit	37
34	quanque ele pooit crier por els 	tant comme elle pouoit pour la laidure et honte 	38
35	qui li faisoient tel honte et tel laidure 	que telx ribaulx luy faisoient/ 	39
36|37	qu’il la venoient batant tot contreval la riviere. |Et	et la menoient batant contre ual la riuiere. 	40
38|39	quant la damoisele vit le chevalier de l’autre part de ! l’eve, |si commence a crier: « 	Et quant la damoyselle uoit le cheualier de lautre coste de la ry/ uiere commenca a crier et dire en tell maniere 	41
40	Ha, gentilz chevaliers, secorés ceste damoisele 	Haa beau et gentil cheualier secoures ceste damoiselle 	42
41	que cist ribaut vuelent ocirre. 	que ces ribaulx ueullent occire/ 	43
42	Ha, frans hom, ne m’i laissiés morir, 	haa franc homme fait elle me lesres uous ainsi mourir entre les mains de telx paillars. 	44
43	se vos onques eustes pitié de nule gentil damoisele !» 	et se uous pitie de moy |car se uous ne me secoures ie suys a la mort liurer. 	45|46
44	Quant Boors ot ce 	Et quant boort ouyt 	47
45|46	qu’ele li prie si pitousement |qu'il la secore, 	quelle le prioit si piteusement 	48
47	si ne set que fere, 	si ne scait que faire 	49
48	kar volentiers li aidast 	car uoulentiers luy allast aider 	50
49	s’il peust; 	se il peult estre/ 	51
50	mais il voit l’eve noire et parfonde et si perilluse 	mes il uoit la riuiere parfonde et dangereuse a passer. 	52
51	qu’il cuide bien noier, 	et scait bien sil entre dedens 	53
52	s’il se met dedens; 	qu il se met en peril de mort. 	54
53	et d'autre part il voit cele 	Et daultre part il uoit celle 	55
54	qui si durement crie merci; 	qui si piteusement fui crie mercy.	56
55	si l'em prent tels pitiés 	Si luy en prent telle pitie 	57
56	qu’il en laisse totes poors 	quil en laisse toute paour 	58
57|58	et fet le signe de la crois en mi son vis, |puis enbrace l’escu 	et fait le signe de la croix deuant son uisaige puys embrache son escu 	59
59	et broche le cheval des esperons 	et fiert son cheual des esperens 	60
60	et se fiert en l’eve. 	et se lanche dedens leaue tout erraument: 	61
61|62	Et li chevals fu fors, |si commence a noer 	et le cheual commence a noer si tost 	62
63	si tost com il ot terre perdue, 	quil eust terre perdue. 	63
64	si l’enporte d’autre part de la rive a quelque paine, 	et sen passe le cheual iusques de laultre part de leaue mes ce fust a grant paine 	64
65	mais ançois ot beu de l’eve li uns et li autre, 	car ains quilz feussent passes beurent de leaue lun et laultre 	65
66	et se li chevals ne fust si buens, noié fuissent ambedui, 	et se le cheual neust este fort |et bon ilz feussent noyes	66|67
67	kar li chevaliers estoit pesans por les armes 	et lun et laultre |car le cheualier estoit fort pesant pour les armes 	68|69
68	qu’il avoit vestues. 	quil auoit uestues. 	70
69	Quant il fu de l’autre part de l’eve, 	Quant il fut de lautre part de leaue 	71
70|71	si ne descendi pas, |ains cort vers cels 	si ne descendist oncques ains courust uers ceulx 	72
72	qui la damoisele tenoient 	qui la damoiselle tenoient: 	73
73	et fiert si le premier 	et fiert tellement le premier 	74
74	qu’il aconsieut 	quil encontre 	75
75	qu’il li met le glaive par mi le cors, 	qu il lui met le glauie parmy le corps 	76
76	si l’abat a terre, 	si labat a terre 	77
77|78	et li autre s’enfuient erraument por ce|que desarmé estoient. 	et les autres se met tent en fuite. La damoiselle 	78
79|80	Et la damoisele |qui delivree se voit se met a genols devant Boort 	qui deliuree se sent se met a genoulx deuant lui 	79
81	et dist: « 	et lui dit. 	80
82	Ha, gentils chevaliers, de Dieu soiés vos beneois, 	Haa gentil cheualier de dieu soiez uous benoit: 	81
83	quant vos m’avés de mort rescosse, 	car ces gloutens me eussent occiz 	82
84|85	et aorés en soit Diex, |quant il ceste part vos amena, 	se ne feussez uous. Damoiselle fait il 	83
86	kar cist gloton m’euissent ja morte. — Damoisele, fet il, 		
87	por quoi ? — Sire fet ele, jel vos dirai bien, 	pour quoy. Sire fait elle ie le uous diray 	84
88	mais que vos m’aiés mise a sauveté. — Coment ? fet il. Avés vos dont garde ? — 	mais que uous me aiez mise a sauuete. 	85
89	Certes, fet ele, ja asseur ne seraî fant com je sache laiens le seignor del chastel, 	Comment fait il auez uous donc paour. Sire fait elle ia seure ne seray tant que ie sache leans le seigneur de ce chasteau/ 	86
90	kar c’est li plus fel chevaliers del monde et li plus traîtres. » A ces paroles voient issir I. chevalier del chastel 	car cest le plus fel cheualier du monde et le plus cruel Ces parolles uoient issir ung cheualier du chasteau: 	87
91|92	et la ou il vit Boort, |si li escrie : « Laissiés, dans chevaliers, la damoisele 	et la ou il uoit boort il lui escrie. Cheualier laissez la damoiselle 	88
93|94	que vos n’enmenrois mie! |Par mon chief, mar le rescosistes!» 	et par mon chief mal la rescouistes. Boort lentent 	89
95|96	Si li cort |quanqu’il puet le glaive alongié; 	si lui court tant qu il peut du cheual traire le glaiue allongnie 	90
97	et Boors retrait son glaîve a lui del cors a celui 		
98	qu’il avoit ocis; 		
99	si laisse le cheval corre 		
100	et le fiert si tres durement 	et le fiert si durement 	91
101	qu’il l’abat a terre si estordi 	quil labat a terre si estourdy 	92
102|103	qu’il n’a pooir de relever, |ains gist pasmés, 	qu il na pouoir de soy releuer: 	93
104	kar il chai si felenessement 		
105	qu’a poi 		
106|107	que la canole del col n'avoit brisee. |Et Boors li vet a cheval par desus le cors 	et booit lui ua par dessus le col a cheual 	94
108	tant que tot le debrise. 	tant que tout le debrise. 	95
109	Et lors est la damoisele si liee 	Et boort a tant la damoiselle esiouye 	96
110	qu’ele ne puet plus 	que elle ne peut plus: 	97
111	et dist a Boort : « Sire, nos n’avons mes garde, 	et dit a boort. Sire nous nauons mes garde: 	98
112|113	kar je ne cuit |qu’il eust plus de chevaliers çaiens que cestui; 	car ie ne cuide point qu il y ait plus de cheualiers leans que cestui 	99
114	si vos dirai ore seurement ce 	si uous diray seurement ce	100
115	que vos me demandastes n’a encor gaires. — Dites, fet il. — Sire, fet ele, entre moi et I. chevalier 	que uous mauez demande. |Par ma foy fait elle moy et ung cheualier 	101|102
116	qui mes amis estoit chevalchions hui matin par mi cest chastel 	qui mon amy estoit cheuauchions parmi cest chasteau. 	103
117	et quant li freres a celui 	Et quant le frere de celui 	104
118	que vos avés abatu me vit, 	que uous auez abatu me uist 	105
119	si me volt a force prendre, 	si me uoulut auoir et prendre a force: 	106
120|121	kar il m’avoit molt longuement amee; |si me prist al frain 	car il me auoit longuement aymee. Il print mon cheual 	107
122	et m’en volt mener a force, mes mes amis se combati a lui 	et men uoulut mener a force: |mais mon amy se combatist a lui 	108|109
123	tant qu’il l’ocist. 	tant qu il loccist. 	110
124	Et quant cist 	Et quant celui 	111
125|126	que vos veez ci ore vit son frere mort, |si fist mon ami prendre a force de vilains et de gens 	que uous uoiez cy uist son frere mort il fist mon amy prendre par force de gens et de uillains/ 	112
127|128	et l’ocist en venjance de son frere. |Mais de moi, 	et loccist en uengance de son frere et dist 	113
129|130	por cui Ses freres avoit esté ocis, dist il |qu’il se vengeroit sans main metre;	quil se uengeroit de moy sans main mettre. 	114
131	si me fist prendre a ces ribaus 	Si me fist prendre par ces quatre ribaulx 	115
132	que vos veistes 	que uous auez ueu	116
133	et lor commanda 	et leur commanda 	117
134	qu’il me noiaissent, « 	quilz me noyassent/ 	118
135	kar par armes, dist il, ne vueil je mie 	car par armes ne uueil ie pas 	119
136	qu’ele muire » ;	que elle meure. 	120
137	si m'enmenoient, 	Si me emmenoient ainsi 	121
138	si com vos veistes, morir 	comment uous auez ueu pour noyer 	122
139	quant vos me venistes secorre par la volenté de Dieu et par la vostre. 	quant uaus me uenistes secourir par la uoulente de dieu et par la uostre. 	123
140	Or vos ai conté mon errement ; si voldroie des Ore mes, 	Or uous ay toute compte ma fortune/ 	124
141	se vostre plaisirs estoit, 	si uouldroie se uostre uoulente y estoit 	125
142	que vos me menissois a salveté en un mien chastel 	que uous me menissez a sauuete en ung mien chasteau 	126
143	qui est ci pres. — Volentiers », fet il. 	qui est cy pres. Voulentiers dit il. 	127
144	Si le prent par les bras 	et il la prent par le bras 	128
145	et le monte par devant lui sor le col de son cheval, 	et puis la met sur le col de son cheual/ 	129
146	si a geté son escu derieres son dos, 	si a iecte son escu derrier son dos: 	130
147	si s’en vet cele part ou la damoisele li enseigne tant 	et puis tourne celle part la |ou la damoiselle lui enseigne tant 	131|132
148	que ce vint aprés midi 	que uint aprez midy 	133
149	qu’il voient en un tertre I. bel a chastel, 	que ilz uirent deuant eulx ung moult beau chasteau: 	134
150|151	et lors ataignent Il. escuiers |qui issoient d’un bossel 	et lors attaignent deux escuiers a lentree de ung petit boix 	135
152	et aportoit chescuns venoisons trosee detriers soi. 	et portoit chacun uenoisen derrier lui troussee. 	136
153|154	Quant il virent la damoisele, |si descendent a pié 	Et quant ilz uirent la damoiselle ilz descendirent a pie et lui firent si grant henneur et si grant ioye comme a celle 	137
155	et li font grant joie com a celi 		
156	qui lor dame estoit 	qui leur dame estoit: 	138
157|158	mais molt se merveillent de ce |qu’il la virent plorer: 	mais moult se merueillent de ce qu ilz la uoient plourer: 	139
159	si li enquierent 	si demandent 	140
160	que ele a. 	que elle a. 	141
161	Et ele lor dit 	et elle leur compte 	142
162	comment ses amis avoit esté ocis, « 	comment son amy auoit este occy/ 	143
163	et je meismes euisse esté morte. se ne fust cis frans chevaliers 	et moy mesmes eusse este occie |se ne feust ce franc cheualier 	144|145
164	qui par sa debonaireté me resqueust 	qui par sa debonnairete ma rescousse	146
165	et se mist em peril de mort por ma vie sauver. » 	et sest mis en peril de mort pour moy sauuer. 	147
166	Et lors conseille a l’un de ses escuierset cil se destrosse maintenant de sa venoison, 	Et lors elle parle a conseil a ung des escuiers |et celui se destrousse maintenant de sa uenoison 	148|149
167	si la baille a son compaignon por porter, 	et la baille a porter a son compaignon 	150
168	si s’en vet vers le chastel 	et sen ua uers le chasteau 	151
169	quanqu’il puet traire del roncin. 	tant quil peut courir atout son roussin. 	152
170	Et Boors demande a la damoisele 	Et boort demande a la damoiselle 	153
171	comment li chastials a non 	comment le chasteau auoit nom	154
172	ou ses amis a esté ocis. « Sire, fet ele, il a non Galedon 	ou son amy auoit este occy. Sire fait elle il a nen galdon/ 	155
173	et l’eve par ou vos passastes a non Galede. » 	et leaue ou uous passastes a nom galide. 	156
174	Ensi parolent tant 	Ainsi sen uont parlant ensemble boort et la damoiselle	157
175	qu’il sont venu jusqu’al chastel, 	tant que ilz sont uenus prez du chasteau 	158
176	si le voit Boors bien seant et fort. 	si le uoient beau et fort et moult bien seant. 	159
177	Et quant il montent ! le tertre, 	Et quant ilz sont montez le tertre 	160
178	si voient de laiens issir dames et damoiseles a grant plenté 	si uirent dames et damoiselles a grant plante 	161
179	dont les unes karolent 	dent les unes dansoient 	162
180	et les autres dancent 	et les autres deuisoient 	163
181	et les autres joent de divers geus; 	et les autres iouoient de diuers ieux. 	164
182	si estoient acesmees et vestues richement et avec venoient chevaliers jusqu’a X. 	si estoient toutes uestues moult richement/ |et auec elles uenoient des cheualiers iusques a dix 	165|166
183	qui molt faisoient grant joie; 	qui faisoient moult grant ioye. 	167
184	et quant il voient Boort, 	Et quant ilz uirent boort 	168
185	si crient tuit encontre lui: « Bien viengniés, sire, 		
186|187	qui nostre dame avez delivres de mort |et rescosse des mains a ses enemis !» 	si lui crierent tous. Bien uiengniez uous qui nostre dame auez rescousse de mort et deliuree des mains de ses ennemis. 	169
188	Et lors font descendre lor dame et lui avec : 	Et lors font descendre leur dame et lui auec. 	170
189	si ne vos porroit nus conter la joie 	Si ne pourroit nul homme compter la grant ioye 	171
190|191	qui li fu fete. A tel joie et a tel feste enmainent Boort jusqu’al palés del chastel, |si le font desarmer, 	qui leur fut faicte. A telle ioye menerent boort au pallais. 	172
192|193	ou il volsist ou non, |et il le fist a envis,	Et quant ilz eurent mengie la damoiselle lui demanda 	173
194	kar il n’estoit encore mie tens de herbergier. 	comment il auoit nom. 	174
195|196	Ensi remist Boors laiens, |si li firent grant joie li un et li autre 	Et il respendist 	175
197	Et quant il orent mengié. a damoisele demande a Boort 	quil auoit nom boort le essillie 	176
198|199	comment il avoit non ét ¡l dist |qu’il avoit non Boors li Essilliés. « 	et si estoit cousin germain de lancelot du lac. 	177
200	Et vos, fet il. damoisele, 	Et uous dame 	178
201	quels est li vostre nons ? — Sire, fet ele. je ai non Blevine de Glocedun, issi a non cist chastials ou nos somes. » A ces paroles 	quel est uostre nom. Sire fait elle iay nom benigne de glacedon. |et ce chasteau cy ou nous sommes a aussi nom glacedon. ces parolles 	179|180
202	qu’il disoient, es vos I escuier 	quilz disoient uecy ung escuyer 	181
203	qui laiens entre,	qui entra leans 	182
204	si s’agenoille devant la damoisele. « Dame, fet il, la damoisele de Honguefort vostre cosine vos salue 	si se agenoille de uant la damoiselle dame fait il madame de honguesfort uous sallue 	183
205	et vos mande 	et uous mande 	184
206|207	qu’ele vient herbergier o vos. » |Et quant cele l’entent,	que elle se ueult ennuyt logier auec uous. 	185
208	si saut sus si liee et si joiose 		
209|210	que nule plus |et demande al vaslet 	Et quant celle lost si demande a lescuyer 	186
211	ou ele est. « Dame. fet il, a mains de demie lieue pres de ci. » 	ou elle est dame fait il a demye lieue de cy/ 	187
212|213	Et ele fet maintenant sa sele metre |et dist 	et elle mente sur son cheual auec quatre cheualiers et quatre escuyers 	188
214|215	qu’ele ira encontre li; |si monte 	pour aller a lencontre de la dame 	189
216|217	et maine o li. VI. chevaliers |et Illl. en laisse 	et si laisse quatre cheualiers auec boort 	190
218	por fere compaignie a Boort ; 	pour luy faire compagnie mes boort 	191
219|220	si se part atant de laiens. Mes Boors |qui les noveles a of̈es de cele de Honguefort 	qui les nouuelles a entendues de la dane de honguesfort ne scait 	192
221	si ne set que fere, 	que faire 	193
222|223	kar se il remaint laiens, ne puet estre |que l’en nel conoisse 	si pense longuement 	194
224	et ce ne voldroit il por rien: 	car il ne ueult pas estre congneu 	195
225|226	si pense longuement a ceste chose. |Quant il ot une piece pensé, 	et quant il a longuement pen se 	196
227	si se drece en estant 	si se lieuue en son estant 	197
228	et demande ses armes tost et isnel. « Sire, font cil 	et demande ses armes. Sire sont ceulx 	198
229	qui avec lui estoient, 	qui auec luy estoient 	199
230	qu’en volés vos fere ? — Je me vueil. fet il, un poi aler esbatre jusqu’a cel boschel, 	pour quoy les demandes uous ie me uueil fait il armer 	200
231	si revendrai orendroit. » 	pour moy aller esbatre iusques en ce bochel mes ie reuendray tantost/ 	201
232	Cil n’osent son commandement refuser. 	et ceulx nosent reffuser son commandement 	202
233|234	si aportent ses armes |et il les prent. 	lors luy apportent ses armes 	203
235	Et quant il est armés, 	et quant il fust arme 	204
236|237	si monte en son cheval a, |si se part de laiens par une posterne par devers le boschel », ne ne velt que nus li face compaignie. 	si sen part de le ans par la posterne uers ung petit bosc 	205
238|239	Et quant il est l. poi eslongiés del chastel, |si torne a destre vers une forest 	et ne ueult 	206
240	qu’il voit haute et espesse 	que nul luy face compagnie. 	207
241|242	et s’en vet al ferir des esperons; |si se fiert en la forest et eirre tant qu’il li anuite ; 	Et quant il est ung pou eslongnie il tourne uers une forest grande et espesse si fiert des esperons 	208
243	et lors escote, 	et sen entra dedens 	209
244	si ot une cloche soner 	et cheuaucha tant que la nuyt uint. Il ouyt une cloche sonner 	210
245	et il sot bien tantost 	si pense tantost 	211
246|247	que c’estoit hermitages: |si s’en torne cele part 	que cest ung hermitage. il sen alla celle part 	212
248|249	et descent a l’uis,|si apele et li hermites li oevre son huis, 	et puys frappa a luys/ 	213
250|251	si a le reçoit a bele chiere |et le desarme il meismes, 	et lermite le rechoit a belle chere et le desarma 	214
252	puis vet cueillir de l’erbe al cheval et por fere lit al chevalier. 	et puys cueillit de lerbe uerte pour le cheual |et fist le lyt au cheualier. 	215|216
253|254	Ensi est Boors remés chiés l’ermite, |et la damoisele de Glocedun chevalcha tant a 	Insi est boort demoure auec lermite et la damoiselle de glacedon a tant alle 	217
255	qu’ele encontra cele de Honguefort; 	quelle encentra celle de honguesfort/ 	218
256	si s’entresaluent, 	si sentresalluerent. 	219
257|258	mais molt se merveille cele de Glocedun, |quant ele voit sa cosine si atornee 	Et quant celle de glacedon uoit sa cousine et toute sa mesgnie ainsi atournee elle sen merueille monlt 	220
259	et tote sa maisnie: 		
260	si li demande l’acheison 	sy lui demande lachoison 	221
261	et cele li conte de chief en chief 	et celle luy compte toute la uerite 	222
262	et dist 	et dist 	223
263|264	que jamés ne finera d’errer |jusqu’el ait le chevalier trové, « 	que iamaiz ne finera de errer iusques a tant quelle aura trouue le cheualier/ 	224
265	et bien sachiés, fet ele, bele cosine, 	et sachiez belle cousine 	225
266	que c’est li plus bials chevaliers et li mieldres 	que cest le plus beau et le meilleur 	226
267	que je onques mes veisse, 	que ie ueisse on ques 	227
268	et si est encore jovenes enfés; 	et sy est encore ione enfant/ 	228
269	si ai tel duel, 	si ay tel deul 	229
270	quant il me membre de la vilenie 	quant il me souuient de la uillanie 	230
271	que je fis, 	que ie luy feiz 	231
272	qu’a poi que li cuers ne me part el ventre. — En non Dieu, bele cosine, fet cele de Glocedun, 	que a pou que le cueur ne me part du uentre. Eu nom dieu belle cousine fait celle de glacedon/ 	232
273	s’il vos avint bele aventure, il ne m’est pas hui avenue mains bele. » 	sy uous est aduenu belle auanture/ il ne men est pas aduenue une moins belle. 	233
274	Si li conte tot ensi com il li estoit avenu 	Sy luy compte tout ainsi |comment il luy estoit aduenu/ 	234|235
275	et dist 	et dist 	236
276	qu’ele a le chevalier herbergié; « 	quelle auoit herbegie le cheualier/ 	237
277	mais bien sachiés, fet ele, 	et uous dys bien 	238
278|279	que c’est li plus bials chevaliers |que je onques mes veisse	que cest le plus beau cheualier du monde/ 	239
280|281	et jovenes durement » ; |si li devise sa façon et son grant et sa mesure 	sy lui deuise sa facon 	240
282	tant qu’a cele de Honguefort est avis 	tant quil est aduiz a celle de honguesfort 	241
283	que c’est cil 	que cest celuy 	242
284	qu’ele quiert, 	quelle quiert/ 	243
285	si li tarde molt 	si luy tarde 	244
286	qu’ele le voie. 	quelle le uoie En telle magniere cheuauchent 	245
287	Ensi chevalchent jusqu’al chastel, 	tant quilz sont uenues au chastel 	246
288	si descendent la damoisele molt honorement 	si decendent la damoiselle monlt hounourablement	247
289	et molt font grant joie de li 	et font grant ioye de celle de honguesford. 	248
290	Et lors sont montees el palés;	lors sont mentees au pallaiz 	249
291	si demande cele de laiens 	si demande la damoiselle de leans 	250
292|293	ou ses ostes est. « |Par foi, font si chevalier, ¡l s’en vet orrendroit tos armés fors de cest chastel, 	ou est son hoste/ deuray dirent les cheualiers de leans Il sen ua orendroit tout seul arme hors de ce chastel 	251
294	mais il nos dist 	mes il nous dist 	252
295	qu’il revendroit tantost; n’onques por nul pooir ne volt soffrir 	quil reuendroit tantost/ |ne onques ne uolt souffrir 	253|254
296	que nus de nos alast avec lui. — 	que nul allast auec luy 	255
297	Quel part s’en ala il ? fet ele. — Dame, font il, vers cel boschel. — 	si a prins sen chemin uers ce bochel. 	256
298	Or tost, fet ele, montés, alés aprés lui, 	Or tost dyt la dame montes sy alles apprez luy 	257
299	si le nos ramenés. » 	et le ramenes arriere. 	258
300	Lors sont monté li X. chevalier 	Lors montent tous les cheualiers 	259
301|302	et vienent jusqu’al boschel, |si le cerchent amont et aval, mes del chevalier ne pueent riens trover, 	et uiennent iusques au bochel et le chercent ament et aual/ 	260
303|304	si en sont molt irié et dolent |et mandent a lor dame 	mais ne le peuent trouuer/ 	261
305|306	qu’il ne le pueent trover. « En non Dieu, fet ele, |ensi ne remandra il pas. » 	Eu nen dieu fait elle il ne demoura pas ainsy 	262
307	Si monte et tote sa maisnie 	si monte elle et sa mesgnie 	263
308	et commande a cerchier le bois de totes pars 	et commencent a chercer le bochel de toutes pars 	264
309	et il en font son commandement.	et prie aulx cheualiers |quilz le chersacent 	265|266
310	Mais tot ce ne lor valt riens, 	mes ce ne leur ualust riens/ 	267
311	kar il n'em puent avoir nul asenement a, 	car ilz nen porent ouyt nulle uraie enseigne. 	268
312	Quant ele vit ce, 	Quant elle uoit ce	269
313	si s’en retorne en son chastel dolente et corociee et conte a cele de Honguefort 	si sen retoure en son chastel dollente et courroucee/ |et compte a celle de henguesford 	270|271
314|315	comment ses ostes s’en estoit alez, |puis demande a cels de laiens: « 	comment son hoste sen est alle puys demande a ceulx de leans. Beaux seigneurs 	272
316	Bials seignors, 		
317	quant s’em parti il — 	quant sen parti il/ 	273
318	Par foi, dame, font il, 	par ma foy si tost 	274
319	si tost com il vos en vit aler et dist 	que uous feustes partie/ |et dist 	275|276
320	qu’il revendroit tost. — 	quil reuendroit tantost. 	277
321	Par foi, fet ele, gabez nos a. » 	par ma foy dist la dame il nous a gabes. 	278
322	Lors demanda cele de Honguefort quels armes il portoit 	Lors demande celle de honguesford |quelles armes il portoit 	279|280
323	et ele li devise. « En non Dieu, fet ele, je te trovai hui matin a l’entree d’une forest, 	et elle luy deuise. Eu nom dieu fait elle ie le trouuay |huy matin a lentree de une forest/ 	281|282
324|325	mes il ne portoit mie tel escu |com cil	mes il ne portoit mye telles armes come celuy 	283
326	que je quier. — Bele cosine, fet cele de laiens, il le puet bien avoir changié 	que ie quiers/ belle cousine fait celle de leans il les peult bien auoir changiez 	284
327	et je vos di al mien cuidier 	et ie cuide bien a mon aduiz 	285
328	que ce est cil 	que cest celuy 	286
329|330	que vos querez : |si vos prie 	que uous queres sy uous prie 	287
331|332	que vos me laissiés o vos aler |tant que trové l’aions 	que me lessiez aller auecques uous 	288
333|334	et lors savrai l’acheison |por quoi il laissa mon ostel a tel ore. — Il m’est molt bel, fet cele de Honguefort, 	tant que laurens trouue. Il mest monlt bel dyt celle de honguesfort 	289
335	que vos i viegniés, 	que uous uiengnies auec moy 	290
336	puis qu’il vos plest. » 	puis quil uous plaist. 	291
337	Ensi remistrent la nuit laiens 	ainsi demeurent la nuyt leans. 	292
338	et al matin. 	et au matin 	293
339|340	si tost com eles ! virent le jor, |si leverent 	quant ilz uirent le iour 	294
341	et se partirent del chastel 	si sen partirent du chastel 	295
342	et entrerent en la queste de lor chevalier. 	et entrerent en la queste de leur cheualier. 	296
343	Mais or laisse atant li contes a parler d’eles et de Boort	Or lessons maintenant le compte de boors et des deux dames 	297
344|345	et retorne a parler de Lancelot la |ou il est entrez en la forest de Sarpenic, 	et retourons a parler de lancelot du lac le quel est entre en la forest de la sapine. 	298
346	si com li contes a devise ariers. 	Comment lancelot emporta le corps de gallehaut 	299
347	Or dist li contes 	que plusieurs cheualiers gardoient: |et comment il rescouist la seur de meleagant 	300|301
348	qu’il fist grant chaut le jor 	que len uouloit ardre iiii.xx. xiiii. Grant chault fist dit le compie le iour	302
349	que Lancelos entra en la forest de Sarpenic 	que lancelot fut entre en la sapinoie 	303
350	et por ce ne remest il mie 	et pour ce ne demoura il pas 	304
351|352	qu’il ne chevalchast jusqu’à none; |si li avint ensi 	quil ne cheuauchast iusques a uespres 	305
353|354	qu’il n’encontra home ne feme jusqu’al vespre; |mais lors sans faille, 	sans rencentrer homme ne femme. 	306
355|356	si com il dut issir de forest |qui tot le jor li ot duré, encontra une damoisele 	Sicomme il deust issir dela forest il rencontra une damoiselle grant deul faisant montee sur ung coincte pallefroy. Il salue la damoiselle 	307
357	qui molt faisoit grant duel		
358	et chevalchoit I. palefroi noir a molt riehe lorain 		
359	et a molt cointe sele de l'oevre d’Engleterre. Il salue la damoisele 		
360	et ele lui. « Damoisele, fet il, 	et lui dit. Dame dictes moy 	308
361	kar me dites, 	pour quoy uous plourez 	309
362	s’il vos plest, 	sil uous plaist	310
363	por quoi vos plorés. — 		
364	Certes, sire, fet ele, 	Certes sire 	311
365|366	se je i' cuidoie avoir preu, je le vos diroie. — Damage, fet il, ll’i avrez vos ja, se Dieu plest, |mais dites le moi par covent 	se ie y cuidoie auoir prouffit ie uous le diroie. Dommage fait il ny aurez uous ia se dieu plaist. 	312
367|368	que, |se je vos puis aidier a vos esleecier, je vos aiderai a mon pooir. — En non Dieu, sire, fet ele, 	car se ie uous puis aider ie uous aideray a esclercir uostre cueur a mon pouoir. 	313
369	donc le vos dirai je. ll est voirs que Meleagans, li fiz al roi Baldemagu, ala a la cort le roi Artu por la roine Genievre conquerre, s’il peust; 	Par dieu sire denc fait elle le uous diray ie. Il fut uoir |que meleagant le filz du roy bademagus alla a la court du roy artus pouc la royne genieure conquerre. 	314|315
370	et endementiers fist tant une damoisele 	En dementiers fist tant une damoiselle 	316
371	qui estoit? sa suer 	qui sa seur estoit 	317
372	qu’ele geta Lancelot d’une tor 	que elle iecta lancelot hors de prison de une tour la 	318
373	ou Meleagans l’avoit mis en prison, ne sai por quoi. 	ou il lauoit mis. 	319
374|375	Quant ele l’ot delivré, |si le tint avec li tant 	Quant elle leust deliure elle le tint auec elle 	320
376	qu’il fu garis, 	tant qu il fut gary: 	321
377	kar molt avoit eu mesaise en la prison, 	et moult y auoit eu mesaise. 	322
378	et puis l’envoia a la cort le roi Artu 	et puis lenuoia a la court du roy artus la 	323
379	ou il ocist Meleagan, ce savons nos or bien. 	ou il occist meleagant. 	324
380	Mais si tost com li parent sorent 	mais tantost que ses parens sceurent 	325
381|382	qu’ele avoit Lancelot osté de la prison, si distrent |qu’ele l’avoit fait por Meleagan ocirre; 	que elle auoit iecte lancelot hors de prison ilz la occuperent de la mort de meleagant. 	326
383	si le pristrent a force 		
384	et l’acheisonerent de sa mort 		
385	et distrent 	et fut dit 	327
386	que, s’ele ne trovoit qui l’en desfendist. 	que se elle ne trouuoit |qui la deffendist 	328|329
387	qu'il feroient de lui justice si grant com l’en doit fere de cele	que len feroit de elle telle iustice |que len deuoit faire de femme 	330|331
388	qui son frere ocist. 	qui son frere auoit occis.	332
389	Et ele dist 	Et elle dit 	333
390	qu’ele troveroit bien 	que elle trouueroit bien 	334
391	qui la desfendroit: 	qui len deffendroit. 	335
392	si mist jor d’amener I. chevalier por li desfendre, 	Si lui fut iour determine de trouuer ung cheualier |pour elle deffendre. 	336|337
393	si s’est puis porchaciee en Pluisors liex,	Et elle a depuis pour chasse en plusieurs lieux 	338
394	mais onques ne trova chevalier 	mais oncques ne trouua cheualier 	339
395	qui ses armes en osast prendre contre celui 	qui ses armes osast prendre centre celui 	340
396	qui apelee l’avoit. 	qui lauoit appelle. 	341
397	Or si est tant la chose alee 	Or est tant la chose allee 	342
398	que li jors est aterminés a hui ; 	que le iour est ennuy termine: 	343
399	si n’a trové la pucele nul desfendeor 	si na trouue nul desfendeur. 	344
400	et por ce dient li un et li autre 		
401	qu’ele est atainte del meffet 		
402	que l’en li met sus : 		
403|404	si l’ont jugiee, |ce m’est vis, a ardoir le matin 	et pource lont iugiee a estre arse au matin 	345
405	et por ce qu’il m’en membroit, 	et cest la cause 	346
406	or em ploroie je si durement, 	qui me fait plourer 	347
407	kar certes ele estoit une des plus cortoises damoiseles ! del monde et une des plus vaillans. — 	car elle estoit une des plus haultes damoiselles du monde: et des plus uaillantes. 	348
408	Or me dites, damoisele, fet Lancelos, 	OR me dictes damoiselle fait lancelot 	349
409	et s’ele trovoit demain 	se elle trouuoit demain 	350
410|411	qui la deffendist, |dont ne seroit ele quite del jugement 	qui la deffendist ne seroit elle pas quicte du iugement. Sire dit elle ie ne scay.	351
412	que l’en a fet ? — Sire, fet ele, je ne sai. — 		
413|414	Et est ce, fet il, gaires loing |que ele est ? — Sire. fet ele, il n’i a que. VI. lieues englesches. 	Et esse fait il gaires loingz dicy. Sire dit elle il ny a que six lieues anglesches/ 	352
415	Se vos leviés demain matin, vos i seriés ains prime. — 	et se uous partiez demain matin uous y seriez demain a prime. |Et	353|354
416	Ou le porrai je, fet il, trover ? — Al chastel a, fet ele, de Floego 	ou la pourroie ie fait il trouuer. En la forest de florega: 	355
417	et cis chemins vos i menra droit, 	et ce chemin icy uous y menera tout droit 	356
418	se vos le volés tenir. — 	se uous le sauez tenir. Il se part de la damoiselle 	357
419|420	Or vos commant a Dieu, damoisele », fet il. |Si s’em part atant 	et la commande a dieu. 	358
421	et cele s’en vet faisant son duel. 	Et celle sen reua faisant son deul. 	359
422	Et il chevalche tant 	et il cheuauche 	360
423	qu’il vint fors de la forest, 	tant quil uint hors de la forest 	361
424|425	si vit devant lui une maison de religion |et il torne cele part por herbergier.	si uoit deuant lui une maison de religion.Il tourne celle part pour hebergier. 	362
426|427	Et quant il i vint, |si trueve a la porte IlII. des freres 	Et quant il uint la si trouua deux freres 	363
428	qui ja avoient chanté complie 	qui auoient chantee complie: 	364
429	et estoient venu hors? al serain; 	et ilz estoient uenus hors au serain 	365
430	si saillent encontre lui por fere descendre 	si saillent encontre lui |pour le descendre 	366|367
431	et dient 	et dient 	368
432	que bien soit il venus; 		
433	si le font entrer laiens 		
434|435	et li demandent s’il a mengié, |et il dist 	que bien soit il uenu. aprez lui demandent sil menga huy. Il dit 	369
436	que nenil, 	que nenny. 	370
437	et il font erraument mettre la table, 	et ilz font incentinent mettre la table le pain|et le uin dessus 	371|372
438	mais il dist 	mais il dit 	373
439	qu’il ne mengera devant 	qu il ne mengera 	374
440	qu’il ait esté al mostier, 	deuant quil ait este au monstier dire ses oraisons 	375
441	lar il n’i entra hui. 	car il ny auoit huy este 	376
442	Lors entre en l’eglise. por orer 	Lors entre en leglise	377
443	et en ce qu’il se fu agenoilliés, 	et ainsi quil fut agenoullons 	378
444	si regarde a destre 	si regarde a dextre partie 	379
445|446	et voit unes prones d’argent trop richement fetes a floretes d’or et a oisials et a bestes, |et dedens avoit V. chevaliers armés, les hialmes es testes, les espees es mains, 	et uoit unes prones dargent moult bien faictes a florectes dor a bestes et a oiseaulx de diuerses manieres Dedens auoit cinq cheualiers armez de toutes armes les espees en leurs mains 	380
447	ausi apresté de deffendre 	ainsi prestz a deffendre 	381
448	que se l’en les volsist asaillir. De ce se merveilla molt Lancelos ; 	comme se len uoulsist assaillir. De ce se merueille lancelot 	382
449	si se drece erraument et vet cele part, 	si se dresse sur piez |et ua celle part 	383|384
450	si salue les chevaliers 	et salue les cheualiers. 	385
451	et il dient 	Et ilz dient 	386
452	que bien soit il venus. 	que bien soit il uenu. 	387
453	Et il entre dedens les prones par un petit huisselet a 	et lancelot entre dedens les prones par ung petit huysset 	388
454	et esgarde les prones	et regarde les prones 	389
455	qui tant sont riches 	qui tant sont belles et riches 	390
456	qu’il ne cuide pas 	quil ne cuide pas 	391
457	que nus rois les peust esligier; 	que ung roy les peust esligier. 	392
458	puis voit delés les chevaliers une tombe, la plus riche 	et uoit delez les cheualiers une tombe la plus riche 	393
459	qui onques fust fete par home, kar ele ert tote d’or fin a chieres pierres precioses 	que encques feust ueue de nul homme: |car elle estoit de fin or a pierres precieuses 	394|395
460	qui molt valoient miels d’un grant roialme. 	qui plus ualloient que ung grant royaume. 	396
461	Se la tumbe fu de grant bialté, nient ne monte la bialtés envers la richece 	Et se la tombe fut de grant beaute/ |ce nestoit riens enuers la grant richesse: 	397|398
462|463	dont ele estoit |et avec ce estoit ele la greignor 	et auec ce estoit elle la greigneure 	399
464	que Lancelos eust onques veue : 	qu il uist encques. 	400
465	si se merveille molt 	si est moult esmerueillie 	401
466	qui puet estre li princes 	qui pouoit estre le prince 	402
467	qui dedens fu mis. Il demande as chevaliers 	qui fut illec mis. |Et il demande aux cheualiers 	403|404
468	qui sont iluec. « Sire, font il, nos gardons le cors 	qui illec sont de quoy ilz seruent. Sire nous gardons le corps 	405
469	qui en ceste tumbe est. 	qui gist dedens ceste tombe 	406
470	qu'il n’en soit portez fors de çaiens;	qu il ne soit porte hors de ceans. 	407
471	si somes. V. 	Si sommes cinq pour le garder chacun iour: 	408
472	por garder le de jors, par nuit en i a autres. V. 	et par nuit en y a autres cinq 	409
473	qui font autretel servise comme nos faisons de jors. — 	qui font autel seruice |comme nous faisens de iour. 	410|411
474	Et por quoi, fet Lancelos, avez vos poor 	Et pour quoy auez uous paour fait lancelot 	412
475	qu’il n’en soit portés? — Sire, font il, 	quil ne soit emporte. Sire fent ilz pource 	413
476|477	por ce que uns des freres de çaîens |qui molt est preudom et de sainte vie nos dist n’a encor gaires 	que ung des freres de ceans nous dist na encores gaires 	414
478	que uns chevaliers vendroit ceste part 	que ung cheualier uendroit ceste part 	415
479	qui a force l’en osteroit 	qui a force len osteroit 	416
480	et fors de cest païs l’en feroit porter. 	et hors de ce pais le feroit porter 	417
481	Et nos, gens de ceste terre, voldrions miels morir	et nos gens de ceste terre aymeroient mieulx mourir 	418
482	qu’il fust remués d’entre nos : 	que il fust remue dentre nous 	419
483|484	por ce si le gardons issi com vos veez, |lar li preudom i nos dist 	car le preudomme nous dist	420
485	que li chevaliers ne demoreroit pas 	que le cheualier ne demouroit pas 	421
486	qu’il ne venist — 	quil ne uenist. 	422
487	Or me dites. fet Lancelos, ne fu cil molt haus princes 	Or me dictes fait lancelot. Ne feust pas cest cheualier hault prince 	423
488	a cui l’en fist si haute sepulture? — Sire, font cil, haus hom fu il et riches; avec ce 	a qui len feist ceste sepulture. Sire font ilz ce fust ung hault homme et riche/ 	424
489	qu’il fu haus hom fu il li plus preudom 	auec ce fust le plus preudomme 	425
490	qui onques fust a son tens. — 	qui onques fust en son temps. 	426
491	Ha, Diex, fet Lancelos, 	Haa dieux fait lancelot 	427
492	qui fu il ?— Sire, font il, se vos conoissiés letres, veoir le porriés, 	qui fust il. Sire font ilz sy uous cengnossies lettres bien pouries scauoir |qui il fust/ 	428|429
493	kar ses nons est escris el chief de cele lame. » 	car son nen est escript au chief de celle lame/ 	430
494|495	Lors va Lancelos cele part, |si regarde les letres 	lors ua lancelot celle part sy treuue les lettres 	431
496|497	qui dient: «|Ci gist Galehout li fiz a la Jaiande, li sires des Lointaignes Isles a, 	qui disoient. Icy gist gallehault le filz a la gayande 	432
498	qui por l’amor de Lancelot morut. » 	qui pour lamour de lancelot mourust/ 	433
499	Et quant il vit ce, 	et il uoit ce 	434
500	si chiet pasmés et gist grant piece a terre sans mot dire; 	si chiet pausme. |et geust grant piece a terre sans mot dire	435|436
501	et li chevalier le corent relever, 	et les cheualiers le courent releuer 	437
502	si se merveillent molt 	si se merueillent 	438
503	qu’il puet estre. 	qui il peult estre. 	439
504	Et quant il revint de pasmison, 	Et quant il est leue de paumoisens 	440
505	si s’escrie: «	si se escrie et dist/ 	441
506|507	Ha, las! |Quel dolor et quel damage!» 	Helas quelle douleur 	442
508	Et lors fiert l’un poing en l’autre 	quel ennuy	443
509	et esgratine son viaire 	et quel dommage/ 	444
510|511	si qu’il en fet le sanc salir de totes pars, |si se prent as chevels 	lors se tourne a part 	445
512	et se fiert grans cops del poing en mi le front et en mi le pis 	et pleure 	446
513|514	et crie si durement |qu’il n’i a celui 	et crie monlt durement 	447
515	qui tote pitiés n’en preigne; 		
516|517	si se laidenge |et maldit l’ore 	si que cest pitie de le uoir et mauldit leure 	448
518|519	qu’il fu nes |et dit: « 	qui fust onques ne et dit.	449
520	Ha, Diex ! 	Haa dieux 	450
521	Quel damage, 	quel dommage 	451
522|523	quel perte del plus preudome del monde |qui mors est por le plus vil chevalier et por le plus malvés 	et quelle parte du plus preudomme du mende. ceulx de leans le regardent a merueilles/ 	452
524	qui onques fust ! 		
525	Tant fet Lancelos grant duel 		
526	que tuit cil de laiens le vienent regarder a merveille; 		
527	si li demandent qui il est 		
528	et il ne puet mot dire, 		
529	ains crie totes voies 	ains crie 	453
530	et se debat et descire. 	et se debat et deschire. 	454
531|532	Quant il a son duel demené grant piece, |si regarde les letres 	et apies qu il a son deul demene grant piece il regarde les lettres 	455
533	qui dient 	qui dient 	456
534	que por lui est mors Galehout; si dist 	que pour luy mourust galle. |Si dist 	457|458
535|536	que or seroit il trop malvés, |s’il ausi ne moroit por 	que ores seroit bien mauuais sil ne mouroit pour luy. 	459
537	lui:si saut maintenant jus des prones 	Si sault hors du prosne 	460
538	et pensa qu’il iroit querre s’espee 	et dist |que il yra querir son espee/ 	461|462
539	et qu’il s’en ocirroit, 	et que il se occira 	463
540|541	kar ausi avoit ele esté Galehout a, |Et maintenant qu’il fu issus del mostier, 	quant ainsy est galle. mort pour lui 	464
542|543	si encontra une des damoiseles del Lac, cele |qui a Boort avoit parlé devant le chastel de Honguefort 	et a lissue du menstier il encentra une des damoiselles a la dame du lac celle a qui boort auoit parle au chastel de honguesfort 	465
544|545	et ele le conuit bien, |si le prent par le pan de la cote et l’areste. « 	et celle le print par le poing et le arreste/ 	466
546	Qu’est ce ? fet ele. 	quoy fait elle 	467
547	Ou alés vos ensi ? — 	ou alles uous ainsy/ 	468
548	Ha, damoisele, fet il, laissiés moi mes dolors finer, 	Haa damoiselle fait il laissies moy mes douleurs parfournir. 	469
549	kar jamés n’avroie joie ne repos en cest siecle. — Parlés, fet ele, a moi. » 	car ia mais ne auray ioie ne repos en ce siecle/ |Parles a moy fait elle 	470|471
550	Et il ne li dit mot, 	et il ne luy respent mot 	472
551	ains se lance outre si qu’il li eschape des mains. 	ains se lance oultre |si que il luy eschappe des mains 	473|474
552|553	Et quant ele l’en vit aler, |si li crie: « Je vos deffent, fet ele, par la rien 	et quant elle le uoit ainsy aller si dist. Sire ie uous deffens de par la riens 	475
554	que vos plus amez en cest monde 	que plus aimes 	476
555	que vos n’ailliés avant tant que vos aiés parlé a moi. » 	que uous ne alles en auant premier |que aies parle a moy/ 	477|478
556	Et il s’areste, 	et il sarreste 	479
557	si la regarde 	si la regarde. 	480
558|559	et quant il la conut, |si li dist 	Et il la congnoit il dist 	481
560	que bien soit ele venue. « En non Dieu, fet ele, vos me deuissiés fere plus bele chiere	que bien soit elle uenue. |Eu nen dieu fait elle uous me deussies faire plus belle chere 	482|483
561	que vos ne me fetes, al mains 	que uons ne faictes au moins pource 	484
562|563	por ce que je sui messages vostre dame del Lac. — |Ha, damoisele, fet il, 	que ie suys a uostre dame du lac. damoiselle fait il ne uous desplaise 	485
564	por Dieu ne vos poist, 	et ne cuidiez pas 	486
565	certes je ai tant de dolor 		
566|567	que nus for Diex ne me porroit conforter, ne a ne cuidiés |que jamés aie joie por aventure 	que iamaiz iaie ioie pour auanture 	487
568	qui me puist avenir. — En non Dieu, fet ele, 	qui me puisse aduenir. |Eu nen dieu fait elle si aures. 	488|489
569	si avrois. Escotez 	Or escoutes 	490
570	que ma dame vos mande. — 	que ma dame uous mande Elle uous mande 	491
571	Or dites, fet il. — Ele velt, fet ele, 	que uous ostes le corps de gallehault |qui est ceans 	492|493
572	que vos ostés le cors Galehout de caiens et le fetes porter en litiere en la Dolerose Garde 	et le faictes porter dedens le chastel de la douloureuse garde 	494
573	et iluec soit mis en la tombe meismes 	et soit mis en la tombe 	495
574	ou vos trovastes vostre non escrit; 	ou uous trouuastez son nom en escript 	496
575	et ele le velt ensi, 	et elle le ueul ainsy pource 	497
576	por ce qu’ele set bien 	quelle scait bien 	498
577	que en cel lieu sera vostre cors enterrez. » 	que en ce mesmes lieu sera uostre corps enterre. 	499
578|579	Et quant il l’ot, |si en est molt liés 	Et quant il entent ce sy dist 	500
580|581	et dist |que molt li sont ces noveles plaisans, 	que moult luy sent ces nouuelles plaisans 	501
582|583	kar tot ensi le fera il ; |puis demande 	car tout ainsy le fera il/ puys demande 	502
584|585	comment sa dame le fet. « |Par foi, fet ele, ele a esté. VIlI. jors deshaitiee trop durement, 	comment sa dane le fait/ par ma foy elle a este uiii. iours malade durement 	503
586	kar ele trova en son sort, 	car elle trouua en son sort 	504
587|588	si com ele meismes me dist puis, |que si tost com vos troveriés la tombe Galehout, 	que si tost comment uous trouueries la tombe de gal. 	505
589	que vos vos ocirriés de duel, 	que uous uous occiries de deul 	506
590	se vos n’estiés destornez. Por ce m’envoia ele ça a grant besoing, 	et pour ce menuoia elle ceste part 	507
591	si vos mande 	et uous prie 	508
592|593	que vos laissiés le duel ester, |qu’il ne vos puet fere se nuire non, 	que uous lessies ce deul 	509
594	et vos prie par la rien	et que pour la riens 	510
595	que vos plus amés 	que uous plus ames 	511
596|597	que vos al plus bel |que vos porrois vos reconfortés, 	que uous uous reconfortes le plus beau 	512
598	et se vos ensi ne le fetes, bien sachiés 	que uous pourres. |et se uous ne le faictes ainsy sachies 	513|514
599|600	que al premier besoing |que vos avrois de li, ele vos faudroit. » 	que au premier affaire que uous aures elle uous fauldra. 	515
601	Et il dist 	et il dyt 	516
602|603	qu’il se confortera, |puis qu’ele le velt. « 	qui se cenfortera puys quelle ueult. 	517
604	Or vos covient, fet ele, vos armes prendre, 	Or uous cenuient uos armes prendre 	518
605	kar je voi bien	car le scay bien tant des cheualiers de ceans 	519
606	qu’il ne le vos en lairont mie en pes porter 	quilz ne le uous lesserent point emporter 	520
607|608	tant com il le porront deffendre.» |Et il dist 	tant quilz le puyssent deffendre.	521
609	qu’il i morroit ançois 		
610|611	qu’il ne l’ostast de laiens; |si se vet armer 	si sen ua armer tout maintetenant/ 	522
612	et la damoisele vient tantost as chevaliers 	et la damoiselle uient aulx cheualiers 	523
613	qui gardoient la tombe, 	qui gardoient la tombe 	524
614	si lor dist: « Seignor, fet ele, volés vos destorner ce 	si leur dist. Seigneurs uoulles uous deffendre ce 	525
615|616	qu’il covient estre a force ?»|et demandent 	qui cenuient a estre oste a force/ ie le dys fait elle pour le corps 	526
617	por quoi ele le dist. « Je le di, fet ele, por le cors 		
618	que vos gardez et si savés bien 	que uous gardes |car uous saues bien 	527|528
619|620	qu’il en sera ostez. — Non sera, font il, |que nos puissons. — En non Dieu, fet ele, si iert, 	qu il sera oste 	529
621|622	et bien sachiés, fet ele, |que cil est venus 	car celuy est uenu 	530
623	qui l’en ostera. 	qui len ostera/ 	531
624	Et se vos le contredites, vos en morrois tuit: 	et se uous centredistes uous en mourres tous. 	532
625	por ce vos vendroit il miels 	Et pour ce uauldroit il mieulx 	533
626	que vos le laississiés atant, 	que uous le lessies uenir 	534
627	ains que vos vos en façois ocirre. » 	que de uous faire occire. 	535
628	Et cil dient 	Et ceulx dient 	536
629|630	que ja tant com il soient vif n’en sera portés. « |Et bien sache, font il, li chevaliers 	que tant quilz seront uifz ne le lesront emporter. A ces parolles uint leans lancelot tout arme. 	537
631	qui venus est por avoir le, 		
632	que s’il estoit encore plus preus 		
633	que Lancelos n’est,		
634	si n’en menra il point. — 		
635	Or verrons, fet ele, 		
636	comment il vos en avendra. » A ces paroles vint laiens Lancelos tos armés 		
637	et quant li chevalier le voient venir, 	Et quant les cheualiers le uoyent uenir 	538
638	si li demandent 	si luy demandent 	539
639	qu’il velt fere. « Je vueil, fet il, avoir le cors 	que il ueult faire ie uueil auoir fait il le corps 	540
640	qui laiens est. — 	qui leans gist. 	541
641	Par foi, font il, vos ne l’avrois mie por nient. Nos ¡ morrons ançois tuit 	Par ma foy font il uous ne laures point |ains y mourrent tous 	542|543
642	que vos l’enportois. — A morir, fet il, en estes donc tuit, 	que uous lemportes. au mourrir estes uous tous uenus 	544
643|644	puis que a mains ne vos en volés soffrir !» |Si saut dedens les prones 	puis que a moins ne uous en uoulles passer Ceulx sont dedens les prosnes 	545
645	et il li corent sus, 	et il leur court sus incentinent 	546
646	kar arrieres le cuident fere sailir por poor de morir; 		
647	si le fierent par la 		
648|649	ou il le pueent ataindre |et il ot el poing l’espee nue ; 	et eulx a luy. lancelot tire son espee toute nue 	547
650	si lor done grans cops et pesans 		
651|652	et fiert le premier |qu’il encontre si durement 	et frappe sur eulx en telle maniere 	548
653|654	que por le hialme ne por la coife de fer ne remaint |qu’il ne li mete l’espee jusqu’al test; 	que le premier 	549
655|656	et il le hurte de soi, |Si l’abat a terre. 	quil attaint il le met par terre. 	550
657|658	Et lors saillent molt irieement tuit li autre, |si depiecent son escu et son hialme et son hauberc 	lors le assaillent les aultres moult uigoureusement: 	551
659	et le blecent en pluisors lieus. 		
660|661	Mais il ne li chaut de rien |qu’il li facent, 	mais peu leur prouffite: 	552
662	kar tant est dolens 	car tant est dolent 	553
663	que nus plus; 	que nul plus. 	554
664|665	si lor laisse corre par grant ire |et lor done de l’espee si grans cops 	si leur laisse courir par grant ire tant 	555
666	que tos les fet guenchir avant lui. 	que tous les fait reculer de lui. 	556
667	Et lors esgarde celui des IllI.	Lors regarde lun des quatre 	557
668|669	qui plus li faisoit mal |et cil estoit molt grans et molt fors; 	qui plus lui faisoit mal a son auiz	558
670|671	et Lancelos |qui le vient ataignant li done par mi le hialme si grant cop 	si lui donne sur son heaume tel coup 	559
672	qu’il en fet le feu saillir, 	qu il en fait le feu saillir/ 	560
673	et l’espee glace 	et lespee glace 	561
674	qui de droit ne fu pas ferue. 		
675|676	si descent desus la senestre espaule. Li cops fu grans et par ire ferus, |et bien i parut 	si descent sur la destre espaulle du cheualier: 	562
677	que l’espee cola par mi l’espaule a al chevalier, 		
678|679	si que li bras a tote l’espaule chiet desus le pavement. |Et lors sont molt esmaié li autre troi, 	si que le bras lui cheut atout lespee sur le pauement. Celui trebucha a terre 	563
680	si font molt malvés samblant d’els deffendre por le grant cop 		
681	qu’il ont veu et por l’espee 	et se pasma de langoisse 	564
682	que chescuns d’els a ja sentie jusqu’al sanc. 	quil sentist. |Lors sont moult esmaiez les autres .iii. 	565|566
683	Et Lancelos lor cort sus 	et lancelot leur court sus	567
684	et en fiert I. el hialme 	et en fiert tellement ung ament le heaume 	568
685	si qu’il le fet flatir a terre d’ambesdeus les paumes. 	qu il le fait flatir a terres 	569
686	Et quant li autre dui voient ce, 	Et quant les autres deux uoient ce 	570
687	si tornent en fuies vers l’uis a garison; 	si tournent uers luys a garant. 	571
688|689	et Lancelos vint ataignant le deerrain, |si le fiert par entre l’escu et le bras 	Et lancelot uient attaignant le derrain par entre lescu et le col 	572
690	si qu’il li trenche le poing 	si lui trenche le bras: 	573
691|692	et li escus chiet a terre, |et cil torne en fuies 	et lescu chiet a terre. Lancelot court a lautre 	574
693	qui maheignié se sent. 	qui ia se releuoit 	575
694|695	Et Lancelos vient a l’autre |qui ja se relevoit, sel fiert de l’espee si grant cop 	et le fiert si grant coup 	576
696	qu’il li fet le hialme voler en la place. 	qu il lui fait uoler le heaume de la teste en la place. 	577
697	Et quant cil sent son chief nu, 	Quant celui sent sa teste 	578
698	si cria merci et dist 	nue il crie mercy 	579
699	qu’il ne l’ocie pas, 	et dit 	580
700|701	kar il est pres de sa volenté fere. « |Or te covient donc, fet Lancelos, fiancer 	qu il est prest de faire sa uoulente. Il te conuient denc promettre dit lancelot 	581
702|703	que tu le cors mon seignor Galehout conduiras a la Dolerose Garde |et iluec le feras garder 	que tu conduiras le corps de gallehaut a la douloureuse garde 	582
704	tant que je i viegne; 	tant que ie y uiengne/ 	583
705	et se l’en te demande 	et se len te demande 	584
706	qui t’i envoie, 	qui te y enuoie 	585
707	si diras « cil 	si dis: celui 	586
708	qui ot les ames blanches le jor 	qui eut les blanches armes le iour 	587
709	que li chastials fu conquis. » 	que le chasteau fut cenquis 	588
710|711	Et il li fiance |que tot ensi le fera il. 	et cefui lui promet. 	589
712	Lors prent Lancelos la lame par le plus gros chief, 	Lors prent lancelot la lame par le gros chief 	590
713	si tire de grant force 	et la tire de si graut force 	591
714|715	qu’a pou qu’il ne se deront tos, |si que li sans li vole par mi le nes et par mi la boche 	que a peu 	592
716	et li cors li sue d’anguoisse. 	quil ne se derompt tout et tant que le corps lui sue dangoisse/ 	593
717	Mais por tote la destrece ne remaint 	mais nulle douleur 	594
718	qu’il n’ait la tombe levee en haut à; mes nule dolors 	quil eust 	595
719	qu’il eust onques ne monte rien a cele dolor 	mais ne monte riens a celle douleur 	596
720	qu’il ot, 	qu il eust 	597
721	quant il vit le cors Galehout tot ensi armé com il estoit; 	quant il uist le corps de gallehaut tout arme ainsi |comme il estoit. 	598|599
722	si trova s’espee delés lui 	Si trouua son espee empres lui 	600
723	qui molt estoit et bone et clere; 	qui tant estoit benne et belle. 	601
724	et sans faille de l’espee meesmes se fust il ocis, 	et sans faulte il sen eust occiz 	602
725	se la damoisele ne li eust tolue erraument. 	se la damoiselle ne lui eust ostee. 	603
726	Lors fist Lancelos une biere fere de fust 	Lors fist lancelot une biere de fust	604
727	et la fist covrir des plus riches pailes de laiens, 	et la fist couurir du plus riche drap de leans. 	605
728	et quant il l’ot atornee al plus richement 	Quant il leust apointe le mieulz 	606
729|730	qu’il pot, li chevaliers prisons li dist: « Sire, fet il, |se l’en movoit tot de nuis, ce seroit sens. — 	qu il peut le cheualier prisonnier lui dist. Sire il seroit bon de emporter le corps de nuit. 	607
731	Por quoi ? fet il. — 	Pour quoy fait lancelot Pource fait il 	608
732	Por ce que, se li chevalier de cest païs savoient 	que se les cheualiers de ce pais sauoient 	609
733|734	que l’en len deust porter, il feroient gaitier les trespas |si qu’il seroit arestés en alcun lieu ; 	que len le deust emporter ilz feroient garder le trespas. 	610
735	et por ce vos loeroie je 	Et pour ce uous conseilleroie 	611
736	qu’il meust orendroit, 	que on partist 	612
737|738	kar il seroit bien eslongiés, |ains qu’il fust jors, XX. lieues englesches. 	car il seroit bien eslongnie ains qu il feust iour dix lieues anglesches. 	613
739	Et il s’i acorde bien; 	Et il se y accorde/ 	614
740	si met la litiere sor Il. palefrois amblans 	si met la littiere sur deux pallefrois amblans 	615
741	et enportent ensi Galehout fors de sa region; 	et emportent ainsi gallehaut hors de la maison. 	616
742	si en font li frere grant duel 	Si en ont les freres grant deul 	617
743	et molt en sont corocié et dolenta de ce 	et sont dolens 	618
744|745	que l’en l’enporte. |Et Lancelos le convoie grant piece de nuis, plorant et regretant sa proesce et sa valor 	que on lemportoit. Lancelot le compartie uoie grant piece de la nuit plourant et plaignant et regrettant sa prouesse et sa ualeur. 	619
746	et se ne fust la damoisele 	Et se ne feust la damoiselle 	620
747	qui avec lui estoit molt en eust plus fet 	qui auec lui estoit moult en eust fait plus 	621
748	qu’il ne fist, 	quil ne faisoit: 	622
749	mais ele l’en detorna, 	mais elle len destourna. 	623
750	et il deffendi al chevalier 	Et lancelot commande au cheualier 	624
751|752	que il nel feist en terre metre devant |que il fust venus. 	qu il ne feust enterre deuant quil uenist. 	625
753	Si se part atant li uns de l’autre 	Si se depart de lui 	626
754|755	et il retorne a l’abeie, |si se couche, c’onques la nuit ne volt mengier ne boivre por chose 	et retourne a la religien se couchier	627
756	que l’en li deist, 		
757|758	ains plora |et dolosa tot adés; 	et oncques ne uoulut la boire ne mengier. 	628
759	si li anuioit molt li jors 	si lui ennuya moult le iour 	629
760	qui tant demoroit a venir. a Al matin, 	qui tant demouroit a uenir. |Et au matin 	630|631
761	si tost com li jors aparut, se leva 	si tost comme le iour apparust se leua	632
762|763	et oi messe entre lui et la damoisele |et puis s’arma. 	et ouist messe lui et la damoiselle. 	633
764	Lors » li dist ele les noveles de Boort 	Lors elle lui dist nouuelles de boort 	634
765|766	et ce |qu’ele en avoit veu devant Honguefort, 	et que elle lauoit ueu deuant a honguefort 	635
767	et il en fu molt liés. 	et comment il le fait. 	636
768	Et ele li dist: « Sire, il vos vet querant 	et il en fut moult ioyeux. Aprez elle lui dit. Sire il uous ua querant 	637
769|770	ne jamés ne finera tant |qu’il vos avra trové. — Damoisele, fet il, 	ne iamais ne finera deuant quil uous aura trouue. Damoiselle fait lancelot 	638
771|772	se vos le cuidiés trover ains de moi, je vos voldroie proier |que vos feissiés tant por moi 	se uous le trouuez auant que moy ie uous uouldroie prier 	639
773	que vos li portissiés ceste espee 	que uous lui porteissiez ceste espee 	640
774	qui fu mon seignor Galehout, 	qui fut a mon compaignen gallehaut 	641
775	et li dites 	et lui dictes 	642
776	qu’il la DOrt de par moi, 	quil la porte de par moy 	643
777	que molt est bone. » 	car elle est moult bonne et belle. 	644
778	Et ele dist 	Et elle dist 	645
779	qu’ele le trovera par tens 	que elle le trouuera par temps 	646
780	et bien fera cest message; 	et bien fera ce message. 	647
781	si s’en part atant de lui 	Si se part atant de elle 	648
782	et il s’en vet droit vers le chastel de Floego, 	et sen ua uers le chasteau de florega 	649
783	si i vint a hore de prime. 	si y uint entour prime. 	650
784	Et il esgarde es pres defors la vile, 	et il regarde es prez hors la uille 	651
785	si voit molt grant gent entor le feu 	si y uist moult grant gent entour ung feu 	652
786	ou l’en devoit ardoir la suer Meleagan», 	ou len deuoit ardoir la seur de meleagant. 	653
787	et quant il aperçoit le feu, 	Quant il apperceust le feu 	654
788	si a poor de la damoisele. 	si eut grant paour de la damoiselle. 	655
789|790	Lors broche le cheval |et vint errant cele part 	Lors frappe le cheual des esperons 	656
791|792	tant com il puet del cheval traire. |Et quant il est venus jusque la, 	et uient celle part. 	657
793|794	si esgarde |et voit la damoisele 	et quant il uoit la damoiselle 	658
795	qui ja estoit amenee al feu por destruire, 	qui ia estoit amenee au feu pour destruire 	659
796	si estoit en pure sa chemise 	laquelle estoit en une poure chemise 	660
797	et le tenoient. VI. pautonier, trois d’une part et trois d’autre; 	et la tenoient six pautenniers. trois de une part et trois dautre: 	661
798	si n’atendoient a geter le el feu fors le commandement as juges, 	et ne actendent la iecter au feu fors le commandement du iuge 	662
799	et ele ploroit trop durement 	Et elle plouroit moult tendrement 	663
800	et regretoit Lancelot: « 	et regrettoit lancelot: en disant. 	664
801	Ha, gentilx chevaliers Lancelos,	Haa gentil homme lancelot 	665
802|803	kar pleust ore a nostre Salveor |que vos seuissiés ceste novele, 	car pleust a dieu 	666
804|805	si fuissiés pres de ci a demie lieue! |Certes a l’aide de Dieu et de la vostre seroie je encore anuit rescosse malgré tos mes enemis. 	que uous feussiez prez de cy a demy lieue certes a laide de dieu ie seroie rescous se malgre tous mes ennemis 	667
806	Mais vos ne le savés pas a, 		
807	si me covendra ore morir por la vie 	si me conuendra mourir pour la uie 	668
808	que je vos sauvai emprés Dieu; 	que ie uous sauuay aprez dieu	669
809	mais certes il ne m’en poise pas tant por moi 	mais certes dit elle il ne me poise pas tant pour moy 	670
810	com il fet por le coros 	comment il fait pour le courroust 	671
811	que vos en avrois, 	que uous aurez 	672
812	quant vos le savrois. 	quant uous le saurez 	673
813	Mais ce me reconforte molt 	mais ce me conforte 	674
814	que je sai bien 	que ie scay bien 	675
815	que les damoiseles gaaigneront tant en ma mort 	que les damoiselles gaigneront a ma mort 	676
816	que jamés nule ne vos requerra d’aide 	car iamais nulles ne uous requerrent daide 	677
817	que vos li faillois tant com il vos remenbre de moi, 	que uous ne les aidez tant quil uous souuiengne de moy 	678
818|819	kar vostre cuers est si frans |qu’il ne puet estre sans trop grant merites rendre a totes celes 	car uren cueur est ainsi franc. 	679
820	qui de par moi se reclaiment: 		
821	si m’est avis 	Si mest auiz 	680
822	qu’il m’est molt miels a m’ame de morir por loialté fere et por geter de prison si vaillant home comme vos 	quil mest mieulx a lame pour loiaulle faire et pour ietter de peril ung si uaillant homme |comment uous/ 	681|682
823	que vos fuissiés mors par la desloialté de Meleagan 	que se uous feussies mort par la desloyaulte melleagant/ 	683
824	qui en prison vos avoit mis par traïson. » 	qui en prison uous auoit mis. 	684
825	Ensi disoit la damoisele molt tendrement plorant 	AInsi disoit la damoiselle menlt tendrement plourant. 	685
826|827	et lors vint Lancelos poignant cele part |ou il la vit: 	lors uient lancelot poignant celle part si dist a ceulx 	686
828|829	si dist a cels |qui le tenoient: « Laissiés la damoisele! — 	qui tenoient la damoiselle/ lessies la damoiselle. 	687
830	Por quoi, sire, fet J. chevaliers armés 	pour quoy fait ung cheualier arme 	688
831|832	qui avant saut, le lairons nos ? — |Por ce, fet il, 	qui deuant estoit/ la lesrons ilz. pour ce fait il 	689
833	que vos n’avés droit en li por fere mal. — 	que uous naues nul droit a la faire mourir/	690
834	Si avons, fet cil, si grant 	si auons fait celuy asses grant 	691
835|836	que nos l’avons atainte de murdre |dont je l’apelai, 	car nous lauens actainte de meurdre donc ie lappeloie/ 	692
837	et ele s’en offri a deffendre, 	et elle sen offrit a deffendre 	693
838	mais ele ne trova onques 	mes elle ne trouua enques cheualier 	694
839|840	qui|por li en prist escu 	qui pour elle portast escu/ 	695
841	et ce n’est pas merveille, 	et ce nest pas de merueille 	696
842	que chescuns set bien 	car chascun scait bien 	697
843	quele en a desloialment ovré. — De quoi ? fet Lancelos. — De ce, fet il,	quelle a desloyaument ouure |de quoy fait lancelot/ de oster lancelot de prison 	698|699
844	qu’ele delivra Lancelot por Meleagan ocirre, son frere. — 	pour occire melleagant son frere Adenc dit lancelot 	700
845	Se vos, fet Lancelos, osiés mostrer 	se uous uoullies dire 	701
846	qu’ele eust fet traïson ne murdre, je seroie pres del deffendre. — 	quelle aist fait traison ou meurdre ie suys prest de prouuer a lencontre. |Et pourtant aduises se deffendre le uoulles. 	702|703
847	Qui estes vos? fet cil. — Uns chevaliers sui, fet Lancelos, 	Qui estes uous fa⟦i⟧t celuy/ cheualier suys fait lancelot 	704
848	qui vieng ceste part por ceste damoisele deffendre. — 	qui uiens uers ceste part pour deffendre la damoiselle. 	705
849|850	Par foi, fet cil, |se je voloie, il ne m’en covendroit ja combatre, 	Par ma foy se ie uoulloie il ne men conuendroit ia deffendre. 	706
851	kar des ier en est ! ele atainte, 	car des hyer elle estoit attaincte 	707
852|853	puis qu’ele ne pot trover |qui la deffendist, 	puis quelle ne pouoit deffence trouuer/ 	708
854	mais je sent ma querele a si loial et si droituriere 	mes ie sens ma droicture si loyalle 	709
855|856	qu’il n’a chevalier el monde vers cui je ne l’osaise bien prover au ? grant droit |que je i ai. — En non Dieu, fet Lancelos, 	quil n y a cheualier eu monde contre 	710
857|858	or i parra, |que je sui pres que je la desfende vers vos. — Voire, fet cil, par mon chief, 	qui ie ne losasses bien prouuer. Eu nen dieu fait lancelot ie suys tout prest de la deffendre uers uous/ uoire dist celuy/ par mon chief 	711
859	et vos en morrois comme traitres et desloials. » 	et uous en moures comment traictre et desloyal/ 	712
860	Lors traient la damoisele loins del feu 	Lors est la damoiselle reculee du feu/ 	713
861	et li chevalier s’entreslongent li uns de l’autre, 	et les cheualiers se eslongnent |et puys uiennent lun contre laultre 	714|715
862|863	si s’entrevienent |si tost com li cheval pueent aler 	tant come cheuaulx peuent courre/ 	716
864	et s’entrefierent des glaives si durement 	et sentrefierent si durement 	717
865	qu’il les font voler en pieces;	que les lances uollent en pieces. 	718
866	puis s’entrehurtent si des cors et des visages 		
867	qu’il n’i a celui 		
868	qui tos ne soit estordis et desconreez. 		
869|870	Mais li chevaliers par est si estonés |qu’il ne se puet tenir en sele, 	mes le cheualier ne se peult tenir en la selle/ 	719
871	ains vole jus del cheval 	ains uolle ius du cheual/ 	720
872	et al parchaoir feri li quins del hialme en la terre, 	et au choir ferit le coing du feaulme a terre 	721
873	si qu’a bien pou qu’il n’a le col brisié. 	si que a pou|quil na le col brisie. 	722|723
874|875	Et|quant Lancelos a fet son tour, 	Et quant lancelot le uoit 	724
876	si descent, 	si descent a pie 	725
877|878	kar honte li seroit de requerre a cheval celui |qui est a pié; 	et tire son espee 	726
879|880	si trait l’espee |et cort sus a celui 	et court sus a celuy 	727
881	qui ja se relevoit, 	qui ia se releuoit/ 	728
882	si li done par mi le hialme tel cop 	si luy denne tel coup sur le chief 	729
883	qu’il le fet a terre flatir des paumes et des genols ; 	qui le fist flattir a terre des palmes et des genoulz 	730
884	puis recuevre I. autre cop et le fiert 	puis recouure ung autre coup |et le fiert 	731|732
885|886	si qu’il le fet tot parchaoir |et le prent par le hialme, 	si quil le fait parchoir/ apres le prent par le heaulme 	733
887|888	si le traine jusqu’al feu |et le gete dedens. 	et le traine iusques au feu/ 	734
889	Et cil estoit si estordis et tant avoit perdue la force del cors 	si le iette dedens |et celuy estoit si estourdi 	735|736
890	que relever ne se pot, 	quil ne se pouoit remuer 	737
891	si le covint remanoir el feu 	si luy conuient demourer au feu/ 	738
892	et morir en tel maniere. 	et mourir en telle maniere. 	739
893	Et lors vienent avant cil 	Lors uiennent ceulx 	740
894	qui le champ gardoient, 	qui gardoient le champ 	741
895	si dient a Lancelot 	et dient a lancelot 	742
896	qu’il en a assés fet 	quil en a asses fait 	743
897	et li rendent la damoisele saine et haitiee, 	si luy rendent la damoiselle saine et haictiee	744
898	et il la fet vestir, 	et il a fait uestir 	745
899	puis li demande 	puis luy demande 	746
900|901	qu’ele velt |qu’il face mes. « Sire, fet ele, 	que elle ueult plus. Sire fait elle ie uueil 	747
902	que vos me menés a salveté a mon chastel. » 	que uous me mettes a sauuete en mon chastel/ 	748
903	Et il dist que volentiers: 	et il dist |que	749|750
904|905	si le fet monter |et le conduit jusqu’al chastel	si fera il uoulentiers sy la cenduit au chastel 	751
906|907	ou ele l’ot gardé maint jor. Li chastials avoit non Galefort |et seoit sor une petite riviere, 	ou elle uoulloit aller. 	752
908	si estoit molt aaisiés de totes choses 	et ou elle lauoit garde maint iour 	753
909	et fors a merveille, 	et auoit nen gallasfort/ 	754
910|911	Et|quant Lancelos vint la, il ne fet pas a demander 	Et quant lancelot uint la il ne feist mie a demander 	755
912	se l’en li fist joie, 	se on luy fist grant chere. 	756
913	kar cil del chastel savoient ja bien 	Car ceulx du chastel sauoient ia bien 	757
914|915	que lor dame estoit delivree par I. chevalier|qui o li venoit. 	comment leur dame estoit del iuree par ung cheualier 	758
916	Et quant il le virent, 		
917|918	si le reçurent a si grant joie |com se ce fust Damedieu meismes 	qui auec elle uenoit sy le recheurent eomment sil eust este dieu 	759
919	et s’agenoillent tuit devant lui 	et se agenoullerent deuant luy 	760
920	et crioient a une vois tuit ensamble : « Sire, sor tos cels del monde soiés vos bien venus, 	et crioient tous a une uois. Sire sur tous ceulx du mende uous soyes le bien uenu 	761
921|922	qui nostre grant duel avés torné en grant joie !» |A tel feste ont laiens Lancelot receu 	quy nostre grant deul aues tourne en ioye. A telle feste ont leans lancelot receu. 	762
923|924	et quant il ont la damoisele descendue devant son mestre palés, |si s’en volt aler maintenant, 	Et quant il eust cenuoiee la damoyselle iusques deuant son maistre pallais/ 	763
925|926	kar il n’estoit mie encore plus de tierce. |Mais ele le prist al frain 	si sen ueult lancelot aller mes elle le print au fraing 	764
927	et le fist descendre a fine force a 	et le fist demourer a forche/ 	765
928|929	et dist: « |Par Sainte Crois. vos ne m’eschaperois mie ensi. » 	et luy dist. Tresdoulx cheualier uous ne me eschapperes pas ainsy. 	766
930	Lors le commande a desarmer et vaslet saillent avant por fere son commandement a; 	Lors commande quil soit desarme. |Et uarletz saillent 	767|768
		pour faire son commandement 	769
931	et tantost com il ot son hialme osté 	et tantost |quil eust son heaulme oste 	770|771
932	et ele le conut, 	si le cengneust bien 	772
933	si li cort les bras tendus 	si luy sault les bras tenduz 	773
934	et le volt baisier en la boche, 	et le uouloit baisier en la bouche 	774
935	quant il li guenchist, 	quant il se destourna 	775
936|937	et ele li baise la face et le col et le menton, |puis que autre chose n’em puet avoir ; 	et elle luy baise le col/ 	776
938|939	si plore de pitié |et li dist: « 	et puys pleure de pitie et dist/ Gentil cheualier 	777
940	Ha, gentilx chevaliers, 		
941|942	tant vos avoie desirré a veoir ains que je moreuisse! |Mais comment l’avez vos puis fet?, 	tant ie uous auoye desire a uoir auant que ie mourusse/ 	778
943	Et il li dist : « Bien, Dieu merci. — 		
944|945	Et ceste part, fet ele, |comment venistes vos, 	et comment uenistes ceste part/ 	779
946|947	qui avant ier vos en partistes ? — |Par foi, fet il, une grant acheison. m’i amena. »	car auant hyer uous en partistes. 	780
948	Si li conte comment. I. chevalier o unes armes vermeilles l’avoit apelé de traïson a la cort le roi Artu por la mort de Meleagan; 	Par ma foy fait il ung cheualier a unes armes uermeilles ma appelle de traison en la court du roy artus. |pour la mort de melleag. 	781|782
949	si l’en covient a deffendre en la cort le roi Baudemagu. « 	si men conuient a deffendre en la court du roy bademagus/ 	783
950	Ha, fet ele, je sai bien 	Haa fait elle ie scay bien 	784
951	qui il est. C’est Argodras li Ros et li chevaliers 	qui il est cest argorindes le roux/ et le cheualier 	785
952	que vos avés hui ocis et ars estoit ses freres; 	que uous aues occy |et ars estoit son frere/ 	786|787
953	si ne sai que vos puissiés fere, 	si ne scay |que puissies faire/ 	788|789
954	kar se mes peres set que vos aiés ocis Meleagan, je criem 	car se mon pere scait |que uous aies occis melleagant ie crains 	790|791
955	qu’il ne vos face ocirre por le grant duel 	quil ne uous fache occire. 	792
956	qu’il avra des noveles. — Coment ? fet Lancelos, nel set il mie encore ? — 	comment fait lancelot. ne scait il pas encore |qui se a fait. 	793|794
957	Certes, sire, nenil; 	se maist dieux nennil fait elle 	795
958	si est Meleagans en cest païs aportés plus a de XV. jors 	Si est melleagant apporte en ce pays .xu. iours a passes/ 	796
959	et est el chastel des Illl. Pierres 	et est au chastel des quatre pierres. 	797
960	et le gardent iluec si celeement 	Et le gardent illec si celleement 	798
961|962	que li rois n’en set encore riens: |si en covendra esploitier al plus sagement 	que se roy nen scait encores riens: mes dictes moy a quant est le iour 	799
963	que vos porrois. 		
964	Mes a quant est li jors 		
965	que vos vos en devés deffendre? » 	que uous uous deuez deffendre. 	800
966	Et il dist 	Et il dit 	801
967	que c’est le jor de la Magdalaine. « 	que cest au iour de la magdalaine. 	802
968	Or vos en conseut Diex, fet ele. 	Or uous conseille dieu fait elle: 	803
969	kar j’ai grant poor 	car iay grant paour	804
970	que Argodras ne vos face anui par traïson. — De ce, fet il, n’aiés ja garde! Tot son pooir en face,	que agarindes ne uous face auoir quel que trayson. De ce fait il naiez ia paour. 	805
971	que je n’en avrai ja poor. » Assés parlerent cele nuit de maintes choses a 	Assez parlent celle nuit de plusieurs choses 	806
972	et molt firent cil del chastel grant joie de lor dame 	et menlt firent ceulx du chasteau grant feste de lui et de leur dame 	807
973|974	qu’il cuidoient avoir perdue, |et or l’ont saine et haîtie 	quilz cuidoient auoir perdue. 	808
975	Et al matin, 	Et au matin 	809
976|977	si tost com li jors parut cler, se leva Lancelos |et se parti de la damoisele, 	si tost comment le iour apparut se leua lancelot et print congie de la damoiselle. 	810
978	quant il fu armés;		
979	et ele le commande molt a Dieu 	Et elle le commanda a dieu 	811
980	et li pria 	et lui pria 	812
981	qu’il s’en revenist par li al repairier; 	quil reuenist par elle au repairier. 	813
982	et il dist 	Et il dit 	814
983	que si feroit il, 		
984|985	s’il pooit. |Si se remet en son chemin 	que si feroit il sil pouoit. Il se met en son chemin 	815
986	et eirre tot le jor jusqu’al vespre 	et erre iusques au soir. 	816
987	et lors aproche d’une riviere 	Lors approuche de une riuiere 	817
988	que l’en apeloit Aglonde, 	que len appelloit aglondes/ 	818
989	si en estoit l’eve molt parfonde et molt noire. 		
990	Et quant il vint pres de l’eve, 		
991	si vit trois paveillons tendus pres de la rive; 	si uoit trois paueillons tendus pres de la riuiere. 	819
992	si en estoit li uns grans et bials et li autre dui estoient moien. 	si en estoit ung grant et blanc et les autres deux estoient noirs. 	820
993	Et lors issi del greignor paveillon I. chevaliers tos desarmés 	Et lors issist dun paueillen ung cheualier tout arme 	821
994	qui li dist 	qui lui dist 	822
995	que bien soit il venus, 	que bien soit il uenu. 	823
996|997	et il li rent maintenant son salu. « |Ha, sire, fet il, vos me samblés chevaliers errans 	Et il lui rent son salut. Beau sire uous semblez cheualier errant: 	824
998	et je aim tos cels 	et iayme tous ceulx 	825
999	qui en tel mestier usent lor vie, 	qui en telle maniere usent leur uie: 	826
1000	kar je meismes sui chevaliers errans 	car moy mesmes suis cheualier errant. 	827
1001|1002	et por ce vos vueil je proier |que vos herbergiés anuit mes o moi; 	Et pour ce quil est temps de se hebergier uous censeille ie 	828
1003	kar se vos passés avant de ci, vos ne troverois se forest non, si salvages 		
1004	que vos i porrois tost desvoier. 	que uous demour⟦e⟧z/ 	829
1005	Et il est bien tens de herbergier, ce veés vos bien : 		
1006	por ce vos lo 		
1007|1008	que vos remanois et vos avrois ostel bel et buen tot a vostre voloir. — |Bials sire, fet Lancelos, 	et uous aurez hostel tout a uostre uoulente. Beau sire fait lancelot ie demoureray 	830
1009|1010	puis qu’il vos plest, je remaindrai |et por vostre proiere 	puis quil uous plaist. 	831
1011|1012	et por ce que vos dites |que vos estes chevaliers errans. a, 	et que uous dictes que uous estes cheualier errant. 	832
1013	Lors descent et vaslés saillent des autres paveillons, 	Lors descent de son cheual/ |et uarletz saillent des autres paueillens 	833|834
1014	si le desarment 	si le desarment 	835
1015	et li aportent I. mantel de samit legier a afubler por le chaut 	et lui apportent ung manteau de samit |pour affubler pour le chault 	836|837
1016	qui grans estoit ; 	qui grant estoit. 	838
1017|1018	si le mainent el grant paveillon avec l’autre chevalier. |Et lors parlerent ensamble 	Si le mainent au grant paueillon. lui et le cheualier sentreacointerent 	839
1019|1020	et s’entracointierent |et demanda li uns a l’autre de son estre ». Li chevaliers enquiert a Lancelot 	et demanda lun a lautre 	840
1021	dont il vient 	dont ilz estoient: 	841
1022|1023	et ou il vet et|quele aventure le maine si sol, 	et quelle auanture le menoit si seul. 	842
1024	et il li conte une partie de son estre et autre l’en çoile e; 	Et il lui compte de son estre une partie |et lautre lui en celle: 	843|844
1025	et totes voies li dist 	et toutesfois dit il 	845
1026	que en la cort al roi Baudemagu voldroit estre por soi deffendre vers un chevalier 	que en la court du roy bademagus uouldroit il estre pour ung cheualier 	846
1027	qui l’a apelé de traïson. 	qui lauoit appelle de trayson. 	847
1028|1029	En ce qu’il parloient ensi, orent li escuier mise la table, |si vont laver; 	Et ainsi qu ilz parloient len mist les tables. ilz lauent leurs mains 	848
1030	si s’asiet Lancelos et li chevaliers et une damoisele 	et puis se assient le cheualier et lancelot: 	849
1031|1032	qui molt ert bele |et estoit amie al seignor de laiens; 	et une damoiselle moult belle/ laquelle estoit amie au cheualier de leans. 	850
1033	si mengierent tuit troi ensamble. 	Si mengerent tous trois ensemble: 	851
1034	mes cele 	mais celle 	852
1035|1036	qui Lancelot esgarde ne se puet saoler de lui veoir, |Kar tant li samble bials 	qui lancelot regarde laisse le boire et le mengier pour la grant beaute 	853
1037|1038	qu’ele ne prisa onques mes bialté d’ome envers cesti : |si l’esgarde si viselment 	que elle uoit en lui/ 	854
1039	que tot en laisse le mengier n’a autre chose n’entent. fors a lui remirer. 	si que a autre chose ne entent. 	855
1040	Si ont li escuier osté le premier mes de sor la table c’onques la damoisele n’en tasta, 	si ont les escuiers oste le premier mes |que encques la damoiselle nen tasta 	856|857
1041	ains pensa totes voies.	ains pensa a lancelot: 	858
1042	Et en cel pensé li descent el cuer une si grant amor 	et en celle pensee lui descendoit une telle amour au cueur 	859
1043	qu’ele aime Lancelot outre ce 	que elle ayma lancelot oultre 	860
1044	que feme n’ama mes home; 	que femme ne ayma oncques homme. 	861
1045	si li est avis 	Si lui est auiz 	862
1046	que s’il l’amoit 	que sil laymoit 	863
1047	qu'ele seroit beneuree. 	quelle seroit trop eureuse.	864
1048	Mais ci endroit n’em parole plus li contes, 	Mais cy endroit plus nen parle le compte 	865
1049	kar ça avant le devisera 	car cy aprez le uous deuisera 	866
1050|1051	et comment ele l’ama merveillosement |et comment ele le proia et la merveille 	et comment elle layma merueilleusement. 	867
1052|1053	que ses amis en fist, |quant il sot 	et comment elle mourut pource 	868
1054	qu’ele l’amoit, 	quil la refusa 	869
1055	et comment cele morut por ce qu’il la refusa, 	Comment lancelot rescouist le frere du cheualier 	870
1056|1057	tot ce vos trespassera li contes ci endroit |por deviser une aventure 	qui lauoit logie. 	871
1058|1059	qu’il lor avint el paveillon |ou il estoient. 	Et comment il se deffendist centre argondes. 	872
1060	Ci dist li contes 	et puis alla a la douloureuse tour faire enterrer le corps de galle .iiii.xx.xu. LE compte dit 	873
1061|1062	que, quant il orent le secont mes eu, es vos un chevalier armé d’unes armes vermeilles |qui vint corant par devant le paveillon o grant compaignie de chevaliers. 	que quant ilz eurent eu le second mes uecy ung cheualier arme de armes uermeilles courant par deuant le paueillon a grant compaignie de cheualiers 	874
1063	Et cil as armes vermeilles 		
1064	qui devant venoit entre el paveillon a et voit. I. escuier 	et il entra au paueillon |et uist ung escuier 	875|876
1065	qui servoit a la table,	qui seruoit a la table 	877
1066|1067	si estoit freres al chevalier de laiens. |Et il cort maintenant cele part, 	qui estoit frere au cheualier de leans. Il le prent par les espaulles 	878
1068|1069	si le prent par les espaules |et le lieve devant lui sor l’arçon de la sele, 	et le met deuant lui es arcons de sa selle 	879
1070	si s’en torne a tot. 	si sen ua atout. 	880
1071	Et quant cil del paveillon voit ce. 	Et quant celui du paueillon uoit ce 	881
1072	si crie a Lancelot: « 	si crie a lancelot. 	882
1073	Ha, bials sire, je sui mors, 	Haa sire ie suis mort 	883
1074	se cil enporte ensi mon frere, 	se celui emporte mon frere/ 	884
1075	kar il l’ocirra, 	car il loccira 	885
1076	s’il n’est secors: 	sil nest secouru 	886
1077	si vos pri por Dieu 	Si uous prie pour dieu 	887
1078	que vos i metés paine. » 	que uous mettez paine a le secourir 	888
1079	Et Lancelos saut de la table 	Et lancelot sault hors de la table 	889
1080	et demande ses armes, 	et demande ses armes, 	890
1081	et I. escuiers vint avant,	et ung escuier uint a lui 	891
1082	si li dist : « 	et lui dist. 	892
1083	Par foi, sire, vos armes et vostre cheval enmainent il ! — Voire, fet il. par mon chief, ja por ce ne remaindra 	Par ma foy sire uoz armes emportent il. |Par mon chief pour ce ne ne demourra il pas 	893|894
1084	que je nes sieve.» 	que ie ne le suiue. 	895
1085	Lors vient fors del paveillon 	Et	896
1086|1087	et li chevaliers o lui |et il esgarde cels 	lors sault hors du paueillen et le cheualier auec lui Ilz regardent ceulx 	897
1088	qui s’en vont 	qui sen uont 	898
1089|1090	qui ja avoient passé l’eve par J. pont de fust;|et Lancelos demande al chevalier 	qui auoient ia passe leaue par ung pont de fust. Lancelot demande au cheualier	899
1091	s’il remaindra. « Sire, fet il, nenil, 	sil demourra. Sire fait il nenny 	900
1092	ains vos ferai compaignie 	ains uous feray compaignie 	901
1093	tant que nos aions trové qui armes vos baut. » 	tant que uous aiez trouue 	902
1094|1095	Lors acueillent lor voie tot a pié |et vienent au pont, 	qui armes uous baillera. Lois uiennent au pent tout a pie 	903
1096|1097	si passent outre |et s’adrecent a I. tertre 	et passent oultre et se adrecent a ung terte 	904
1098	par ou li chevalier s’en vont; 	par ou les cheualiers uont. 	905
1099	si n’ont gaires alé 	Si ne ont gaires alle 	906
1100|1101	quant il encontrent I. chevalier armé d’unes armes noires |qui venoit al pont par I. chemin de travers. 	quant ilz encontrent ung cheualier arme dunes armes noires 	907
1102|1103	Et quant il voit Lancelot, |si s’areste por ce 	Quant il uist lancelot il se arresta pource 	908
1104	que bien le conoissoit, 	qu il le congnoissoit bien 	909
1105	si li demande ou il vet ensi a pié tos desammés. « 	et lui demanda |ou il alloit ainsi a pie tout desarme. 	910|911
1106|1107	Qui estes vos, sire chevaliers, fet Lancelos, |qui me demandés 	Quest ce fait lancelot demandez uous ou ie uois. 	912
1108	ou je vois ? — Je sui, fet il, I. chevaliers d’estrange païs, 	Oy sire si suis ung cheualier destrange pais 	913
1109|1110	mais molt me merveil de ce |que je vos voi ensi aler. » 	qui moult me merueille de uous uoir aller ainsi. 	914
1111	Et Lancelos li conte 	Et lancelot lui compte 	915
1112	comment il estoit herbergiés 	comment il estoit hebergie: 	916
1113	et comment I. chevaliers vint laiens ou il menjoit, 	et comment ung cheualier uint la |ou il mengoit 	917|918
1114	qui prist a force I. vaslet 	qui print a force ung uarlet 	919
1115	et le mist sor le col de son cheval. « 	et le mist sur le col de son cheual. 	920
1116	Et encore m’a il plus meffet, fet Lancelos, 	Et encores y a il plus fait lancelot 	921
1117	kar cil 	car ceulx 	922
1118	qui avec lui vindrent enporterent mes armes 	qui auec luy sont emportent mes armes 	923
1119	et enmenerent mon cheval. — 	et emmainent mon cheual/ 	924
1120	Quel guerredon, fet cil, porroie je atendre de vos, 	quel guerdon fait celuy pouroie ie auoir de uous 	925
1121	se je por vos me desarmoie 	se ie me desarmoye 	926
1122	et vos bailloie mes armes et mon cheval ? — 	et uous bailloie mes armes et mon cheual/ 	927
1123	Certes, fet Lancelos, tel com vos deviseriés. — Se vos, fet il, el premier lieu ou je vos troverai armé, 	certes fait lancelot: tel comme uous deuiseres/ se fait il au premier lieu 	928
1124	por que je soie desarmés, me creantés a doner vos armes » Ie vos bailleroie les moies. — 	ou ie uous trouueray arme me promettes a bailler uos armes ie uous bailleray les miennes 	929
1125|1126	Certes, fet Lancelos, |si ferai je, 	Certes fait lancelot si feray ie pourtant 	930
1127	por que vos ne me truisiés combatant. » 	que uous ne me trouues combatant/ 	931
1128	Et cil descent maintenant, 	et celuy deschent maintenant 	932
1129	si se desarme 	sy se desarme 	933
1130	et baille a Lancelot tot son hernois, 	et baille tout son harnois a lancelot 	934
1131	et il s’en appareille 	et il sen appareille 	935
1132|1133	et monte en son cheval, |puis dist a son oste 	et mente sus le cheual 	936
1134	qu’il s’en retort; Imes il dist 		
1135	que non fera. « 		
1136	Si ferois, fet Lancelos a lar je conoistrai bien les armes a celui 		
1137	que je vois querant en quelque lieu je les truisse. 		
1138|1139	Et cil dist, |puis qu’il velt, s’en retornera: 	et fait retourner son hoste 	937
1140	si s’en vet 		
1141	et enmaine o lui le chevalier 		
1142	qui molt est liés de ce 		
1143|1144	que Lancelos li doit I. guerredon. |Et Lancelos aquelt son chemin aprés cels 	et prent congie de luy. lancelot print son chemin apres ceulx 	938
1145	que ? il sieut tant 	qui sen uont tant 	939
1146	qu’il est venus el tertre en haut 	quil est uenu eu tertre en hault/	940
1147|1148	et lors voit devant lui la forest |que l’en apele la forest des Trois Perilx, 	et lors uoit deuant luy la forest des trois perilz 	941
1149|1150	et ce |por quoi ele fu ensi apelee devisera bien li contes ça avant. 	et ce pour quoy elle est ainsy appellee deuisera bien le compte cy en auant. 	942
1151	Quant il fu amont el tertre, 	QUant il fust amonlt eu tertre 	943
1152|1153	si esgarde devant lui, |mais il ne voit nul de cels 	si regarde deuant luy 	944
1154	que il queroit, 		
1155|1156	kar il s’estoient ja ferus en la forest. |Et totes voies sieut il les esclos des chevals 	et suyst les pas des cheuaulx 	945
1157	tant que il vient a l’entree de la forest; 	tant quil uint a lentree de la forest/ 	946
1158	et lors encontre une damoisele tote chenue 	et lors encentra une damoiselle toute chanue 	947
1159	qui chevalchoit molt cointement 	qui cheuauchoit menlt coinctement toute descheuelee/ ses tresches entre ses espaulles 	948
1160	et estoit tote deslie, ses treces par ses espaules comme pucele 	comment une pucelle 	949
1161|1162	et avoit en son chief l. chapel de roses, |kar c’estoit entor la Saint Johan. Il le salue 	et auoit sur son chief ung chapiau de roses/ il la sallue 	950
1163	et ele li dist 	et elle luy dist 	951
1164	que bone aventure li doinst Diex. « Damoisele, fet il, me savriés vos a dire quel part uns chevaliers o unes armes vermeilles s’en vet ? — En non Diex, fet ele, je le vos enseigneroie bien, 	que bonne aduanture luy dennast dieu damoiselle fait il aues uous point ueu passer par cy ung cheualier a unes armes uermeilles. |Eu nom dieu fait elle 	952|953
1165	se je voloie. — Dites le moi, fet il, par covent 	se ie uoulloie ie uous lenseigneroie bien dictes le moy fait il par tel conuenant 	954
1166	que je soie vostre chevaliers el premier lieu 	que ie soie uostre cheualier au premier lieu 	955
1167	ou vos me requerrois. — 	que uous me requerres/ 	956
1168	Se vos me creantés, fet ele, 	se uous me promettes 	957
1169	que vos me sievrois de quel hore que vos en semoigne, je le vos enseignerai. » 	que au pre/ mier lieu ou ie uous requesray uous me aideres ie uous lenseigneray/ 	958
1170	Et cil li creante, 	et il luy promet/ 	959
1171|1172	dont il se repenti |puis molt durement tel hore fu. « 	denc depuys sen repentist/ 	960
1173	Or alés, fet ele, tot cest chemin», 		
1174	si li mostre I. sentier estroit 		
1175|1176	qui aloit al travers de la forest. « |Si ne tornés, fet ele, de nule part 	Or alles fait elle tout ce chemyn en trauers de la forest sans tourner de nulle part. 	961
1177	et quant vos avrois alé entor demie lieue, 	Quant uous aures cheuauche enuiron demye lieue 	962
1178|1179	si verrois delés I. vivier trois paveillons tendus. |La dedens troverois le chevalier 	si uerres de les une riuiere trois pauillons la dedens trouueres le cheualier 	963
1180	que vos querés 	que uous demandes 	964
1181|1182	que l’en apele Arramant le Gros; |si le conoistrois a ces enseignes 	et len lappelle arrement le gras et le cengnoistres a telles enseignes 	965
1183	qu’il a en mi le front II. plaies. 	quil ha deux playes au frent/ 	966
1184	Or vos en poés aler, 	or uous en poues aller 	967
1185	mais que vos m’aiés dit vostre nom. » 	mes que mayes dist uostre nen/ 	968
1186	Et il se nome molt a envis	et il se nomme monlt enuiz 	969
1187	et totes voies li dist 	et dist 	970
1188	qu’il a non Lancelot del Lac. « Alez a Dieu », fet ele. 	quil a a nen lancelot du lac. 	971
1189|1190	Atant s’en part |et s’en vet tot le chemin 	A tant sen ua lancelot tout le chemyn 	972
1191	qu’ele li avoit enseigné, 	quelle luy a enseigne/ 	973
1192	si grant aleure com il plus puet del cheval traire, 		
1193|1194	tant que il atainst les chevaliers |que il sievoit. 	tant quil attaint le cheualiee 	974
1195	Et cil lor i escrie si haut 	si luy escrie si hault 	975
1196	que bien porent oîr, 	que bien le peult ouir 	976
1197|1198	et maintenant li vient acorant li uns d’eus, l’escu al col, le lance el poing, |et fu armés de totes armes. 	maintenant luy uient a lencontre lun de lautre lescu au col la lance au poing armes de toutes pieces/ 	977
1199|1200	Et Lancelos le fiert |si que pour le hauberc ne remaint 	et lancelot le fiert si durement 	978
1201|1202	qu’il ne li met par mi le cors le fer del glaive |si l’empaint bien com cil 	quil luy met le fer du glaiue parmy le coprs 	979
1203	qui assés ot et cuer et force: 		
1204	si le porte del cheval a terre 	si le porte a terre/ 	980
1205	et retrait son glaive a lui; 		
1206	si voit I. autre venir tot appareillié de joster 	et uoit ung aultre uenir tout prest de iouster 	981
1207	et il nel refuse pas, 	et il ne le reffuse pas/ 	982
1208	ains li torne le chief del cheval, 	et celuy 	983
1209	et cil qui vint acorant li done tel cop en l’escu 	qui uient accourant luy donne tel coup sur son escu 	984
1210	que tote sa lance vole en pieces. 	que sa lance uolle en pieces. 	985
1211|1212	Et Lancelos, |qui un poi porta sa lance bas. l'ataint par desus l’arcon de la sele, 	et lancelot porte la sienne ung pou plus bas si la actaint 	986
1213	si le fiert si que les mailes del hauberc ne pueent soffrir le grant cop 	et le fiert si durement |que les mailles du haubers ne peurent le coup souffrir 	987|988
1214|1215	que li glaives ne li voist par mi le cors |si que li fers pert d’autre part; 	que le glaiue ne lui uoit parmi le corps 	989
1216|1217	si l’empainst si durement |qu’il le porte a terre et lui et le cheval. 	si quil porte luy et le cheual a terre. 	990
1218	Et lors dient cil 	Et lors dient ceulx 	991
1219	qui devant s’en aloient que molt joste bien li chevaliers, 	qui deuant sen alloient |que monlt iouste bien le cheualier. 	992|993
1220|1221	quant. Il. de lor meillors compaignons a ensi abatus. |Et Lancelos laisse corre a els tos 	Quant lancelot eust rompu sa lance il mest la maina lespee et lesse courre uers les aultres 	994
1222	qui encore estoient nuef; 	qui estoient uingt. 	995
1223	si ot l’espee traite, 		
1224	por ce que ses glaives estoit brisiés al chevalier 		
1225	qu’il ot derrainement abatu ; 		
1226	si lor detrenche lor escus 	si leur despiece escus 	996
1227|1228	et lor depiece lor hialmes |et lor ront les haubers sor les bras et sor les espaules; 	et detrenche leurs heaulmes/ 	997
1229	si fet tant par sa proesce 		
1230|1231	que tuit cil |qui le voient s’en merveillent. 	et fist tant par sa proesse que tous ceulx qni le uoient en sont esmerueillies. 	998
1232	Et la ou il voit le chevalier as armes vermeilles, 	Et la ou il uoit le cheualier aux armes uermeilles 	999
1233|1234	si nel mesconoist pas, |ains li adresce par mi els tos 	si luy adreche son cheual parmy tous eulx/ 	1000
1235|1236	et li done si grant cop par mi le hialme |que cil est si estordis 	et luy donne tel coup sus le heaulme 	1001
1237	qu’il ne se puet es arçons tenir, 	quil ne se peult tenir aux archons/ 	1002
1238	ains vole a terre. 	mes uolle a terre 	1003
1239	Et Lancelos li va par desus le cors a cheval 	et lancelot luy ua denner si grant coup sus le col 	1004
1240	tant que cil pert la vertu et la force tote. 	tant quil pert sa forche et sa uertu/ 	1005
1241	Et lors sont li autre molt esmaié, 	Lors sont les aultres bien esmayes 	1006
1242	kar bien cuident 	car il cuident 	1007
1243|1244	que cil soit mors |qui lor sires estoit; 	que leur maistre soit mort. 	1008
1245	si se metent en paine del vengier 	Si se mettent en paine de le uenger 	1009
1246	et corent sus a Lancelot tuit ensamble. 	et courent sus a lancelot/ 	1010
1247|1248	Mais il nel truevent pas si esbahi |qu’il ne soit tos pres de soi deffendre; 	mes ilz ne le treuuent pas esbahy mes est prest de se deffendre 	1011
1249	si lor abandone son escu 	si leur habandonne son escu/ 	1012
1250|1251	et tient l’espee |dont il lor done grans cops par la 	et il ne a censuict cheualier a coup 	1013
1252|1253	ou il les ataint, |ne onques por pooir 	quil ne luy face lespee sentir iusques en la char 	1014
1254|1255	qu’il aient ne li porent tolir terre, |ains se met par mi els maintes fois, 	ou quil ne le porte du cheual a terre. 	1015
1256	quel gré qu’il en aient.		
1257	Et de tant li avient il bien 	Et les a si bien attournes 	1016
1258	qu’il n’aconsieut chevalier a droit cop 		
1259|1260	qu’il ne face s’espee sentir en char nue |ou il nel port del cheval a terre: 	quil en y a cinq gisans sur terre 	1017
1261	si lor esrache les escus des cols et les hialmes des testes 		
1262	et lor decoupe poins et bras a 		
1263	et se hurte en els de cors et de cheval »; 		
1264	si en a V. si atornés 		
1265|1266	qu’il gisent a terre si conreé |qu’il n’ont pooir de relever. 	tellement quilz ne se peuent releuer. 	1018
1267|1268	Quant li autre voient ce, |si lor est avis 	Et quant les aultres uoient 	1019
1269|1270	que, s’il i demorent plus, il n’em pueent eschaper sans morir |et por ce s’enfuient al plus tost 	que leurs compaignons sont ainsy traicties ilz sen fuyent au plus tost 	1020
1271	qu’il pueent vers la forest 	quil peuent uers la forest la 	1021
1272	ou il la voient plus espesse. 	ou il la uirent plus espesse/	1022
1273	Et Lancelos ne les sieut mie granment, 	et lancelot ne les poursuyuist pas 	1023
1274	ains retorne al chevalier 	ains retourne au cheualier 	1024
1275	qu’il ot abatu, celui as armes vermeilles, 	qui portoit les armes uermeilles/ 	1025
1276	kar il voldra savoir qui il est. 	car il ueult scauoir |qui il est/ 	1026|1027
1277|1278	Et quant il i est venus, |si trueve l’escuier 	et quant il est uenu il treuue lescuyer	1028
1279|1280	que il queroit, |que on avoit mis sor I. roncin, les mains liies triés le dos, 	quil queroit monte sus ung rouchin les mains liees derriere le dos. 	1029
1281|1282	et vient a lui, |si le deslie. 	sy uint a lui et le deslie/ 	1030
1283	Et quant il se sent delivrés, 	et quant il est deliure 	1031
1284|1285	si li chiet as piés |et le mercie de Dieu ; 	si le mercie menlt et lance. descent a terre 	1032
1286|1287	et Lancelos descent, |si li baille son cheval a garder. 	et luy baille son cheual a garder/ 	1033
1288	puis vet al chevalier 	puys sen ua au cheualier 	1034
1289	qui ja s’estoit relevés en son seant, si estordis 	qui ia estoit redrechie en son seant/ si estourdy 	1035
1290	qu’il ne veoit gote. 	quil ne uoit goutte. 	1036
1291	Et Lancelos li esrache le hialme de la teste si felenessement 	et lancelot luy arrache le heaulme de la teste si fellennessement 	1037
1292	que cil flatist à terre des paumes et de tot le viaire; si saine del nes et del front trop durement. 	que celui flatist a terre des pausmes et des genoulx 	1038
1293	Et Lancelos dist 	et lui dit 	1039
1294	qu’il l’ocirra, 	quil le occira 	1040
1295	s’i ne se tient por outré; 	sil ne se rent 	1041
1296	et cil est si esmaiés a 	Et celui est si esuanouy 	1042
1297	qu’il ne li puet respondre, 	qu il ne lui peut respondre mot 	1043
1298|1299	ains gist pasmés adens |Et Lancelos le redrece, 	ains gist tout pasme Lancelot le redrece 	1044
1300	si le trueve si ensanglenté 	si le treuue si senglant 	1045
1301	qu’il cuide bien 	que bien cuide 	1046
1302	que il soit mors, 	quil soit mort. 	1047
1303	et lors se repent de ce 	Lors se repent de ce 	1048
1304	que tant li avoit fet mal; 	que il lui a tant meffait. 	1049
1305	si s’asiet les lui por veoir 	Si se rassiet emprez lui |pour ueoir 	1050|1051
1306	que il fera. 	quil fera. 	1052
1307	Et ja se relevoient troi de cels 	et ia se releuoient trois de ceulx 	1053
1308	qui a terre avoient geu, 	qui estoient a terre	1054
1309	et Lancelos lor laisse core	et lors leur court sus lanceloi 	1055
1310	et dit 	et leur dit 	1056
1311	que mort sont	que mors sont se ilz ne se rendent |Et ceulx 	1057|1058
		qui ont grant paour 	1059
		quil ne les occie lui rendrient leurs espees en disant 	1060
		quilz sont prestz de faire sa uoulente.	1061
