0|1	queria fallar muy de grado|e luego le conto todo	Sire fait elle	0
2	como le auia conel contesçido	pour ce que ie le uoudroie auoir trouue	1
3	asi como el cuento lo a deuisado	si luy compte toute sauanture|ansi comme le comte la dit cy deuant	2|3
4	e luego entendio boores	tant que il cognoist bien	4
5	que ael andaua ella buscando mas porel pesar dela muerte del senescal no se quiso fazer conosçer antele rrespondio çierto donçella al cauallero	que cest il quelle quiert|Mais pour le courroux quil a de la mort au seneschal ne se ueult il faire cognoistre Certes damoisele de celle mesmes matiere dessus dicte ie ne scay nul cheualier	5|6
6	que traia blancas armas no conozco yo Pardios dixo la donçella mucho me Pesa caramjente	qui porte escu blanc|Certes sire fait elle ce me poise	7|8
7	e boores non quiso conella mas estar	et il ne tient plus parole a luy|ains sem part	9|10
8|9	e acomendo la a dios|e fuese	si tost quil leut commandee a dieu	11
10|11	e andubo tanto|que salio dela floresta	et cheuauche en telle maniere iucqua tierce tant quil uient a lissue de la fourest	12
12|13	e dexo el camino|e tomo a mano derecha vn camino pequeño	et il tourne a destre vers ung chemin uieil	13
14|15	e biejo lleno de yerba|e non andubo mucho	et ancien	14
16|17	porque llego a vn valle|Por do corria vn agua muy negra	Si ne demoura gueres quil uient a une caue lee	15
18|19	e fea|e fonda	et parfonde	16
20|21	e non fallo puente|por do Pudiese pasar	mais il ny treuue pont ne gue ne passage nul	17
22	e cato dela otra parte Del agua	et il regarde de lautrepart de leaue	18
23	e vio vn castillo muy bien asentado çercado de muy buen muro todo enderredor	si uoit ung petit chastel moult bien seant clos de mur bataille tout entour a la ronde	19
24	e el cato gran pieça el castillo	Il regarde grant piece le chastel	20
25	ca mucho se pagaua delo catar	dont la facon luy plaist moult a regarder	21
26|27	e despues torno la rribera ayuso|Por saber	puis sen retourne tout contreual la riuiere pour sauoir sil pourroit trouuer ne pont ne gue	22
28	si podria fallar puente	Mais il ny en treuue point	23
29	Por do pasase mas el no pudo fallar ninguna	Et quant il uoit quil ne puet passer	24
30	e boores desque esto vido no sabia	si ne scet	25
31	que se façer	que faire	26
32	ca el no se queria tomar en ninguna manera	car retourner ne uouldroit il pas	27
33	Ansi estando vio del castillo salir vna donçella en camisa	Adonc uoit yssir du chastel une damoisele|qui estoit toute nue en sa chemise	28|29
34	que traian quatro rribaldos muy sañudamente	si la menoyent quatre nibaux moult uilainement	30
35	e cadavno traia enla mano vna lança	et tenoit ch̃un une hache en sa main	31
36	e ella daua vozes	et elle crioit tant quelle pouoit crier pour ceulx	32
37	quanto podia dar	qui luy faisoient tel honte	33
38	e ellos la lleuaron muy desonrrada mente contra la rribera porla yr ha echar	et telle laidure|qui la uenoient batant tout contreual la riuiere	34|35
39	e quando la donçella vio a bores dela otra parte del agua començo a dar vozes	Et quant la damoisele uoit le cheualier de lautre part de leaue	36
40	e a deçir ay jentil cauallero acorred a esta donçella	si luy commence a crier haa gentili cheualier secourez ceste damoisele	37
41	que estos Ribaldos me quieren	que ces ribaux ueulent occire	38
42	ansi matar ay buen cauallero	Haa franc homme ne me lessez mourir	39
43|44	si nunca oviste piedad de donçella auelda agora de mi|e no me dexedes	si uous eustes onc pitie de nulle gentilz damoisele	40
45|46	asi morir|Quando boores oyo	quant boort ouy celle	41
47	lo que la donçella deçia no supo	qui le prie|si piteusement quil la sequeure il ne scait	42|43
48	que façer	que faire	44
49	ca muy de grado la quisiera acorrer	car uoulentiers luy alast aider sil peust	45
50	si pudiese Mas el agua hera muy fonda	mais il uoit leaue parfonde noire	46
51	e peligrosa	et perilleuse	47
52|53	e negra|e bien cuidaua morir	que il cuide bien mourir sil	48
54	si se y Metiese	si mect dedans	49
55	e dela otra parte veya la donçella	Et dautre part il uoit celle	50
56	que muy afincada mente le pedia merçed	qui si fort luy crie mercy	51
57|58	e ovo tal piedad della|que le fiço todo el miedo perder	si luy en prent telle pitie quil en laisse toute paour	52
59	e fiço la señal dela cruz sobre	si en fait le signe de la croix enmy son uis	53
60	si e enbraço el escudo	puis embrace lescu	54
61	e firio al cauallo de las espuelas	et broche le cheual des esperons	55
62	e lanço se en el agua	et se fiert erraument en leaue	56
63	e el cauallo començo de nadar	et le cheual fu fort|si commence a nouer	57|58
64	luego e perdio tierra en tal manera	si tost quil eut terre perdue	59
65	que paso dela otra parte del agua mas ante beuio el cauallo del agua	si lemporte de lautre part de ma riue a quelque peine|mais ancois eut beu de leaue lun	60|61
		et lautre	62
66	e si el caballo tan bueno no fuera sin dubda el moriera enel agua	et se le cheual ne eust este|si bon ilz fuszent tous deux noyez	63|64
67|68	e boores porel peso delas armas|que llebaua	car le cħlr estoit pesant pour les armes quil auoit uestues	65
69	e desque fue dela otra Parte del agua dexo se correr aquel	Quant il fu de lautre part de leaue|si ne descendy pas	66|67
		ains court uers ceulx	68
70	los que la donçella tenian	qui tenoient la damoisele	69
71	e firio al primero	et fiert	70
72|73	que encontro en tal manera|que le metio la lança porel cuerpo	si fort le premier quil actaint quil luy mect le glaiue parmy le corps	71
74|75	e los otros dos|que aquello vieron fuyeron	si labat a terre	72
76|77	luego por miedo de no ser muertos|ca todos estauan desarmados	et les autres senfuyent erraument par ce qͥlz estoient desarme	73
78	e la donçella desque aquello vido finco los ynojos ante boores	Et la damoisle|qui se uoit deliure se mect a genoux deuant boort	74|75
79	e dixo ay jentil cauallero vendito seades de dios	Haa gentilz cheualier fait elle|de dieu soyez uous beneist	76|77
80	que asi me librastes de muerte	dont uous mauez de mort rescousse	78
81	e bendito sea dios	et aoure en soit dieu	79
82	que aqui vos traxo	dont il uous amena ceste part	80
83|84	que estos villanos me hubieran muerto|si por vos no fuera donçella dixo boores	Car ces gloutons meussent ia occise se uous ne fussez Damoisele fait il pour quot	81
85	Por que señor dixo ella yo vos lo dire mas ante conuiene	Sire fait elle ie le uous diray bien|mais que uous mayez mise a sauuete Comment fait il auez uous	82|83
86	que non aya miedo de ninguno Donzella dixo boores de quien auedes miedo señor dixo ella del señor del castillo	donc garde|Certes sire fait elle ia ne seray asseuree	84|85
87	ca es el mas follon omne de todo el mundo	tant que ie sache	86
88	e mas cruel Ellos	qui est le seigneur de ce chastel leans|car cest le plus fel cheualier du monde	87|88
89	asi fablando vieron salir del castillo vn caballero	Coment boort se combaty pour la damoisele|A cest parole voyent yssir ung cheualier du chastel	89|90
90	e quando vido a boores començo le a dar boçes	et la ou il uoit boors	91
91	e a deçir don cauallero a dexar vos conuiene la donzella	si luy crie laissez sire cheualier la damoisele	92
92	ca la non lleuaredes	que uous nemmennerrez pas	93
93	e porla my cabeza ental Punto la acorristes	par mon chief mal la rescoussistes	94
94	e luego se dexaron correr el vno contra el otro	si luy court sus tant comme il puet le glayue esloigne	95
95	e boores lo firio conla lança	Et boort le firrt|si fort a son uenir	96|97
96|97	que auia sacado del cuerpo del villano|que auia muerto en tal manera	que lescu ne le haubert ne le garantist quil ne luy mecte fer	98
98	que dio conel Porlas ancas del cauallo a tierra	et fust parmy le corps|Et cil cheit a terre tout estandu	99|100
99	asi estordido	car plus na mestier de mire|Et quant ceulx du chastel uoyent leur cheualier ainsi abatu	101|102
100	que non se pudo leuantar	si luy en enuoyent incontinant ung autre pour uenger celuy|qui dist a boort quil se gardast de luy quil le deffioit	103|104
101	asi estaua amorteçido dela cayda	et il dist quil le desfie aussi	105
102	que las coyunturas del pescuezo tenia quebradas	Lors trait son glayue du corps a celuy quil auoit occis|si luy laisse aller le cheual	106|107
103	e boores traxo tantas vezes el cauallo sobre el	et le fier|si fort quil labat a terre	108|109
104	Que todo lo quebranto	si estourdy quil na pouoir de se releuer	110
105	e la donçella	ains gist pasme	111
106	que aquello vido fue muy alegre	car il fu cheu|si felonnessement qua ponu	112|113
107	que mas no lo podia ser	que la chanole du coul ne luy eftoit brise|Et boort luy uait a cheual par dessus le corps	114|115
108	e dixo a boores señor agora non auedes aqui deque vos mas guardar	tant que tout le debrise|et lors est la damoisele	116|117
109	ca eneste castillo no auia mas deste cauallero segund cuydo	si liee quelle ne puet plus|et dist a boort	118|119
110	e agora os dire	sire nous nauons|mais garde	120|121
		car ie cuidoie quil y eust leans plus de cheualiers quil ny a	122
111	lo que me preguntastes seguramente Pues deçidmelo dixo boores	Si uous diray seurement ce|que uous me demandastes	123|124
112	asi es dixo la donçella	dictes fait il	125
113	que oy mañana entre mi	par foy fait elle moy	126
114	e vn cauallero	et ung cheualier	127
115	que hera mi amigo pasamos poreste castillo	qui mon amy estoit cheuauchons a matin parmy ce chastelet ilecquez	128
116|117	e quando el señor del castillo hermano de|aquel que vos derribastes me vido quisome prender afuerça	Et quant le frere a celuy quie uous auez ores abatu me uit	129
118	e trabo del freno demi palafren	si me uoult prendre a force|car il mauoit longuement amee	130|131
119	e quisome llebar	si me prist au fraing	132
120	e me vido mi amigo llebar conbatiose conel tanto quelo mato	et me uoult mener a force|mais mon amy se combaty a luy	133|134
121	e quando	si loccist|Et quant celuy	135|136
122	aquel que alli esta vido asu ermano muerto fiço prender ami amigo a fuerça de gente	que uous auez ores cy abatu uit son frere mort|si fist prendre mon amy a force de uilanis	137|138
123	e de villanos	et de gens	139
124	e matolo en enmienda dela muerte desu hermano	si loccist on uengence de son frere	140
125|126	e dixo|que demi se vengaria el seguramente	Mais il dist quil se uangeroit de moy pour	141
127	porque fui ocasion dela muerte de su hermano	qui son frere auoit este occis sans main mectre	142
128	entonçe fiço tomar aquellos quatro villanos	si me fist prendre a ces quatre ribaux	143
129	que vos vistes	qui uous ueistes	144
130|131	e mandoles|que me matasen en aquel agua	et leur commanda quilz me noyassent	145
132	ca por armas no me queria matar	Car par armes fist il ne uueil ie pas quelle meure	146
133	e ellos me mataran sin falta	si me menoient pour mourir ainsi comme uous ueistes|quant uous me uenistes secourir	147|148
134	si vos porla voluntad de dios	par la uoulente de dieu	149
135|136	e porla vuestra no me acorrierades agora vos|e contado todo mi acaesçimiento	et par la uostre Or uous ay tout comte mon criement	150
137	como me contesçio	si uoudroye desormais	151
138	e querria	si uostre plaisir estoit	152
139	que me llebasedes a vn mi castil	que uous me menez a sauuete en ung mien chastel	153
140	lo que es çerca de aqui	qui est cy pres|uoulentiers fait il	154|155
141	si vos plaze de GraDo dixo boores	si la prent par les braz	156
142|143	e luego echo su escudo alas espaldas|e tomola Porel braço	et la monte deuant soy sur le col de son cheual	157
144|145	e pusola antesi Ensu caballo|e fuese	si a gecte son escu derriere son dos	158
146	ansi conella	et sen uait celle part ou la damoisele luy enseigne	159
147|148	por do ella lo yria guiando fasta medio dia|Que vieron vn muy fermoso castillo	tant que ce uient apres medoy quilz uoyent deuant eulx en ung tertre ung meoult bel chastel	160
149	e alcançaron dos escuderos ala salida devn monteçil	et lors actaignent deux escuiers|qui yssoient dung boys	161|162
150	lo que traia cada vno vn corço atroxado trassi	et chascun aportoit uenoison troussee derriere soy	163
151	e desque vieron la donçella desçendieron apie	Et quant ilz uirent la damoisele	164
152	e fueron	si descendirent a pie	165
153|154	e fezieron gran alegria conella|como aquella	et luy font moult grant ioye comme a celle	166
155	que hera su señora mas mucho se marauillaron	qui leur dame estoit	167
156|157	porque la vian|ansi venir	mais moult se merueillent de ce quilz la uirent plourer	168
158|159	e preguntaronla|que auia	si luy enquierent quelle a	169
160|161	e ella les conto|como su amigo hera muerto	et elle leur comte comme son amy auoit este occis	170
162|163	e dixo yo mesma fuera muerta sino fuera|por aqueste buen cauallero	Et ie mesmes fait elle feusse morte se ne fust ce franc cheualier	171
164	que me libro	qui par sa debonairete ma rescousse	172
165|166	e se metio en peligro de muerte|Por me librar	et sest mise on peril de mort pour sauuer ma uie	173
167|168	e luego destroçaron el vn corço|e pusieronlo enel Palafren	Et lors conseille a lun	174
169|170	e ymbiaronlo al castillo conel vn escudero|e pusieron ala donçella enel otro	et cil baille sa uenoison a porter a son compaiguon	175
171|172	e fueronse contrael castillo|quanto podian	si sen uait uers le chastel tant quil puet traire du roucin	176
173|174	e boores pregunto ala donçella|como auia nombre el castillo	Et boort demande a la damoisele coment le chasteau a nom ou sen amy auoit este occis Sire fait elle il a nom galedon	177
175	Do su amigo auian muerto señor dixo ella el a nombre Galdon		
176|177	e el agua|que pasastes galide	et leue par ou nous passasmes	178
178	Asi fueron fablando fasta el castillo	si a nom galede Ainsi parlent tant quilz sont uenuz iucquau chastel	179
179	Que hera muy fuerte	et boort le uoit moult fort	180
180	e muy bien asentado	et moult bien seant	181
181	e desque fueron entrados enel castillo	Et quant il ont monte le tertre	182
182	luego vinieron contraellos muchas danças	si uoyent yssir dames	183
183|184	e corros de Dueñas|e de donçellas	et damoiseles a grant plante	184
185|186	e otros dançaban|e bailauan	dont les unes caroloient	185
187|188	e otros jugauan|e façian juegos de muchas maneras	et les autres iouoient de diuers ieux	186
189	e todos andauan vestidos muy Ricamente	si estoient toutes atournees|et uestues moult richement	187|188
190	entonçe vinieron contraellos mas de diez caualleros faziendo muy gran [	et auec elles uenoient dix cheualiers|qui moult faisoient grant ioye	189|190
191	]	Et quant ilz uoyent boort	191
192	e deçian todos avna voz vien venga el mejor cauallero	si uiennent tous enconttr luy|et dient bien ueignez sire	192|193
193	que anuestra señora libro de muerte	qui auez deliuree|et rescousse noustre dame de mort	194|195
194	e libro anos denuestros enemigos	et des mains de ses enuemys	196
195	entonçe los desçendieron a muy gran gozo	Et lors font descendre leur dame	197
196	e alegria façiendo con boores	et luy auec|si ine uous pourroit nul compter la grant ioye	198|199
197	asi que el se marauillaua ende mucho	qui luy fu faicte A telle ioye	200
198	e las Mesas fueron puestas	et a tel feste emmainent boort iucquez au maistre palais du chastel|si le font desarmer uoulsist il ou non	201|202
199	e asentaronse a comer	et il le fist a peine|car il nestoit pas encor temps de herbreger	203|204
200	ca mucho lo auian menester	Ainsi demeure boort leans|si luy firent moult grand ioye les ungs	205|206
201	e desque ovieron comido la donçella le pregunto	et les autres|Et quant il eurent mange la damoisele luy demande comment il auoit nom	207|208
202	e dixo le señor	et il luy dist	209
203|204	si vos pluguiere querria saber vuestro nombre|porque sepa dezir quien me fiço tanto bien donçella dixo boores yo he nombre boores el deseredado	que il auoit nom boort lessille	210
205	e vos donzella dixo el	Et uous fait il damoisele	211
206	como auedes nombre señor dixo la donçella yo he nombre velniña de glaçendo	quel est uostre nom|Sire fait elle iay nom blocedin	212|213
207	que asi a nombre el castillo enque estamos Ellos	Ainsi a nom ce chasteau ou nous somes	214
208	ansi fablando llego vn escudero porla puerta	A ces paroles quilz disoient uoyez uous ung escuier|qui entre leans	215|216
209	e finco los ynojos ante la donçella	et sagenoille deuant la damoisele	217
210	e dixole señora la donçella de hongeforte vos ymbia a saludar	dame fait il madame la damoisele de hunguefort uoustre cousine uous salue|et uous mande quelle uient	218|219
211	e ymbiavos deçir	et herbregera o uous	220
212	que esta noche ven conbusco albergar	et quant elle lentend|si sault sus	221|222
		si liee	223
213	e quando la donçella esto oyo fue muy alegre	et si ioyeuse|qui plus ne puet	224|225
214	e pregunto al escudero	et demande au uarlet ou elle est	226
215	do era señora dixo el escudero yo la dexe a media legua de aqui	Dame fait il elle est a demye lieue pres de cy	227
216	e la donçella mando	et elle fait adonc mectre la sele a dist quelli yra encontre luy	228
217	luego ensillar	Si monte	229
218	e fuese con seis caualleros ala rreçebir	et mainne o lie|u	230|231
219	e dexo a boores con quatro caualleros porle fazer conpaña	cheualiers pour faire compaignie a boort|et en laisse quatre	232|233
		si se part adonc de leans	234
220	e quando boores sopo quela donçella de ongeforte venia no sabia	mais boort|qui a ouy les nouueles de celle dunguefort ne seut	235|236
221	que façer	que faire	237
222|223	ca no queria aquelo conoçiese|si pudiese ser	car sil remaint leans il ne puet estre quelle ne le cognoisse	238
224	e penso	et ce ne uoudroit elme pour nul rien|si pense longuement a ceste chose	239|240
225	asi enesto mucho	Quant il a grant piece sis en paix|si se die ce en estant	241|242
226	e a cabo de Pieça demando sus armas señor dixeron los caualleros	et demande ses armes tost|et isnel Sire font ceulx	243|244
227|228	que conel estauan|que para	qui auec luy estoient	245
229	que las queria yo me Quiero armar dixo boores Porme yr a solazar a aquel montezillo	que uoulez uous faire|Ie me uueil fait il ung pou aller esbatre iucqua ce boys	246|247
230	e luego me tornare	si reuiendray tantost	248
231	e ellos no osaron su voluntad contradeçir	ceulx nousent refusrr son commandement	249
232	e truxeronselas	et apportent ses armes	250
233	e el se armo	et il les prent	251
234	e desque fue armado salio porvn postigo	Et quant il est arme|si monte a cheual	252|253
235|236	que estaua contrael monteçillo|e no quiso	et se part de leans par la pousterne deuers le chastel ne ne ueult	254
237	que fuese conel ninguno	que nul luy face compaignie	255
238	e desque fue vn poco alongado Metiose porvna floresta	Et quant il est ung pou esloigne du chastel|si torne a destre partie uers une fourest quil uoit haute	256|257
239	que vido muy espesa	et espesse	258
240	quanto el cauallo lo pudo lleuar	si sen ua au ferir des esperons	259
241	e el	et se fiert en la fourest	260
242	ansi yendo oyo vna canpana tañer	et erra tant qͥl anuyta	261
243	e luego cuido quela tañian en alguna hermita	Et lors escoute|si ouy sonner une cloche	262|263
244	e el fue alla	si sceit bien tantost	264
245	e desque llego ala hermita llamo fastaque el hermitaño le vino a abrir	que cest hermitage	265
246	e acogiolo	si se tourne celle part|et descent a luys	266|267
247	porque vido	si apelle	268
248	que hera cauallero andante	et lermite luy euure	269
249	e el mesmo lo ayudo a desarmar	et le recoit a belle chiere	270
250	e desque lo ovo desarmado cogio dela yerua Parael cauallo	Ainsi est demoure Comme boot demoura chex lermite	271
251	Ansi finco enla hermita	che tant quelle fu partie de son chastel	272
252	e la donçella de glaçedon andubo tanto fastaque encontro ala señora de ongeforte	et quelle encontra celle boort chex lermite|et la damoisele de glossedin cheuaude hunguefort	273|274
253	e ellas se saluaron	si sentresaluent	275
254	e la donzella De glazedon se marauillo mucho	mais celle de glossedin se merueille moult	276
255	quando vido	quant elle uoit sa cousine	277
256	asi venir asu parienta	si atournee	278
257	e a todas su conpaña	et toute sa mesgniee	279
258	e preguntaronle la Razon	si luy en demande lachoison|et elle luy comta de chief en chief	280|281
259	porque hera aquello	et dist	282
260	asi e la donzella de ongeforte selo conto todo de cabo a cabo Como le contesçio conel cauallero	que iamais ne finera derrer iucqua tant quelle ait trouue le cheualier	283
261	e mi buena parienta bien sabed	et bien sachez fait elle belle cousme	284
262	que el es el mas fermoso cauallero	que cest le plus bel cheualier	285
263|264	que nunca vi|e nunca quedare de andar	et le meilleur	286
265|266	asi fasta quelo falle|ca sabed	que ie ueisse oncquez mais	287
267|268	que el es el mejor cauallero Del mundo|e mas cortes	et si est encores ienne enfant	288
269	e es muy niño	si ay tel deul	289
270	e quando me mienbro dela descortesia	quant il me menbre de la uilenie	290
271	e dela villania	que ie luy feis qua pou	291
272	que contrael fiz el corazon seme quiere quebrar enel cuerpo Pardios mi buena parienta dixo la dueña de glozendo mucho vos a acasesçido buena ventura	que le cuer ne me part ou uentre Certes belle cousine fait celle de glocedin|sil uous aduint belle auanture il ne mest pas huy aduenue belle	292|293
273	e ami non a venido menor	Si luy compte tout ainsi comme il luy est aduenu	294
274|275	e luego le conto|como auia acaesçido conel Cauallero	et dist quelle a herbrege le cheualier	295
276	que conella albergara mas bien sabed	Mais bien sachez fait elle	296
277	que es el mas fermoso cauallero	que cest le plus bel cheualier	297
278	Que Nunca vi	que ie ueisse oncque	298
279	e es muy mançebo	mais et fort ienne	299
280	e luego le conto las façiones del tanto quela dueña de ongeforte entendio	si luy deuise sa facon sa grandeͬ|et sa mesure tant quil est aduis a celle de hunguefort	300|301
281	que hera el cauallero	qui cest cil quelle quiert	302
282|283	que ella andaua buscando|e mucho sele tardaua delo ver	si luy tarde moult quelle ne le uoit	303
284|285	asi fueron ental manera fablando|Que llegaron al castillo	Ainsi cheuauchent tant quilz sont uenuz au chastel	304
286	e rresçibieron todos ala donçella de ongeforte muy honrradamente	si descendent la damoisele moult honnoureement|et moult font grant ioye de luy	305|306
287	e fizieron gran gozo conella	Et lors sont montez ou palays	307
288|289	e la donçella del castillo pregunto|luego porsu huesped	si demande celle de leans ou est son hoste	308
290|291	Por buena fee dixeron los caualleros|que auian fincado conel tomo sus armas	par foy font ces cheualiers il sen uait orendroit tout arme hors de ce chastel	309
292|293	e fuese a deportar a aquel montezillo mas|luego dixo	mais il nous a dit quil renuiendra tantost	310
294	que se vernia Mas nunca	Quelle part est il alle fait la dame	311
295|296	por alguna manera Podimos|que nos sufriese	Dame font ilz uers ce boys	312
297	que fuesemos conel a qual parte fue dixo la donçella del castillo aquel montezillo dixeron ellos	Or montez tost fait elle allez apres	313
298	e luego mando alos diez caualleros quelo fuesen alla a buscar	et le ramenez Lors sont montez tous les dix cheualiers	314
299	e ellos lo fiçieron	et uiennent au boys	315
300	ansi ca anduuieron todo el mon teçillo arriba	si le sercherent amont|et aual	316|317
301|302	e ayuso Mas nunca lo pudieron fallar|e tornaron	mais le cheualier ne peuent ilz pas trouuer	318
303|304	e contaronselo|ansi asu señora Pordios dixo la donçella ni poresto no fincara	si le mandent a leur dame quilz ne le peuent trouuer En nom dieu fait elle anisi ne demeurra il pas	319
305	e luego Caualgo con toda su conpaña	si monte elle|et toute sa mesgniee	320|321
306	e fuese Al montezillo	et commande a sercher le boys de toutes pars|et ilz font son commandement	322|323
307	e fizolo çercar de todas partes mas nunca lo pudieron fallar	mais tout ce ne leur uault riens|car ilz nen peuent ouyr nul assignement du monde	324|325
308	e quando ella aquello vido tornose asu castillo muy triste	Et quant elle uoit ce|si sen retourne en son chastel doulente	326|327
309	e muy sañuda	et couroucee	328
310|311	e contolo|ansi ala donzella de hongeforte Como su huesped hera ydo	Et compte a celle de hunguefort comment son hoste sen est alle	329
312	e la donzella les pregunto	et puis demande a ceulx de leans beaux seigneurs	330
313	quando se fue Pordios buena señora	quant party il|par foy dame font ilz	331|332
314	luego que vos de aqui partistes Mas dixonos	si tost quil uous en uit aller il dist	333
315	que luego venia	que il reuendroit tantost	334
316	Por buena fee dixo ella bien nos a engañado	Certes fait elle uous uous gabez	335
317	Que armas traia dixo la donçella de hongeforte	Lors demande celle de hunguefort quelz armes il portoit|et elle luy deuise	336|337
318	e la donçella selas deuiso Pordios dixo ella yo lo falle oy demañana envna floresta mas no traia el tales armas Como	Certes fait elle ie le trouuae huy matin a lentree dune fourest|mais il ne portoit pas tel escu comme cil	338|339
319	aquel que yo ando buscando Buena Parienta dixo la donçella del castillo el las puede auer bien trocado	que ie quier Belle cousine fait celle de leans il le puet bien auoir despuis change	340
320	e yo vos digo ami cuidar	et ie cuide bien a mon cuider	341
321	Que este es	que cest cil	342
322	el que bos buscades	que uous querez	343
323	e Ruego vos	si uous pry	344
324	que me dexedes convos yr fasta Quelo fallemos	que me lessez aller o uous|tant que nous layons trouue	345|346
325|326	e sepa la rrazon|Porque se fue demi castillo ental manera Mucho me Plaze dixo la donzella de ongeforte	Et lors scauray lachoison pour quoy il a lesse mon houstel a telle heure Il mest moult bel fait celle de hunguefort	347
327	Que vengades Pues vos plaze	que uous y uieguez|quant il uous plaist	348|349
		Ainsi demeurent la nuyt leans	350
328	ansi fincaron toda aquella noche enla mañana tanto Como fue de dia se leuantaron	Et au matin|si tost quelles uirent le iour se leuerent	351|352
329	e fueronse del castillo enla demanda del buen cauallero Agora dexa el cuento de fablar dellas	et se partirent du chastel|si entrent en la queste de leur cheualier	353|354
		Mais or laisse le compte a parler deulx	355
330	e de boores	et de boort	356
331	e torna A Lançarote	et retourne a parler de lancelot	357
332	Que entro enla floresta Serpentina	quant il entra en la fourest de sarponie sicomme le compte a deuise|Cy fine le comte	358|359
333	Asi como el cuento lo a deuisado Dize el cuento	Et parle de lancelot du lac|Or dit le conte quil faisoit grant chault le iour	360|361
334|335	que gran calentura façia el dia|que lançarote entro enla floresta mas poreso no finco	que lancelot entra en la fourest de serpeme	362
336	que el no andubiese todo el dia fasta nona	et pour ce ne demoura il pas quil ne cheuauchast iucqua nonne	363
337	que no encontro ome ni muger mas a hora de visperas sin falta	Si luy aduint quil nencontra homme ne femme iucqua uespres	364
338	quando queria salir dela floresta	mais lors quil deut yssir de la fourest	365
339	que todo el dia le auia durado encontro vna donzella	qui tout le iour luy auoit dure il encontra une damoisele	366
340	que mucho façia gran duelo	qui moult faisoit grant deul	367
341|342	e andaua envn palafren morçil|lo que traia vna muy Rica silla y freno	et cheuauchoit ung palefroy noir a moult riche loram	368
343|344	e el saluo la donçella|e ella ael donzella dixo lançarote deçidme	et a moult cointe sele de lueure de angleterre Il salue la damoisele	369
345	porque llorades	et elle aussi luy	370
346	si vos plaze çierto dixo la donçella	Damoisele|fait il or me dictes pour quoy uous plourez	371|372
347	si yo supiese	Certes fait elle	373
348	que me vernia Prouecho enello yo voslo diria muy de grado çierto dixo donçella enmelo deçir no aueredes vos daño	si ie y cuidoye auoir preu ie le uous diroye|Dommaige fait il ny aurez uous pas	374|375
349	si auos pluguiere	si dieu plaist	376
350|351	e vos dezidmelo|por conuenençia	Mais dictes le moy par conuent	377
352	que vos ayude yo a todo mi Poder en todas las cosas		
353	que hubieredes menester	que si ie uous	378
354|355	e espeçialmente enesta|por que vos llorades	puis aider a uous aider	379
356|357	Ca yo porne enello el mejor Remedio|que puede ser	it uous aideray a mon pouoir	380
358|359	si es cosa|que vos pueda ayudar Enel nombre de dios dixo la donçella	En nom dieu sire fait elle	381
360	pues vos os afincades tanto	dont uous diray ie	382
361|362	que vos diga enque manera es|e que cosa es lo	Il est uoir	383
363	porque yo lloro yo voslo dire	que meleagant le filz du rop bandemagu alla a la court du roy artus pour conquerre la royne genieure sil eust peu	384
364|365	asi es|que fiço tanto vna donçella	Cependant fist tant une damoisele	385
366|367	Que hera hermana de Meliangas|que saco dela prision a lançarote quelo tenia envna torre Meliangas no sabia	qui estoit sa seur quelle gecta lancelot du lac dune tour ou meleagant lauoit mis en prison ie ne scay pour quoy	386
368	porque e	Quant elle leut deliure	387
369	quando el fue libre ella lo tubo en su poder fastaque fue guarido	si le tint auecquez luy tant quil fu guery	388
370|371	ca mucho auia enpeorado dela prision|e des	car moult auoit eu mesaise en la prison	389
372|373	que fue guarido fuese ala corte del Rey Artur|e Mato alla a meliangas segund cuido	Et puis lenuoya a la court du roy artus ou il occist meleagant ce scauons nous ores bien	390
374	que oystes mas tan ayna	mais si tost	391
375|376	como sus parientes lo supieron|que ella auia hechado dela prision a lançarote Dixeron quelo auia fecho	que les parens meleagant sceurent quelle auoit oste lancelot de la prison	392
377	por amor de Meliangas delo matar	si distrent quelle lauoit fait pour occire meleagant	393
378	e tomaronla afuerça	Et la prindrent a force	394
379	e pusieronla en prision	et laccuserent de sa mort	395
380	e dixeron	et distrent	396
381	que si no fallare quien la defender de aquesto	que selle ne trouuoit	397
382	que farian della grand justiçia Como deuen de fazer de muger	qui la dessendist quilz feroient telle iustice de lie	398
383	que asu hermano auia muerto	que len deuroit faire de femme|qui son frere a occis	399|400
384	e ella dixo	Et elle dist quelle trouueroit bien	401
385	que bien fallaria quien la defendiese	qui la defendroit|si a mis iour damener auant ung cheualier pour la deffendre	402|403
		si sest	404
386	e luego pusieronle dia señalado Parase defender	puis pourchacee en plusieurs lieux|mais oncquez ne trouua cheualier	405|406
387	Por cauallero	qui armes en osast prendre encontre celuy|qui lauoit appellee	407|408
388	e ella ymbio a buscar	Ores est tant la chose alee	409
389	por muchos lugares quien le defendiese mas nunca a podido fallar Cauallero	que le iour est termine a huy|si na encor trouue la pucele nul deffendeur	410|411
390	que armas quiera tomar contra aquel Cauallero	Et par ce dient les ungs	412
391	que deste pleito la a Reptado	et les autres quelle est atainte du meffait|que len luy mect sus	413|414
392	e el Plazo se cumple Mañana ental manera	si lont iugee|si mest aduis a ardoir le matin	415|416
393	que si fasta ora de terçia no falla defensor tomaran della	Et pour ce quil men menbroit ores plouroye ie|si fort	417|418
394	luego vengança	car elle estoit une des plus uaillans	419
395	e la vengança sera tal	et des plus courtoises damoiseles du monde De celle mesmes matiere dessus dicte	420
396|397	que la Quemaran|e poresto lloro yo	Or me dictes damoisele fait lancelot	421
398	asi tan fuertemente	et selle trouuoit demain	422
399	porque aquella es vna delas altas donzellas del mundo agora me deçid donçella dixo lançarote	qui la deffendist ne seroit alle pas quicte du iugenent|que lon a fait	423|424
400	si ella fallase tras quien la defendiese seria ella quita del todo señor dixo ella no se	Sire fait elle ie ne scay|et est ce fait il gueres loing quelle est	425|426
401	E es muy lexos de aqui ado ella esta dixo lançarote señor dixo ella no ay mas de aqui alla de seis leguas ynglesas	Sire fait elle il ny a|que six lieues anglesches	427|428
402	e si quisieredes Bien podedes yr alla a ora de Prima Ado la podre fallar dixo lançarote enla floresta de donseglorega dixo la donçella	se uous leuiez demain matin uous y seriez auant prime Ou la pourray ie fait il trouuer ou chastel de fleago fait ella	429
403	e este camino vos lleuara alla	et ce chemin uous y mennra droit se uous le uoulez tennir	430
404	si lo supieredes guardar Pues a dios vos encomiendo dixo el	Oe uous commande ie a dieu damoisele fait il	431
405	e luego se partio el vno del otro	si sem part atant	432
406	e la donçella yua llorando	et elle sen uait faisant son deul	433
407	e la donçella yua agora tanto porsu camyno fastaque salio dela floresta	Et il cheuauche tant|quel uient hors de la fourest	434|435
408	e llego avna casa de Religion	si uoit deuant luy une maison de religion	436
409|410	e el fue alla|por aluergar	et il tourne celle part pour herbrega	437
411	e fallo ala puerta dos frailes	Et quant il y uint|si treuue a la porte quatre des freres	438|439
412	que auian dicho conpletas	qui ia auoient chante complies	440
413	e estauan al ayre	et estoient uenuz au serain	441
414	e ellos fueron contrael porlo ayudar a desçender	si saillent encontre luy pour le descendre	442
415	e dixeron	et dient	443
416	que vien fuese venido	que bien soit il uenu	444
417	e Metieronlo enel monesterio	si le font entrer leans	445
418	e los frailes le dixeron señor auedes	et luy demandent sil a mange|et il dit	446|447
419	oy comido no señores dixo el	que non	448
420	e luego mandaron ellos quele pusiesen la mesa mas lançarote no quiso	Et ilz font erraument mectre la table	449
421|422	luego comer ante dixo|que entraria enla yglesia	Mais il dit quil ne mangera deuant ce	450
423	por fazer oraçion	quel ait este au monstier	451
424	e desque el entro enla yglesia finco los ynojos	Car il ny entra huy|Lors entre en leglise pour orer	452|453
425	e el façiendo oraçion cato asu diestro	Et ainsi quil sen fu agenouille|si regarde a destre	454|455
426	e vio vnos arcos de plata muy Ricamente fechos a flores de oro	et uoit unes prones dargent trop richement faute a flouretes dor	456
427	e a bestias de diuersas maneras	et a oiseaux|et a bestes	457|458
428|429	e ante ellos estauan çinco caualleros armados de todas armas elos yelmos enlas cabezas|e las espadas enlas manos	et dedans auoit cincq cheualiers armez ses heaumes es testes les espees es mains aussi aprestez de deffendre commen se len les uoulsist assaillir	459
430	como si quisiesen defender de algunos quelos quisiesen acometer Desto se marauillo mucho lançarote	De ce se merueille moult lancelot	460
431	e fue alla contraellos	si se drece erranment	461
432	e ellos le dixeron señor bien seades venido	et uait celle part|si salue les cheualiers	462|463
433	e el les rrindio sus saludes	et ilz dient|que bien soit il uenu	464|465
434	e lançarote cato vn poco los arcos	Et il entre parmy ung petit huisset dedans les proues|Et regarde les prones	466|467
435|436	Porque heran muy Ricos|e muy fermosos	qui sont tant riches	468
437	que vien cuidaua	que il ne cuide pas	469
438|439	Que vn Rey No los podia tales façer|e el	que ung roy les peust esliger	470
440	asi Catando vio dentro enlos arcos vna muy Rica tumba qual nunca tal viera el ni ome del mundo	Et puis uoit de la les cheualiers une tombe la plus riche|qui oncquez fust ueue par hom̃e	471|472
441|442	que hera toda de oro fino|e de piedras preçiosas	car elle estoit toute dor fin a pierres precieuses	473
443|444	que estaua toda labrada de diuersas maneras|e de muy muchas cosas de figuras	qui plus ualoient dung grant royaume De la tombe fu de grant beaute riens ne monte la biaute enuers la richece	474
445	e de otras cosas	dont elle estoit	475
446|447	que tal tumba de tal manera nunca viera ni ome del mundo|que la non ouiese visto no podria asmar la fermosura	et auec ce estoit elle sa plus grant	476
448|449	que enella auia de tales cosas|como enella estauan	que lancelot eut oncquez ueue	477
450	e don lançarote se marauillo	si se merueille moult	478
451	e dixo entresi mesmo Quien podria ser el prinçipe	qui puet estre le prince	479
452|453	que enella yaçia|e lançarote pregunto alos caualleros	qui dedans fu mis Il demande es cheualiers quilz font ilecquez	480
454|455	e dixo señores|que estades aqui façiendo señor dixeron los caualleros nos guardamos el cuerpo	Sire font ilz nous gardons le corps	481
456	que yaze enesta tumba quelo no lleuen dende aqui	qui est en ceste tombe quil nen soit porte de ceans	482
457	e nos lo guardamos çinco caualleros de dia	si y sommes u|pour le garder chascun iour	483|484
458	e otros çinco de noche	Et de nuyt en y a autre cincq	485
459	que no façemos y al Auedes miedo dixo Lançarote	qui y font tel seruice comme nous faisons chascun iour	486
460	que voslo lleuen de aqui señor dixeron ellos	Et pour quoy fait elle auez uous paour quil en soit ouste|Sire font ilz	487|488
461	si que vn fraile de aqui	pour ce que ung des freres de ceans	489
462	que mucho es buen ome	qui moult est preudomme	490
463	e de sancta vida nos a dicho	et de sainte uie nous dist na encor gueres	491
464	que vn cauallero vernia aesta tierra	que ung cheualier uiendroit ceste part	492
465	que por fuerça lo lleuaria desta tierra	qui a force sen osteroit|et hors de ce pays len feroit porter deuant nous	493|494
466|467	e las gentes desta tierra querrian antes ser muertos|que el fuese lleuado de entre nos	Et nous de ceste terre aymerions mieulx mourir quil fust remue dentre nous pour ce le gardons nous ainsi comme uous ueez Car le preudomme nous dist	495
468|469	e poreso lo guardamos|asi como vedes	que le cheualier ne demourroit pas quil ne uenist De celle mesmes matiere dessus dicte	496
470	ca el ome bueno nos dixo	Or me dictes fait lancelot	497
471	que no tardaria mucho el buen cauallero	fut il pas moult hault prince a	498
472	Que no viniese alo sacar Agora me deçid dixo lançarote quien fue este tan Rico prinçipe	qui len fist	499
473	que yaze entan rrica sepultura Señor Dixeron ellos Mucho fue alto ome	si riche sepulture|Sire font ilz il fu	500|501
474	e el mas noble	si riche	502
475	Que nunca fue visto ay dios dixo lançarote quien fue señor dixeron ellos	et o tout ce quil fu|si hault homme	503|504
476	si sabedes leer vien podedes saber quien es	il fu le plus preudomme|qui oncquez fust en son temps	505|506
477	el que aqui yaze	haa dieu fait il	507
478	que ala cabezera dela su tumba lo fallaredes escrito	qui fut il|Sire font il se uous cognoissez lectres uous le pourrez tantost sauoir	508|509
479	e lançarote se fue ala cabeça dela tunba	car son nom est escript ou bout de celle lame|Lors uait lancelot celle part	510|511
480	e fallo las letras	si regarde les lectres	512
481	que deçian aqui yaze galeote el fijo dela fermosa Jaiana	qui dient|Cy gist galehot le filz a la geande se sirz des loingtaines ysles	513|514
482	que por amor de lançarote murio	qui mourut pour amour de lancelot	515
483	e quando lançarote ovo las letras leydo cayo amorteçido en tierra	Et quant il uoit ce	516
484	e estubo	si chiet pasme	517
485|486	ansi gran pieça|que no pudo fablar	et gist grant piece a terre sans dire mot	518
487	e los caualleros fueron ael porlo leuantar	Et le cheualier le couru releuer	519
488|489	e mucho se marauillauan|que podia Aquello ser	Si se merueillent moult tous quil puet estre	520
490	e quando lançarote acordo començo a dar vozes	Et quant il reuient de pamesons|si sescrie	521|522
491	e a dezir ay	helas	523
492	que duelo	quel douleur	524
493	e que daño	et quel dommage	525
494	e luego començo a dar del vn puño enel otro	et lors fiert dung ponig en lautre	526
495	e a rrascar el Rostro	et esgratine son uiaire	527
496|497	asi que la sangre le salia|por todas partes	si quil en fait saillir le sang de toutes pars	528
498	e a mesar sus fermosos cabellos	Si se prent es cheueux	529
499	e a darse puñadas grandes enel rrostro	et se fiert grans coups du poing ou front	530
500	e enlos pechos	et ou pis	531
501	e a dar tales vozes	et cris|si fort qͥl ny a celuy	532|533
502	que todos auian piedad del	qui nen ait toute pitie|si se ledenge	534|535
503	e maldeçia el dia	et maudit leure	536
504	en que fuera nasçido	dont il fu ne	537
505	e deçia ay	et dist|haa dieu	538|539
506	que duelo	quel dommage	540
507	e que daño morir el mejor ome del mundo porel mas mal Cauallero	et quelle perte du plus preudomme du monde|qui est mort pour le plus uil cheualier	541|542
508	e mas malauenturado	et pour le plus mauuaiz	543
509	que enel es Mucho fiço lançarote gran llanto	qui onc̃qz fust Tant fait lancelot grant deul	544
510	e daua tales vozes	et grant plour	545
511|512	que todo el mundo lo cataua|e se marauillaua del	que tous ceulx de leans le uiennent regarder a merueille	546
513	e preguntaronle	si luy demandent quil est	547
514	como auia nombre mas el no podia Responder Ante daua vozes	et il ne leur puet mot dire ains crie tousiours	548
515	e gritos todavia	et se debat	549
516|517	e desque el fiço su duelo gran pieça cato las letras otra vez|e quando vio	et quant il a grant piece demene son deul il regarde les lectres	550
518	que deçia	qui dient	551
519	Que Porel hera Muerto dixo	que pour luy est mort galehot|si dist	552|553
520|521	que asaz seria mal auenturado|si porel no muriese	que ores seroit il trop mauuaiz sil ne mouroit aussi pour luy	554
522	e luego se partio dende	Si sault maintenant	555
523	e fuese buscar su espada	et dit quil yra querir sespee|et quil soccira	556|557
524	para se matar conella	car aussi auoit elle este a galehot	558
525	e luego el sabiendo Dela yglesia encontro con vna donzella dela dueña del lago aquella	Et quant il fu sorty du monstier|si encontra une damoisele du lac	559|560
526	que fallo con Boores ante el castillo de ongeforte	celle|qui auoit parle a boort deuant le chastel de hunguefort	561|562
527	e ella lo conoçio	et elle le cognoist bien	563
528	e trauole dela mano	si le prent par le pan de la cote	564
529	e tirolo contrasi	et larreste	565
530	e dixole ado ydes vos	quest ce fait elle ou allez uous ainsi	566
531	asi ay donçella dixo lançarote dexadme mis dolores acabar	Haa damoisele fait il laissez moy finer ma douleur	567
532	que jamas no abre plazer ni folgura eneste mundo fablad conmigo dixo la donçella	car iamais nauroye ioye ne repos en ce siecle|parlez a moy fait elle	568|569
533	e el no le rrespondio palabra antese escapo dela mano	et il ne luy dit mot|ains se lance oultre	570|571
534	e se fue	si quil luy eschape des mains|Et quant elle len uoit aller	572|573
535	e quando la donçella esto vido dixole señor yo vos defiendo porla cosa del mundo	si luy crie|Ie uous deffens fait elle par la riens ou monde	574|575
536	que mas amades	que uous plus amez on monde	576
537	que no vaiades mas adelante fastaque fabledes conmigo	que uous naillez plus auant iucquez a ce|que ayez parle a moy	577|578
538	e lançarote se detubo	Et il se arreste|si la regarde	579|580
539	luego e la cato tanto	Et quant il la congnoist	581
540	que la conoçio	si luy dist	582
541	e dixole donçella vien seades venida Pardios dixo ella vos deuedes fazer mas alegre cara de	que bien soit elle uenue De celle mesmes matiere susdicte En nom dieu fait elle uous me deussez faire plus belle chiere	583
542	Quanto façedes	que uous ne faictes au moins	584
543	Por quanto yo so mensaxera devuestra señora la donçella del lago dixo el non vos pese	pour ce que ie suys message de uostre dame du lac|haa damoisele fait il pour dieu ne uous poise pas	585|586
544	ca no cuidedes	Certes iay tant de douleurs|que nul fors dieu ne men pourroit reconforter; ne ne ciudez pas	587|588
545|546	que jamas aya yo plazer ni alegria|por auentura	que iamais iaye ioye pour auanture	589
547	que me venga Pordios dixo la donçella	qui me peust aduenir|Certes fait elle	590|591
548	si aueredes agora sabed	si aurez|escoutez	592|593
549	que mi señora vos ymbia a deçir	que madame uous mande|Or dictes fait il	594|595
		Elle ueult fait elle	596
550	que vos tiredes el cuerpo de galeote de aqui	que uous ostez le corps galehot de ceans	597
551	e lo fagades lleuar al castillo dela dolorosa guarda	et le faictes porter en ce mesmes fiertre ou il est ou chastel de la doloreuse garde	598
552	e lo fagades meter en aquella tumba mesma ado fallastes su cuerpo escripto	et soit mis ilec en la tombe mesmes ou uous trouuastes uostre nom escript	599
553|554	ca ella lo quiere|ansi Ca el vuestro cuerpo mesmo sera y enterrado conel	et elle le ueult ainsi par ce quelle sceit bien qͥ en ce lieu sera uostre corps enterre	600
555	e quando el esto oyo fue muy alegre	Et quant il louy|si en est moult lie	601|602
556	e dixola	et dit	603
557	que Mucho heran aquellas nuebas plazenteras	que moult sont les nouuelles plaisans	604
558	que asi lo faria Puesque ella lo ymbiaua a mandar	car tout ainsi le fera il|puis demande comment sa dame le fait certes fait elle	605|606
559|560	Por buena fee dixo la donçella vien a ocho dias|Que vuestra señora esta muy triste	elle a este huyt iours trop fort deshaitie	607
561|562	porque ella vido ensus suertes segund|que me ella dixo	Car elle trouua en son sort sicomme elle mesmes me dist	608
563	que asi	que si tost	609
564	como fallasedes la tumba de Galeote	que uous trouueriez la tombe galehot	610
565	que luego vos matariades sino ouiesedes quien vos esforçase	que uous uous occiriez de deul se uous nen estiez destourne	611
566	e quien vos estoruase	Et pour ce menuoya elle ca a grant besoing|Si uous mande	612|613
567	e poresto me ymbio ella aca a gran priesa	que uous lessez ester le deul|car il ne uous puet	614|615
568	e vos manda dexar este duelo	que nuyre	616
569|570	e vos Ruega|por la cosa del mundo	Et uous pry par la riens ou monde	617
571	que mas amades	que uous plus amez	618
572	que vos conortedes lo mejor	que uous uous reconfortez au plus bel	619
573	que pudieredes	que uous pourriez	620
574|575	e que|si lo no fiçieredes	Et se uous ne le faictes ainsi sachez bien quelle uous fauldra au premier affaire	621
576	que ella vos tirara el ayuda	que uous aurez besoing delle|Et il dit quil se reconfortera	622|623
577	que della auedes	puis quelle le ueult	624
578	asi lo fare dixo lançarote puesque aella plaze agora vos conuiene dixo la donçella de armar	Si uous conuient fait elle uoz armes prendre	625
579|580	ca yo se bien|que aquellos caualleros no voslo dexaran llebar en	Car ie scay bien quilz ne le uous laisseront pas porter en paix tant quilz le pourront deffendre	626
581	quanto lo pudieren defender o yo morire dixo lançartoe o yo lo tirare donde esta	Et il dit quilz y mourront auant quil ne louste de leans	627
582	E luego se fue armar	si se uait armer	628
583	e la donçella se fue alos caualleros quela tumba guardauan	Et la damoisele uient tandis es cheualiers|qui gardoient la tombe	629|630
584	e dixoles señores queredes vos defender aquello	si leur dist|Seigneurs fait elle uoulez uous destourner ce qͥl conuient estre a force	631|632
585	Que conuiene a ser afuerça yo lo digo dixo ella Porel cuerpo	Et ilz demandent pour quoy elle le dit|et ie le dy fait elle pour ce corps	633|634
586	que guardades	que uous gardez	635
587	ca sabed	et uous scauez bien quil en sera oste	636
588	que vos sera tomado non sera dixeron ellos en	Non sera font ilz pas	637
589	quanto nos pudieremos Pardios dixo ella	que nous puissons|Certes fait elle	638|639
590	si sera	si sera	640
		et bien sachez	641
591	que aqui es venido quien voslo tolera	que cil est uenu|qui len oustera	642|643
592	e si lo quisieredes contradeçir a todos conuiene morir	et se uous le contredictes uous en morez tous	644
593	e poresto querria quelo dexasedes anteque vos matasen porende ya enquanto nos fueremos vibos dixeron los caualleros No sera de aqui llebado	par ce uauldroit il mieulx|que uous le laississez auant	645|646
594	e bien sepa el cauallero	que uous faire occire|Et ilz dient	647|648
595|596	que porel es venido|que aunque fuese mejor ome	que ia tant qͥlz soient uifs nen sera il porte	649
597	que lançarote quelo no moueria de aqui vn punto agora vere dixo la donçella	Et bien sachez font ilz	650
598	como vos auerna Ellos	que si le cheualier	651
599	asi fablando llego ay lançarote Armado de todas armas	qui est uenu estoit encor plus preu|que nest lancelot	652|653
600	e los caualleros	si ne lemmenera il point|Or uerrons fait elle comment il uous en prendra A ces paroles uient leans lancelot tout arme	654|655
601	que lo vieron preguntaron	et quant les cheualiers le uoyent uenir|si luy demandent quil ueult faire	656|657
602	Que que queria fazer yo quiero dixo el el cuerpo	Ie uueil auoir fait il le corps|qui est leans	658|659
603|604	que alla esta Pordios dixeron ellos vos no lo aueredes|que ante seremos aqui todos muertos	Certes font ilz uous ne laurez pas pour neant nous y mourrons auant tous	660
605|606	que vos|asi lo lleuar a morir vos conuiene Dixo lançarote	que uous lemportez Mourir uous en fault	661
607	pues no vos queredes sofrir	puis qui a moons ne uous en pouez soufrir	662
608	e luego salieron los Caualleros delos arcos	Si sault dedans les prones|et il luy courent sus	663|664
609	do estauan con miedo de ser Muertos	Car arriere le cuident faire flatir pour paour de mourir	665
610	e començaronlo a ferir	si le fierent par la ou ilz le peuent actaindre|et il eut ou poing lespee nue	666|667
611	por do mas mal lo podian fazer	si leur donne grans coups	668
612	e lançarote metio mano ala espada	et pesans	669
613|614	e firio al primero|que fallo	Et fiert le premier quil encontre	670
615	asi duramente	si fort	671
616	que porel yelmo ni Porel almofar no finco quele no metiese la espada porla Cabeça	car pour le heaume ne pour la coiffe de fer ne demeure quil ni luy mecte lespee iucquau test	672
617	e dio conel en tierra	Et il le hurte de soy|si labas a terre	673|674
618	e los otros lo començaron a ferir muy rreçia mente porel escudo	Et lors lassaillent moult ireement tous les autres	675
619|620	e porel yelmo|e porla loriga	Si luy depecent son escu	676
621	asi que selo quebrantaron	et son heaume	677
622	e Ronpieron	et son haubert	678
623	Por muchos lugares mas el no daua cosa	et le blecent en plusieurs lieux|mais il ne luy chault de riens quil luy facent	679|680
624	por aquello quele façian tanto estaua de sañudo	car tant est doulent|qui plus ne puet	681|682
625	e dexo de correr aellos Con gran yra	si leur laisse courre de grant ire	683
626|627	e dauales dela espada tales Golpes|asi quelos façia de	et leur donne de lespee	684
628	si arredrar	si grans coups	685
629	e Lançarote Paro mientes en	que tous les fait guenchir auant luy Lors regarde celuy des quatre	686
630	aquel que mas mal le façia	qui luy faisoit plus de mal a son adius	687
631	que hera muy grande	et il estoit moult grant	688
632	e muy fuerte	et moult fort	689
633	e diole	et lancelot lactaint par le heaume	690
634	asi vn golpe tan grande ençima del yelmo	si grant coup quil en fait saillir le fer|et lespee glace	691|692
635	que el fuego fiço salir del	qui de droit ne fu pas ferue	693
636	e el golpe desçendio al honbro	si luy descend dessoubz la senestre espaule le coup fu grant	694
637	e Como fue dado de gran fuerça	et feru par yre|et bien y parut	695|696
638	asi que porla loriga no finco quele no derribase el braço conla espada en tierra	car lespee coula parmy lespaule au cheualier	697
639	e el cauallero conel gran dolor cayo	si qui le braz a toute lespaule chey dessus le pauement	698
640	luego en tierra amorteçido	et il trebuche a terre	699
641	e los otros desque aquel golpe vieron fueron muy desmayados	et se pasme de langoisse qu il sent|et lor sont moult esmayez les autres troys	700|701
642|643	e fiçieron mal senblante dese defender porlos grandes golpes|que façia	si font moult mauuaiz semblant de deffedre pour le grant coup quilz ont eu	702
644	e porla espada	et pour lespee	703
645	que auia sentido cadavno enlas carnes	que chascun a sentie icquau sanc	704
646	e lançarote no cato mas	Et lancelot	705
647	aquel que derribo ante dio al otro vn tal golpe	qui oncquez ne recroit leur court sus|et en fiert lun amont ou heaume	706|707
648	por çima del yelmo quele fiço dar con anbas manos en tierra	si quil le fait flatir a terre des deux paumes	708
649	e desque los otros esto vieron començaron a foir	Et quant les autres deux uoyent ce	709
650|651	por guaresçer|e lançarote alcanço	si tournent uers luys pour fouir a garison	710
652|653	aquel que yua de tras|e firiolo	Et lancelot actaint le derrain	711
654	asi duramente entre el onbro y el escudo	si le fiert entre lescu|et le braz	712|713
655|656	que tenia enbraçado|que el braço conel escudo le fiço bolar en tierra	si quil luy trenche le poing	714
657|658	e el cauallero fuese fuyendo|ansi llagado	et lescu chiet a terre a cil tourne en fuye	715
659	como estaua	qui se sent mehaigue	716
660	e lançarote fuese enpos el otro	Et lancelot reuient a lautre	717
661	que auia fincado	qui se releuoit	718
662	e firiolo	si le fiert de lespee	719
663	asi enlo alcançado ençima del yelmo	si grant coup quil luy	720
664	que selo fiço volar dela cabeza	fait uoler le heaume en la place	721
665|666	e el cauallero desque vido su cabeça desarmada Con pauor de muerte|que ovo pidio le merçed	Et quant il sent son chief nu	722
667	e dixole ay buen cauallero no me matedes	si me mercy|et dit quil ne loccie pas	723|724
668	que yo fare toda vuestra voluntad tu me juraras dixo lançarote	car il est prest de faire sa uolente|Or te conuent	725|726
669	que llebes el cuerpo demi señor galeote ala dolorosa guarda	donc fiancer|que tu conduyras le corps de monss galehot a la douloreuse garde	727|728
		Et ilecquez le feras garder	729
670	e desque y fueres	tant que ie y uiegne	730
671	si te preguntaren quien te ymbia tu les diras	Et se len te demande|qui te y enuoye	731|732
672	que el cauallero delas armas blancas	tu diras cil|qui eut les armes blanches le iour	733|734
673	que el castillo conquisto te ymbia alla	que le chasteau fut conquis	735
674	e el cauallero selo juro	et il luy fiance	736
675|676	asi façer|e lançarote se fue	que ainsi le fera il	737
677|678	luego parala tumba|e tomo a manos el cobertor Porel Cabo	Lors prent lancelot la lame par le plus gros bout	738
679	que mas hera grueso	si tire de	739
680	asi afuerça porlo leuantar quela sangre le quebro porla cabeça	si grant force qua pou quil ne se derompt tout|si que le sang luy uole par le nes	740|741
681	e porlas narizes quelas açerdas de todo el cuerpo se le estendieron muy fuertemente	et par la bouche|et le corps luy sue dangoesse	742|743
682	asi que por fuerça ovo el cobertor a leuantar maguer Mucho hera pesado Mas nunca el tal duelo ovo	mais pour toute la destrece ne demeure pas quil ne leue la tombe en hault|ne nulle douleur quil eut oncquez	744|745
683|684	como estonçe|e tal Pesar	mais ne fu rien a celle douleur quil eut	746
685|686	quando el vido el cuerpo de Galeote|e estaua armado de todas armas	quant il uu le corps galehot tout ainsi arme comme il estoit	747
687	e tenia su espada cabe	si trouua lespee pres de luy	748
688	si que hera muy buena	qui moult estoit bonne	749
689	e clara	et bele	750
690|691	e sin falta el se ouiera conella muerto|si la donçella	Et sans faille de lespee mesmes se fust il occis se la damoiscle ne luy eust tollue erraument	751
692|693	Que del lago auia venido delas manos no sela tirara|e luego fiço façer lançarote vnas andas	Lors fist lancelot faire une litiere de fust	752
694|695	e cobrir de muy Ricos paños|e poner enellas el cuerpo de Galeote	et la fist couurir des plus riches pales de leans	753
696	e el cauallero Dixo a lançarote señor yo vosloaria	Et quant il leut atournee au plus richement quil peut|le cheualier prisonnier luy dist	754|755
697|698	si vos plugiese|que luego Mouiese de aqui conel cuerpo de galeote	sire fait il se len mouuoit de nuyt ce seroit grant sens	756
699	Porque dixo lançarote	pour quoy fait il	757
700	porque señor dixo el cauallero	par ce	758
701	porque si los caualleros desta tierra lo supieren	que si les cheualiers de ce pays sauoient	759
702	que de aqui lo queredes llebar faran guardar los tres pasos	que len le deust la porter ilz feroient guecter les trepas	760
703	asi que sera detenido en algund lugar	si quil seroit arreste en aucun lieu	761
704	e poresto seria bien	et pour ce uous loueroye ie quil meust maintenant|car il sera bien esloigne auant quil soit iour de uingt lieues anglesches	762|763
705	que nos alongasemos de aqui esta noche vnas diez leguas bien acordades Dixo lançarote	Et il	764
706	e luego fiço poner las andas sobre dos palafrenes muy andadores	si accorde bien|si mect la litierie sur deux palefroys amblans	765|766
707	e lleuarlo	et emportent ainsi galehot hors de la religion|si en font les freres grant deul	767|768
708	asi Mas mucho ouieron gran pesar los frailes	et sont moult corroucez|et doulans de ce	769|770
709	quando asi lo vieron lleuar	qui len lemporte	771
710	e lançarote fue gran pieça llorando conel cuerpo de Galeote	Et lancelot li conuoye grant piece de nuyt plourant|et plaignant	772|773
711	e diçiendo sus proezas	et regretant sa prouesce	774
712	e su valor	et sa ualeur	775
713	e si no fuese porla donçella	et se ne fust la damoisele	776
714	que del lago auia venido Mucho fiziera mayor duelo mas ella selo estoruaua	qui auec luy estoit|moult en eust plus fait quelle ne fist	777|778
715	e anteque lançarote del cuerpo se tornase Dixo al cauallero yo vos defiendo	mais elle len destourna	779
716|717	Que el Cuerpo demi señor galeote no fagades enterrar fastaque yo mesmo alla vaya|e el Cauallero dixo	et il deffendy au cheualier quil ne le fist mectre en terre uicquez a ce	780
718	que asi lo faria	que luy mesmes y fust	781
719	entonçe se partio dellos lançarote	Si se part atant lun de lautre	782
720	e tornose al abadia mas en toda aquella noche no quiso comer ni veuer	et lancelot retourne a labaye|si si couche ne oncquez la nuit ne uoult boyre ne manger pour chose quon luy dist ains pleura	783|784
721|722	por cosa|que le dixesen	et dolousa	785
723|724	e non fazia sino llorar|e mucho se quexaua	si luy ennuyoit moult le iour	786
725	Porque tanto aquella noche le duraba	qui tant demouroit a uenir|Au matin	787|788
726	e luego	si tost	789
727|728	Que el dia aparesçio lançarote se leuanto|e la donzella otrosi	que le iour apparu se leua lancelot	790
729	e fueron a oyr misa	et ouy misse luy	791
730|731	e desque la misa fue aCabada Armose|e despidiose del fraile	et la damoisele	792
732|733	e entro ensu camino conla donzella|e ellos	et puis sarma	793
734	asi yendo la donçella le conto nuebas de boores	et lors luy dist elle les nouueles de boort	794
735|736	e de|como le contesçiera enel castillo de ongeforte	et ce quelle en auoit ueu deuant hunguefort	795
737	e el fue dello muy alegre	et il en fut moult lie	796
738	e ella le dixo sabed señor	si luy dist	797
739|740	que vos a buscado|e nunca jamas quedara fastaque vos falle Ay donçella dixo lançarote	Sire il uous uait querant ne iamais ne finera iucqua ce quil uous ait trouue	798
741	si vos lo cuidades fallar yo vos querria rrogar	Haa damoistle fait il se uous le cuidiez trouuer auant moy ie uous uoudroye prier	799
742	que fiziesedes tanto pormi quele llebasedes esta espada	que uous feissez tant pour amour de moy|que uous luy portassee ceste espee	800|801
743	que fue demi señor galeote	qui fu a messire galehot	802
744	e dezilde quela traiga pormi amor	et luy dices quil la porte de par moy	803
745	ca mucho es buena	car moult est bonne	804
746	e fermosa yo lo fare dixo la donçella de grado	Et elle dit quelle le trouuera tantost|et que bien fera ce message	805|806
747	Luego se partio el vno del otro	si se part atant de luy	807
748	e lançarote se fue contra el castillo de florenga	et il sen ua tout droit|uers le chastel de fleogo	808|809
749|750	e andubo tanto|que llego alla ante de prima	si y uint a heure de prime	810
751	e vio ante la villa gran jente alrrededor de vn fuego	et il regarde es prez dehors la uille|si uoit moult grant gent entour ung feu	811|812
752|753	e en aquel fuego auian de quemar ala hermanade meliangas|e lançarote	Et quant il aparceut le feu	813
754|755	que aquello vido dio delas espuelas al cauallo|e llego alla	si a paour de la damoisele	814
756|757	ca bien cuidaua|que ya quemauan la donçella	qui ia estoit amenee au feu pour destruire	815
758	e quando el y llego vio la donçella estar ante el fuego envna muy pobre camisa	si estoit en sa pure chemise	816
759	e tenianla seis billanos tres dela vna parte	et la tenoient six pautonniers dune part	817
760	e tres dela otra	et troys dautre	818
761	e no esperauan al sino el mandamiento delos juezes parala hechar enel fuego	si nactendoient a la gecter ou feu fors le commandement des uiges	819
762	e la donzella lloraua muy fuertemente	Et elle plouroit merueilleusement	820
763	e llamaua a lançarote	et regretoit lancelot	821
764	e deçia ay mi buen cauallero	Haa lancelot gentilz cheualier De celle mesmes matiere	822
765	e pluguiese agora anuestro señor	que pleust ores a nostre seigneͬ	823
766	que supiesedes estas nuebas	que uous sceussez ceste nouuelle	824
767	e estubiesedes çerca de aqui media legua	et que feussez a demye lieue pres de cy	825
768	e conla ayuda de dios	et certes a maide de dieu	826
769|770	e conla vuestra seria yo aCorrida|e librada	et de la uostre seroye ie encor ennnuyt rescousse malgre tous mes ennemys	827
771	e mas vos no lo sabedes	et si ne li scauez pas	828
772	e asi me conuerna a morir mas no me pesa tanto pormi	si me conuiendra ores mourir pour la uie	829
773	como porel pesar	que ie uous sauuay	830
774	que vos abredes	mais certes il ne men poist pas tant pour moy comme il fait pour le corroux	831
775	Quando lo supieredes Mas esto me conorta mucho	Mais ce me reconforte moult|car ie scay bien	832|833
776	que yo se quelas donçellas ganaran mucho enla my muerte	que les damoiseles|qui queront tant en ma mort	834|835
777	que jamas donzella no vos rrequirira de ayuda	que iamais nulle ne uous requerra daide|a	836|837
778|779	que le vos non fagades tanto|que vos acuerde demi	qui uous faillez tant quil uous rememberra de moy	838
780	ca vos sodes tan noble	Car uostre cuer est	839
781|782	e tan franco|que siempre dareis buen galardon a todos aquel	si franc quil ne puet estre sans trop grant merite rendre a toutes celles	840
783	los que demi se lamentaren	qui de par moy uous reclament	841
784	e mucho me sera buena al alma esta muerte	Si mest adius quil est moult mieulx a ma uie de mourir pour	842
785	que Resçibire	si hault affaire	843
786	porque saque de prision atan noble ome Como vos	et pour gecter de prison|si uaillant homme comme uous estes	844|845
787	que vos fuerades muerto porla deslealtad de meliangas	que uous feussez mort par la desleaute de meleagan	846
788|789	que en prision vos tenia|por su gran traiçion	qui en prison uous auoit mis par traison	847
790	e esto deçia la donçella llorando muy dolorosamente	Ainsi disoit la damoisele moult tendement plourant	848
791|792	e lançarote vino|luego aquella parte	Et lors uint lancelot poiguant celle part ou il la uit	849
793|794	do la donçella tenian|e dixo aquel	si dist a ceulx	850
795	los que la tenian dexadla donçella	qui la tiennent laissez la damoisele par courtoisie	851
796	Porque señor dixo vn cauallero	Et ung cheualier arme sault auant	852
797	que delante salio la dexaran ellos	et dist	853
798	Porque dixo lançarote	pour quoy la lairrons nous	854
799|800	Porque no auedes derecho|Porque la matar	par ce fait il queͥ uous nauez droit de la faire mourir	855
801	si auemos dixo el muy grande	Si auons fait il	856
802	ca ella fue acusada de muerte	car ie lay actainte dung meurtre|dont ie lapellay	857|858
803	e ella se ofreçio a defender porvn cauallero mas nunca fallo cauallero	et elle sen offry deffendre|mais elle ne trouua oncquez	859|860
804	que porella quisiese tomar escudo	qui pour lie en prist escu	861
805	e no es marauilla	et ce nest pas de merueilles	862
806|807	ca cadavno sabe su deslealtad|e que es Esta deslealtad dixo lançarote	car chascun sceit bien quelle en a desloyaument ouure de quoy fait lancelot	863
808|809	Que es dixo el Cauallero|que solto De Prision a lançarote Para matar a meliangas su hermano	De ce fait il quelle deliura lancelot pour occire meleagant son frere	864
810	si vos dixo lançarote osaredes mostrar	Se uous ousiez monstrer fait lancelot quelle ait fait traison ne murmure|ie suys prest du deffendre	865|866
811	que hizo deslealtad o traiçion enlo soltar yo so presto dela defender Quien sodes vos dixo el cauallero vn cauallero dixo Lançarote so	Oui estes uous fait il|Ie suys ung cheualier fait il	867|868
812	que vengo aqui poresta donçella defender	qui uiens ceste part pour deffendre ceste damoisele	869
813	Por buena fee dixo el cauallero	par foy sire fait il	870
814	si yo quisiere no me conbatiria mas sobre esta rrazon	il ne men conuiendroit ia combatre|si ie uouloye	871|872
815	que ayer se cumplio el plazo enque ella se auia de defender mas yo se	Car ia pieca en est elle ataincte|puis quelle na peu trouuer	873|874
816	que no fallo quien la defendiese mas yo se	qui la deffende|mais ie sens ma querele a	875|876
817|818	que ella es|asi enesto desleal	si loyal	877
819	que no a cauallero enel mundo conquien no me osare conbatir sobre esta Razon	et si droiturier quil ny a cheualier ou monde uers	878
820	ansi me esfuerço enmi gran derecho enel nombre de dios dixo lançarote agora paresçera	qui ie ne losasse bien prouuer au grant droit|que ie y ay	879|880
821	que yo so presto dela defender de verdad dixo el cauallero porla mi caueza vos moriredes porende	Certes fait lancelot ores y parra|car ie suys prest de la defendre uers uous uoire fait il	881|882
822	como traidor	par mon chef uous en mourres comme traistre	883
823|824	e desleal|e luego tiraron la donçella del fuego	et desleal Lors tirent la damoisile au dessus du feu	884
825	e los caualleros se dexaron correr el vno contrael otro	et les cheualiers se esloiguent	885
826	quanto los cauallos los pudieron lleuar	si tost|que les cheuaux peuent courre	886|887
827	e firieronse delas lanças tan fieramente	et sentrefierent des glayues	888
828	asi que las lanças fiçieron bolar en pieças	si fort quilz les font uoler en pieces	889
829	e toparon envno delos cuerpos	puis sentrehurtent des corps	890
830	e delos yelmos	et des uisages	891
831	que el caballero no se pudo tener enla silla ante cayo del caballo en tierra	si quil ny a celuy	892
832|833	e al caer ouierasele el pesqueço de quebrar|ca dio de cabeça del yelmo en tierra	qui ne soit tout estourdy	893
834|835	e quando lançarote torno desçendio|ca el lo no queria acometer de Cauallo	et estonne	894
836|837	porque el estaua de pie|e metio mano al espada	mais le cheualier est	895
838|839	e fuese parael|que ya hera leuantado	si estonne qu il ne puet tenir en sele	896
840	e diole tal golpe ençima del yelmo quele fiço dar de manos en tierra		
841|842	e el|que se yua	ains uole ius du cheual	897
843	por leuantar diole otro golpe dela espada		
844	que dio		
845|846	luego conel atordido en tierra|e tomolo Porel yelmo	et au choir fery li quint du heaume en terre	898
847	e tiro tan Reçiamente		
848	que selo arranco dela cabeza	si qua pou quil na le coul froisse	899
849	E el finco muy estordido	Et quant lancelot a fait son tour	900
850	e sin fuelgo	si descent	901
851	e asi auia perdido la fuerça del cuerpo		
852|853	Que se no podia rreboluer|e lançarote tomolo porlos braços	car honte luy seroit de requerre a cheual celuy	902
		qui est a pie	903
		si trait lespee	904
		et court sus a celuy	905
		qui ia se releuoit	906
854	e dio conel enel fuego	si luy donne|si grant cop par my le heaume quil le fait flatir des paumes	907|908
		et des genoux a terre	909
		puis recueuure ung autre cop	910
855	e dexolo ay morir ental manera	et le fiert|si quil le fait tout choir	911|912
		Et lors le prent par le heaume	913
856	e luego vinieron a lançarote los quela guardauan	et le trayne iucquau feu|si le gecte dedans	914|915
857	e dixeronle señor asaz auedes fecho	Et il estoit|si estourdy	916|917
		et tant auoit perdu la force du corps quil ne se peut releuer	918
858	e	si luy conuint demourer ou feu|et mourir en telle maniere	919|920
859	los que tenian la donçella traxeronsela delante	et lors uiennent auant ceulx|qui le champ gardoient	921|922
860	e el fizo la vestir	si dient a lancelot quil en a assez fait|et luy rendent la damoisele saine	923|924
861	e dixole donçella	et haitie|et il la fait uestir	925|926
862	que queredes mas	puis luy demande quelle ueult quil luy face	927
863	que faga señor dixo ella	mais Sire fait elle	928
864	que vaiades con migo fasta mi castillo Donçella muy de Grado dixo lançarote	que uous memmenez en mon chastel|et il luy dit	929|930
865	e luego se fueron parael castillo	que uoulentiers|si la fait monter	931|932
866	e aquel castillo auia nombre galeforte	et la conduit iucquau chastel ou elle lauoit garde maint iout De celle mesmes matiere dessusdicte|Le chasteau auoit nom galefort	933|934
867	e estaua ençima devna pequeña Ribera	et seoit sur une petite riuiere	935
868	e estaua bien asentado de todas partes	si estoit moult aise de toutes choses	936
869	e fuerte amarauilla	et fort a merueilles	937
870	e quando lançarote y llego no cale demandar	Et quant lancelot uint la il ne fait pas a demander	938
871	si conel fizieron gran alegria	si len luy fait ioye	939
872	ca los del castillo sabian muy bien	car ceulx du chastel scauoient bien	940
873	como su señora hera ya librada Porvn cauallero	que leur dame estoit deliuree par ung cheualier	941
874	que auia venido	qui uenoit o lie	942
875	e quando los del castillo los vieron venir a lançarote	Et quant ilz le uirent	943
876	ansi lo Reçiuieron con gran alegria	si le receurent a	944
877	como si la madre de dios Mesma fuese	si grant ioye comme se ce fust dieu	945
878|879	e fincaban los ynojos|por do el venia	et sagenoillent tous deuant luy	946
880	e deçian todos avna voz bien venga el buen cauallero sobre todos los omes del mundo	et crient a une uoix tous ensemble Sire sur tous ceulx du monde|soyez uous le bien uenu	947|948
881|882	Que nuestro duelo torno en alegria A tal Plazer y a tal alegria fue lançarote rrescebido enel castillo|como vos digo	qui nostre grant deul auez toͬne en grant ioye telle feste ont leans receu lancelot	949
883	e desque la donçella desçendio antesu gran palaçio	Et quant il eut descendu la damoisele deuant son maistre palays	950
884	luego se quiso yr don lançarote	si sen uoult maintenant aller	951
885	que aun no hera mas de terçia mas ella lo tomo porel freno	car il nestoit pas encor plus de tierce|mais elle le print au fraing	952|953
886|887	e lo fiço decender a fina fuerça|e dixole	et le fist descendre a fine force	954
888|889	Por sancta cruz don cauallero vos no me escaparedes|ansi e	et luy dist par saincte croix sire cheualier uous ne meschaperez pas ainsi	955
890	luego lo mando desarmar	Lors le commande a desamer	956
891	e los escuderos	et uarletz saillent pour faire son commandement	957
892	que y estauan fizieron	Et tantost quil a oste son heaume elle le cognoist	958
893	luego su mandado	si luy coure les braz tenduz	959
894	e luego quele tiraron el yelmo la donzella corrio ael	et le uoult baiser en la bouche|et il guenchist	960|961
895	e echole los braços al cuello	et elle luy baille la face|et le coul	962|963
896	e enla faz	et le menton	964
897	e començo a llorar con piedad	puis quautre chose nen puet auoir|si pleure de pitie	965|966
898|899	e dixo ay señor|quanto vos deseaua ver anteque muriese	et luy dist haa gentil cheualier tant uous auoye desire a ueoir auant	967
900	e como vos a ydo despues	que ie mourusse|mais comment lauez uous puys fait	968|969
901	que vos vi muy bien dixo lançarote merçed a dios señor dixo la donçella	et il luy dist|bien dieu merey	970|971
902|903	como vos auino de venir|asi contraesta parte	et comment estes uous uenu ceste part	972
904|905	que aun tan poco|a que vos partistes demi	qui auant hier uous en partistes	973
906|907	por buena fee dixo lançarote|Por buena auentura	Par foy fait il une grande achoison me y amena	974
908	que me auino		
909|910	e luego le Conto|como vn cauallero le Recto de traiçion enla corte del Rey artur Porla muerte de meliangas	si luy compte comment ung cheualier unes armes uermeilles lauoit appelle de traison a la court du roy artus pour amour de meleagant	975
911	e heme a defender enla corte del Rey bandemagus ay señor dixo ella yo se quien es cauallero	si luy en conuient deffendre en la court du roy bandemagu|Haa sire fait elle ie scay bien quil est	976|977
912	Ca es argodras el Rubio hermano del cauallero	cest arqodras le roux|et le cheualier	978|979
913	que agora matastes mas señor no se	que uous auez huy occis|et ars estoit son frere	980|981
914	que vos faga	si ne scay|que uous puissez faire	982|983
915|916	ca e miedo|que si mi padre sabe	car se mon pere sceit de uray	984
917	como matastes a meliangas	que uous auez occis meleagant iay paour quil uous face occire pour le grant deul quil aura des nouuelles|Comment fait lancelot ne le sceit il encores pas	985|986
918	que vos faga matar porel gran pesar	Si maist dieu fait elle nennil|si a este meleagant apporte en ce pays plus de	987|988
919	que abra destas nuebas	xx|iours a	989|990
920	como dixo lançarote no lo sabe	et est ou chastel des quatre pierres	991
921	ansi me ayude dios dixo ella no maguer	et le gardent ilec	992
922	que a quinze dias	si celeement	993
923	que an traido aesta tierra el cuerpo de meliangas mas tienenlo enel castillo delas quatro piedras muy encubiertamente quelo no sepa su Padre	que le roy nen scait ores riens	994
924	e ansi vos conuiene de vos encubrir muy sabiamente mas	Si uous conuiendra esploicter au plus sagement|que uous pourrez	995|996
925	quando es el dia	mais quant est le iour	997
926	que vos auedes de defender el dia dela magdalena dixo lançarote	que uous uous en deuez deffendre	998
927	si dios me ayude dixo la donçella yo he gran miedo	et il luy dit	999
928	que vos el faga matar algodras	que cest le iour de la magdalene|Or uous en conseille dieu fait elle	1000|1001
929	por Alguna traiçion deso dixo lançarote no ayais Miedo	car iay grant doubte|que argodras uous face ennuy par traison	1002|1003
930	e el faga todo su poder	De ce fait il face tout son pouoir	1004
931|932	Ca yo me guardare deGuisa|Que no aya del pabor Conel ayuda de dios	car ie nen auray ia paour ne doute	1005
933	Asi fablaron toda aquella noche de muchas cosas	Assez parlerent celle nuyt de maintes chosss	1006
934|935	e Mucho façian gran alegria los del castillo|porque asi auian cobrado a su señora	et moult firent ceulx du chastel grant ioye de leur dame quilz cuidoient auoir perdue	1007
936	Que ayudauan ental manera Perder	et ores lont saine|et haitie	1008|1009
937	e enla mañana en	Et au matin|si tost	1010|1011
938	quanto el dia aparesçio claro se leuanto lançarote	que le iour esclarsit se leua lancelot	1012
939	e se partio dela donçella	si se party de la damoisele	1013
940|941	e des|que fue armado	quant il fu arme	1014
942	e la acomendo a dios Señor dixo la donçella yo vos Ruego	et elle le commanda moult a dieu|et le pria quil sen reuenist par lie	1015|1016
943|944	Que al tornar vengades|Por aqui de Grado dixo lançarote	et il dist	1017
945	si pudiere	qui si feroit il sil pouoit	1018
946	e luego se metio enel camino	si se mect en son chemin	1019
947	e andubo todo aquel dia porvna rribera ayuso fasta visperas	et erre toute iour iucquau uespre|Et lors aprouche dune riuiere	1020|1021
		que len appelloit aglunde	1022
948	e el agua hera fonda y negra	si estoit leaue moult parfonde|et moult noire	1023|1024
949	e desque fue çerca del agua vio tres tiendas çerca dela rribera	et quant il uint pres de leans|si uit pres de la riue troys paueillons tenduz	1025|1026
950	e la vna hera muy grande	si y en auoit ung grant	1027
951	e muy fermosa	et beau	1028
952|953	e las dos heran mas pequeñas|e luego	et les autres deux estoient moyens	1029
954	que ay llego lançarote vio salir dela mayor tienda vn cauallero desarmado quele dixo señor vien vengades	Et lors issy du plus grant des paueillons ung cheualier tout desarme|qui luy dist	1030|1031
955	e lançarote le torno sus saludes buen señor dixo el cauallero dela tienda vosme semejades Cauallero andante	que bien soit il uenu	1032
956	e porque ya fue tiempo	et il luy rend son salu	1033
957	que yo mesmo fui cauallero andante Ruego vos	haa sire fait il uous me semblez cheualiers errans	1034
958	que esta noche aluerguedes Conmigo	et iayme tous ceulx	1035
959|960	Ca si de aqui partides non fallaredes sino floresta muy yerma|e saluaje	qui en tel mestier leur uie usaent	1036
961	que no fallaredes	Car ie mesmes suys cheualier errant	1037
962|963	do aluergar esta noche|e poresto vosloaria	et pour ce uous uoudroye ie prier	1038
964	Que finquedes aqui esta noche	que uous herbregez	1039
965|966	e abredes muy buena Posada a toda vuestra voluntad buen señor dixo Lançarote yo fincare|pues vos plaz Porvuestro Amor Pues dezides	mais huy auec moy	1040
967|968	Que fuistes cauallero Andante|e luego salieron delas tiendas escuderos Quelo desarmaron	car se uous passez plus auant uous ne trouuerez	1041
969|970	e desque fue desarmado Truxeronle vn manto de xamete|para cubrir Porla calor	mais huy	1042
971	que façia grande	que fourests	1043
972	e entonçe se entraron el cauallero	si sauuages	1044
973|974	e lançarote enla tienda|e asentaronse	que uous y porez tost desuoyer	1045
975|976	e començaron a fablar envno|e el cauallero le pregunto	et il est bien temps de herbreger comme uous uoyez par ce uous loue ie	1046
977	e dixo señor	que uous demourez|et uous aurez houstel bel	1047|1048
978|979	que auentura os lleba|asi solo	et bon tout a uostre uouloir	1049
980	e lançarote le conto toda su façienda enpero todavia le dixo	Beau sire fait lancelot|puis quil uous plaist ie demourray	1050|1051
		et pour uostre priere	1052
		et aussi par ce	1053
981	que yua ala corte del Rey bandemagus aque dixo el cauallero ame defender devn cauallero dixo lançarote	que uous dictes|que uous estes cheualier errant Lors descent	1054|1055
		et uarletz saillent des autres paurillons	1056
982	que me Recto de traiçion	si le desarment|et luy apportent ung legier mantel de samit a affubler pour le chaut	1057|1058
983	e ellos	qui estoit grant|si le mainent ou grant paueillon luy	1059|1060
984	asi fablando entro vn escudero	et le cheualier|lors parlent ensembles ce sentracointent	1061|1062
985	e puso la mesa	et demandent lun	1063
986	e asentose el cauallero a comer	et lautre de son estre|Si enquiert le cheualier a lancelot	1064|1065
987	e lançarote	dont il uient|et ou il uait	1066|1067
		et quelle auanture le mainne seul	1068
988	e vna donzella muy fermosa	et il luy en compte une partie|et luy en cele l autre	1069|1070
989	que hera amiga del cauallero mas la donçella en	Et touteuoyes dist il qu en la court du roy bandemagu uoudroit il estre pour soy deffendre uers ung cheualier|qui la apelle de traison Ainsi quilz parloient mistrent les escuiers la table	1071|1072
990	quanto vido a lançarote	si uont lauer|puis sassiet lancelot	1073|1074
991	ansi lo cataua	et le cheualier	1075
992	que no se hartaua delo ver enque lo via tan fermoso	et une damoisele|qui moult estoit belle	1076|1077
993	e no cuidaua	et estoit amyx au seigneur de leaus	1078
994	que tan fermoso ome pudiese auer enel mundo	si mangerent tous troys ensemble	1079
995	e asi lo estaua catando	Mais celle	1080
996	que no podia comer	qui regarde lancelot ne se puet saouler de le ueoir|Car tant luy sembla beau	1081|1082
997	que auia el escudero tirado el primero manjar dela mesa	que oncquez ne pasa beaute domme enuers ceste	1083
998	e ella no auia metido vocado enla voca	si le regarda	1084
999	e la donçella	si auiseement	1085
1000	asi lo catando començo a pensar tan fieramente	que tout en laisse le manger|si ont les escuiers ouste le premier mies de dessus la table	1086|1087
1001	que no hera sino marauilla	que oncques la damoisele nen tasta	1088
1002	e ella	ains peust tousiours	1089
1003|1004	ansi pensando cayo vn amor ensu corazon quelo començo|ansi a amar a lançarote	et ce penser luy descent ou cuer tant quelle arme lancelot plus	1090
1005	que mas muger podia a ome amar	que femme nama iamais home	1091
1006	e deçia entresi mesma	si luy est bien aduis	1092
1007	que si la el quisiese amar	que selle lamoit elle seroit bieneuree	1093
1008|1009	que se ternia porla mas bien auenturada muger del mundo mas de|como ella amo muy afincadamente a lançarote	Mais cy cy endroit pour deuiser une auanture	1094
1010|1011	e delas cosas|que su amigo fiço	qui leur aduint ou paueillon endroit nen parle plus le comte	1095
1012|1013	quando sopo|que ella tan desmesuradamjente lo amaua	car apres le uous deuisera bien comment elle lama merueilleusement	1096
1014|1015	e de|como ella murio	et comment elle le pria	1097
1016	quando supo	et la merueille	1098
1017	que lançarote no la queria amar todo lo dexa aqui el Cuento de contar	que son amy en fist|quant il scet quelle lamoit	1099|1100
1018|1019	Por contar vna auentura|que les auino enla tienda	et comment cy endroit pour deuiser une aunture	1101
1020|1021	do estauan comiendo Dize el cuento|que ellos estando comiendo	qui leur aduint ou paueillon elle mourut par ce quil la refusa	1102
1022|1023	asi como vos digo he aqui|por do viene	Tout ce uous trepassera le conte Cy dit listoire	1103
1024	por antela tienda vn cauallero convnas armas vermejas con gran conpaña de caualleros	qui quant ilz eurent le segond mes ung cheualier arme dunes armes uermeilles uint courant deuant le paueillen o grant compaignie de cheualiers	1104
1025	e el Cauallero delas armas vermejas	Et cil es armes uermeilles	1105
1026	que delante venia entro enla tienda	qui uenoit deuant entre ou paueillon	1106
1027	e vio vn escudero	et uoit ung escuier	1107
1028	que seruia antela mesa	qui seruoit a la table	1108
1029	e el cauallero enque lo vido fue contra el	qui estoit frere au cheualier de leans|si court maintenant celle part	1109|1110
1030	e tomolo porlos braços	et le prent par les espaules	1111
1031	e pusolo antesi sobre el cuello del cauallo	et le lieue deuant luy sur larcon de la sele	1112
1032	e salio conel dela tienda	si sen tourne atant	1113
1033	e el cauallero quelo vio	Et quant cil du paueillon uoit ce	1114
1034	ansi lleuar començo a dar vozes a lançarote ay señor muerto so	si crie a lancelot|Haa beau sire ie suys mort sil emporte ainsi mon frere Car il loccira sil nest secouru	1115|1116
1035	si asi me lleba a aquel escudero mi hermano	si uous pry pour dieu|que uous mectez	1117|1118
1036	Ca lo matara	et ung escuier uient a luy	1119
1037	si lo no acorredes	si luy dist|Certes fait il	1120|1121
1038	e porende vos Ruego	uoz armes	1122
1039	por dios	et demourra	1123
1040	que me ayudedes alo cobrar	que ie ne les suyue|Lors uient hors du paueillon	1124|1125
1041	e lançarote salio	et les peine a le rauoir	1126
1042	luego dela mesa	et lancelot sault de la table	1127
1043	e pidio sus armas a vn su escudero	et demande ses armes uostre cheual emmainent ilz	1128
1044	Que y estaua le dixo señor	uoire fait il	1129
1045|1046	Por buena fee el cauallero vos a hecho llebar vuestras armas|e vuestro cauallo pormi cabeza dixo lançarote ni	Par mon chief pour ce ne cheualiers o luy	1130
1047	por eso non fincara quelo non siga	et il regarde ceulx|qui sen uont	1131|1132
1048	e luego salio lançarote dela tienda	qui auoient ia passe leaue par ung pont de fust	1133
1049	e el cauallero conel	Et lancelot demande au cheualier sil demourra	1134
1050|1051	e vieron yr los caualleros pasando el agua Porvna puente de madero señor dixo lançarote al cauallero fincad vos aqui no fare dixo el mas antes yre con vos|fasta que falledes quien vos de armas	sire fait il nennil	1135
1052	e cauallo enque sigades el cauallero	ains uous feray compaignie|tant que nous ayons trouue	1136|1137
1053	Luego se començaron de yr	qui nous preste armes	1138
1054	e andubieron tanto fastaque llegaron ala puente de madera	Lors acceillent leur uoye tout a pie|et uiennent au pont	1139|1140
1055	e pasaronla	si passerent oultre	1141
1056|1057	e fueronse contravn otero|Por do los caualleros se yuan	et sadrecent au chemin par ou les cheualiers sen uont	1142
1058	e lançarote	si nont gueres alle	1143
1059	e el cauallero fueron tanto enpos ellos fastaque encontraron vn cauallero armado devnas armas negras	que ilz encontrent ung cheualier arme dunes armes noires	1144
1060	que venia ala puente porvn sendero pequeño altrabes	qui uenoit au pont par ung chemin de trauers	1145
1061	e quando el vio a lançarote	et quant il uoit lancelot	1146
1062|1063	luego lo conoçio|e estovo quedo fastaque llego	si se arreste par ce	1147
1064	e dixole señor	que bien le cognoissoit	1148
1065|1066	do ydes|asi de pie	si luy demande ou il ua ainsi a pie	1149
1067	e desarmado	et tout desarme	1150
1068	e quien sodes vos dixo lançarote yo so dixo el vn cauallero destraña tierra	Qui estes uous fait lancelot sur cheualier|qui me denandez ou ie uoys	1151|1152
1069	que mucho me marauillo	Ie suys fait il ung cheualier estrange|mais moult me merueille de ce	1153|1154
1070	porque vos veo yr	que ie uous uoy ainsi aller	1155
1071|1072	asi e apie|e lançarote lo conoçio	et lancelot luy comte comment il estoit herberge	1156
1073	e començole a contar	et comment ung cheualier uint leans	1157
1074	como el cauallero lo aluergara	qui print a force ung uarlet|et le mist sur le coul de son cheual	1158|1159
1075	e como el otro les llebo el escudero	et encor ma il plus meffait	1160
1076	que ala mesa seruia afuerça ençima del cauallo	Car ceulx	1161
1077	e como le fiço llebar sus armas	qui uindrent auec luy emporterent mes armes|et emmenerent mon cheual	1162|1163
1078	Que galardon me daredes dixo el cauallero	Quel guerdon pourroye ie actendre de uous	1164
1079	si vos diese mis armas	si ie pour uous me desarmoye|et uous balloye mes armes	1165|1166
1080	e mi cauallo porçierto dixo lançarote tal qual vos supieredes deuisar	et mon cheual|Certes fait lancelot tel comme uous deuiseriez Se uous me creancez	1167|1168
1081	si vos me juraredes dixo el Cauallero		
1082	que enel primer lugar	que ou premier lieu	1169
1083	que vos fallare armado	que ie uous trouueray arme par ainsi	1170
1084	e yo fuere desarmado me dedes vuestras armas yo vos dare estas mis armas	que ie soye desarme|que uous me baillerez uoz armes ie uous bailleray les moyes	1171|1172
1085	e mi cauallo Muy de grado dixo lançarote ental	Certes fait lancelot|si feray ie	1173|1174
1086	que me non falledes conuatiendo	mais que uous ne me trouuez combatant	1175
1087|1088	e luego selo juro|entonçe desçendio el cauallero desu cauallo	Et il descent	1176
1089	e desarmose	si se desarme	1177
1090|1091	e dio todas sus armas|e su Cauallo a Lançarote	et baille a lancelot tout son harnoys	1178
1092	e Lançarote se armo	et il sappareille	1179
1093	e subio enel cauallo	et monte a cheual	1180
1094	e dixo asu huesped	puis dist a son hoste quil sen retourne|mais il dit	1181|1182
1095	que se tornase No fare dixo el huesped	que non fera	1183
1096	si faredes dixo lançarote	si ferez fait lancelot	1184
1097	que yo conoçere vien el cauallero enlas armas	car ie cognoistray bien les armes de ceulx	1185
1098	que lleba en qualquier lugar	que ie uoys querant en quelque lieu	1186
1099	que el vaya yo me tornare dixo el huesped	que ie les trouue|Et il dit quil retournera	1187|1188
1100|1101	pues vos plaz|E luego se torno	puis quil le ueult	1189
1102	e llebo consigo el cauallero quelas armas auia dado a lançarote	si sen ua|et emmaine auec luy le cheualier	1190|1191
1103	que yua muy alegre de aquel	qui est moult lie de ce	1192
1104	lo que lançarote le auia prometido	que lancelot luy doit ung|guerdon	1193|1194
1105|1106	e lançarote se fue porel camino enpos el cauallero|e andubo tanto	Et lancelot preut son chemin apres ceulx quil suyt tant quil est uenu ou tertre en hault	1195
1107	fasta que paso porel otero		
1108|1109	e llego avna floresta|que llamauan la floresta delos tres pilares	Et lors uoit deuant luy la fourest quon appelle la fourest des troys perilz	1196
1110	e porque fue ella	Et pourͭ quoy elle fu	1197
1111	asi llamada este cuento lo deuisara aca adelante	ansi appellec uous deuisera bien le comte cy apres	1198
1112	Quando el llego ala floresta	Quant il fu amont ou tertre	1199
1113	e no vido aquel enpos quien yua	si regarde deuant luy|et il ne uoit nul de ceulx quil queroit	1200|1201
1114	e fue	car ilz sestoient ia feruz en la foueest	1202
1115	entonçe porende muy triste	a touteuoyes suyt il les escloz Des cheuaux tant quil uient a lentree	1203
1116	entonçe encontro vna donçella envn muy fermoso palafren	Et lors encontra une dame toute chenue	1204
1117	que hera toda cana	qui cheuauchoit moult cointement	1205
1118|1119	e lleuaua los cauellos tendidos porlas espaldas|como si fuese muy moça	et estoit toute desliee les treces sur les espaules comme pucelle	1206
1120	e traia vn capillejo de Rosas enla cabeça	et auoit en son chef ung chapel de soucique	1207
1121|1122	Ca hera|entonçe por sant juan	car cestoit entour la saint iehan Il la salue	1208
1123	e lançarote lo saluo	et elle luy dist	1209
1124|1125	e ella lo torno sus saludes Donçella dixo lançarote saberme yades enseñar|por do va vn Cauallero devnas armas bermejas	que bonne auanture luy doint dieu damoisele fait il me scauriez uous a dire quelle part sen ua ung cheualier a unes armes uermeilles Certes fait elle ie le uous enseigneroye bien	1210
1126|1127	Por dios dixo ella yo voslo enseñare bien|si quisiere dezidme dixo lançarote	si ie uouloye	1211
1128	Por tal conuenençia	Dictez le moy fait il par conuent	1212
1129	que yo sea vuestro cauallero enel Primer lugar	que ie soye uostre cheualier ou premier lieu	1213
1130	que me rrequerades Si vosme jurades dixo la donçella	que uous me requerrez|Se uous me creancez fait elle	1214|1215
1131|1132	que vayades conmigo|luego enla ora	que uous me suyurez a quelque heure	1216
1133	que vos llamare yo voslo mostrare	que ie uous semondray|ie le uous enseigneray	1217|1218
1134	e lanzarote lo juro	Et il luy creance|dont il se repenty	1219|1220
1135	luego donde el se arrepintio despues muy duramente tal ora fue Vos yredes poreste camino dixo la donzella	puis moult fort|Se allez fait elle tout ce chenin	1221|1222
1136	fasta que falledes vn sendero atrauieso dela floresta	si luy monstre ung sentier moult estroit|qui aloit a trauers de la fourest	1223|1224
1137	e entonçe tomaredes aquel sendero	et luy dist quil ne tourne ca ne la	1225
1138	e desque hubieredes porel andado	Et quent uous serez fait elle alle entour demye lieue	1226
1139	quanto vna legua fallaredes antevn nogal tres tiendas Armadas	si uerrez de la ung mont quatre paueillons tenduz	1227
1140	e enla vna dellas fallaredes el Cauallero	La dedans trouuerez le cheualier	1228
1141	que buscades aque llaman aramante el grueso	que uous querez|que len appelle arramant le grec	1229|1230
1142	e vos lo conoçeredes porestas señales en medio dela frente ados llagas agora vos podedes yr mas anteme deçid	si le cognoistrez a ces enseignes quil a deux playes enmy le front|Se uous en pouez aller	1231|1232
1143	como auedes nombre	mais que uous mayez dit uostre nom	1233
1144	e el se nombro mucho amidos	Et il se nomme a moult grant peine	1234
1145	e dixo yo he nombre Lançarote del lago Lançarote se partio	Et toutesuoyes luy dit il quil a nom lancelot du lac	1235
1146	luego dela donçella	Et il sem part a tant	1236
1147|1148	e fuese Porel camino|que ella hauia mostrado	et sen uait tout le chemin quelle luy auoit enseigne	1237
1149|1150	e yua tan apriesa|quanto el cauallo podia andar	si grant aleure tant quil ataint les cheualiers qu il suyuoit	1238
1151|1152	e andubo|asi fasta	Et il leur escrie	1239
1153|1154	que alcanço los caualleros depos quien yba|e el les començo a dar vozes de	si hault	1240
1155|1156	quanto vido|que le podian oyr	que bien le peurent ouyr	1241
1157	e luego vino contrael vno delos caualleros el escudo al cuello	Et adonc luy uient courant lun deulx lescu au coul la lance ou poing	1242
1158	e la lança enla mano armado de todas armas	et fu arme de toutes armes	1243
1159	e lançarote lo yryo	Et lancelot le fiert	1244
1160|1161	asi tan duramente|que porel escudo ni porla loriga no finco quele no metiese la lança pormedio del cuerpo	si que pour le haubert ne demeure quil ne luy mecte le fer du glayue parmy le corps	1245
1162	e dio conel gran cayda en tierra Como	Il lempanit bien comme cil	1246
1163	aquel que hera de Gran fuerça	qui auoit assez cuer	1247
1164	e Luego vino otro contrael aparejado de Justar	et force	1248
1165	e lançarote no Rehuso ante boluio la Cabeza del cauallo alla	si le porte du cheual a terre|et retraict son glaiue a luy	1249|1250
1166	do lo vyo venir	Si uoit ueniir ung autre tout appareille de iouster	1251
1167	e el cauallero lo firio	et il ne li refuse pas ains luy tourne le chief du cheual|et cil	1252|1253
1168	ansi que su lança le quebro En medio del escudo	qui uient courant luy donne tel cop sur lescu|que toute sa lance uole en pieces	1254|1255
1169	e lançarote lo hirio	Et lancelot	1256
1170|1171	ansi vn poco baxo|asi ençima del arçon dela silla	qui ung pou porta sa lance bas lactant par dessus larcon de la sele	1257
		si le fiert	1258
1172	asi quela loriga no lo pudo defender quela lança no le metiese pormedio del cuerpo	si que les mailles du haubert ne peuent souffrir le grant coup|Et le glayue luy ua parmy oultre le corps	1259|1260
1173	asi que la Lança paresçio dela otra parte	si que le fer pert de lautre part	1261
1174	e Dio conel	et il lempaint	1262
1175	e conel Cauallo envno en tierra Mucho se Marauillaron los otros Caualleros desto	si fort quil porte a terre luy|et le cheual ensemble	1263|1264
1176	e dixeron	Et lors dient ceulx|qui deuant sen aloient	1265|1266
1177	que mucho Justaua bien el Cauallero	que moult iouste bien le cheualier	1267
1178	Que dos delos mejores Conpañeros auia derribado	qui a ainsi abatu deux de leurs compaignons	1268
1179|1180	e lanzarote se lanço|entonçe entre el	Et lancelot laisse courre es autres	1269
1181	los que heran veinte	qui estoient encor neuf	1270
1182	e el conla espada enla mano	si eut lespee traicte par ce	1271
1183|1184	que la lança hera quebrada|e començo a derribar escudos	que son glayue estoit brise au cheualier quil auoit dernierement abatu	1272
1185	e a cortar yelmos	si leur detranche les escuz|et leur depiece leurs heaumes	1273|1274
1186	e lorigas ençima de braços	et leur derompt les haubers sur les braz	1275
1187	e de espaldas	et sur les espaules	1276
1188	asi que tanto hizo Porsu proeza	Si fait tant par sa prouesce	1277
1189	que quantos lo vian se marauillauan ende mucho	que tous ceulx|qui le uoyent sen merueillent	1278|1279
1190	e Quando vido el Cauallero delas armas vermejas ende endereço contrael	et la ou il uoit li cheualier es armes uermeilles|si ne le mescognoist pas ains luy adrece parmy eulx tous	1280|1281
1191	e dixo esperad Cauallero	et luy donne	1282
1192	e diole vn tal golpe dela espada de toda su fuerça sobre el yelmo	si grant coup par le heaume quil est	1283
1193	que dio conel en tierra estendido	si estourdy quil ne puet tenir es arcons ains uolt a terre	1284
1194	e traxo al cauallo tantas vezes sobre el quelo dexo medio muerto	Et lancelot luy uait par dessus le corps tout a cheual|tant quil par sa uertu	1285|1286
1195	e quando los otros caualleros esto uieron fueron muy escaidos	et son alanie|Et lors sont tous les autres moult esmayez	1287|1288
1196	Ca bien Cuydauan	car bien cuident	1289
1197	que su señor hera muerto	que leur sire soit mort	1290
1198	e metieronse en auentura de muerte lo vengar	si se mectent en peine de le uanger	1291
1199|1200	e dexaronse yr ael muy determinadamente|e lançarote	et courent sus a lancelot	1292
1201	que desto no se espanto ni vn poco	mais ilz ne le treuuent pas	1293
1202	Ca bien se cuydaua defender baldonaua a todos su escudo	si esbahy quil ne soit tout pest de soy desfandre|si leur habandonne son escu	1294|1295
1203	e daba tales Golpes consu espada	et tient lespee|dont il leur donne grans coups par la ou il les actaint	1296|1297
1204	Que aquel	ne oncques pour pouoir quilz ayent ne luy peurent tollir place|ains sen uait manitefoiz parmy eulx quelque gre quilz en ayent	1298|1299
1205	que alcançaua aderecho golpe le fazia sentir la espada enla carne desnuda	Et de tant luy aduient il bien quil naconsuyt cheualier adroit cop a	1300
1206	e daua conel del cauallo en tierra	qui il ne face sentir sespee en la char nue ou quil ne le porte du cheual a terre	1301
1207	e les quebranto los yelmos enlas cabeças	si leur arrache les escuz des couls|et les heaumes des testes	1302|1303
1208|1209	e les cortaba piernas|e braços	et leͬ decoupe poins	1304
1210	e asi	et braz	1305
1211	que quanto alcançaua todo lisiaba	Et se hurte a eulx de corps|et de membres	1306|1307
1212	Que delos golpes dela espada	et du pis du cheual	1308
1213|1214	que delos Pechos del caballo|e asi abia los çinco a tales partido	si en a u	1309
1215	que non podian bollir pie ni mano tales yazian en tierra	si atournez quilz gisent a terre|si conreez quilz nont pouoir de soy releuer	1310|1311
1216	e quando los Caualleros vieron las marauillas de armas	Et quant les autres uoyent ce	1312
1217	Que el façia	si leur est aduis	1313
1218|1219	luego vieron queles conuenia morir|si mas ay porfiasen	que silz y demouroient plus quilz nen pourroient eschaper sans mourir	1314
1220	entonçes començaron todos a fuir contrala floresta ado vian la mayor espesura	Et par ce senfuyent ilz au plus test quilz peuent uers la fourest la ou ilz la uoyent la plus espesse	1315
1221|1222	Quanto los cauallos los podian llebar Mas lan çarote no los quiso seguir mas antes se fue al cauallero delas armas vermejas|que auia derribado	Et lancelot ne les suyt pas granment ains retourne au cheualier aux armes uermeilles quil auoit abatu	1316
1223	Por saber quien hera	car il ueult scauoir quil est	1317
1224	e quando lançarote ay llego	Et quant il est uenu	1318
1225	luego fallo el escudero	si treuue lescuier quil queroit	1319
1226	que ante el estaua enla tienda	que len auoit mis sur ung roucin les mains liees derriere le dos|et il uient a luy	1320|1321
1227	que auia tomado	si le deslie	1322
1228	e estaua envn rroçin las manos atadas atras	Et quant il se sent deliure|si luy cheit es piez	1323|1324
		et le mercie Lancelot descent	1325
1229	e fue	et luy baille son cheual a garder|puis uait au cheualier	1326|1327
		qui ia sestoit releue en son seant	1328
		si estourdy qu il ne ueoit goute	1329
1230	luego alo desatar	Et lancelot luy errache le heaume de la teste|si felonnessement quil flatist a terre dis paumes	1330|1331
1231	e el escudero enque se vio libre hecho sele alos pies	et de tout son uiaire|si seigne du front	1332|1333
1232	e agradesçio mucho a dios	et du nes trop fort	1334
1233|1234	porque asi lo auia librado|e lançarote desçendio del cauallo	Et lancelot dit qu il loccira sil ne se tient pour oultre	1335
1235	e diolo al escudero	et il est|si esuanouy qu il ne luy puet respondre	1336|1337
1236	e fuese al cauallero	si ne dist mot	1338
1237	que estaua ya ensu acuerdo	ains gist tout pasme adens	1339
1238	e se Reuoluia porse leuantar enpero estaua aun atordido	Et lancelot|si le redrece	1340|1341
1239|1240	que no via ni aun gota|e lançarote quitole el yelmo dela cabeça tan rreçio	et le treuue	1342
1241	que dio conel en tierra delas manos	si ensanglante quil cuide bien quil soit mort	1343
1242	e delas Rodillas	Et lors	1344
1243|1244	e al arrancar desollole las narizes|e la frente	si repent de ce	1345
1245|1246	que la sangre le hizo ende salir muy fieramente|e dixole	que tant luy en a fait	1346
1247|1248	si te no tienes|por vencido yo te matare	si sassiet pres de luy po᷑ ueoir quil fera	1347
1249	e el cauallero estaua atal quele no podia rresponder		
1250	e asi estaua amortesçido		
1251	e lançarote catolo		
1252|1253	e fallolo todo sangriento|e bien cuydo	et ia se releuoient troys de ceulx	1348
1254	que hera muerto		
1255	e mucho se arrepintio		
1256	porque tan mal lo auia fecho		
1257	e tirose del todo		
1258|1259	por ver|lo que aria	qui auoient geu a terre	1349
1260|1261	e los tres caualleros|que ante derribara començaronse a Reboluer	Et lancelot leur laisse courre	1350
1262	e lançarote enquelo vido fue alla		
1263|1264	e dixoles|si vos no tenedes	et dit quil se rendent ou il les occira	1351
1265	por vençidos yo vos matare		
