0	queria fallar muy de grado	auoir troue fait elle	0
1	e luego le conto todo	si li conte toute sauenture	1
2|3	como le auia conel contesçido|asi como el cuento lo a deuisado	si com li contes la retrait cha en arriere	2
4	e luego entendio boores	Tant que il connoist bien quele le quiert	3
5	que ael andaua ella buscando mas porel pesar dela muerte del senescal no se quiso fazer conosçer antele rrespondio çierto donçella al cauallero	Mais pour le courous quil a del senescal|ne se volt il faire aconnoistre	4|5
		Ains li respont	6
6	que traia blancas armas no conozco yo Pardios dixo la donçella mucho me Pesa caramjente	Certes damoisele le cheualier|qui porte blanches armes ne connois iou mie	7|8
7	e boores non quiso conella mas estar	Enon dieu sire fait elle che poise moi moult durement	9
8	e acomendo la a dios	ors le commande a dieu	10
9	e fuese	& puis sen part de li	11
10	e andubo tanto	& cheuauche en tel maniere iusques a tierce	12
11	que salio dela floresta	Tant que il vint a lissue de la forest	13
12|13	e dexo el camino|e tomo a mano derecha vn camino pequeño	et torne a destre en vn petit chemin viez	14
		Si ne demora gaires quil vint en vne moult grant ualee ou il couroit vne aigue grant	15
14	e biejo lleno de yerba	et roide|et parfunde	16|17
15|16	e non andubo mucho|porque llego a vn valle	mais il ni troeue ne pont ne passage	18
17	Por do corria vn agua muy negra	Et il regarde de lautre part de laigue	19
18	e fea	si y uoit	20
19	e fonda	j	21
20|21	e non fallo puente|por do Pudiese pasar	castel moult bien seant	22
22|23	e cato dela otra parte Del agua|e vio vn castillo muy bien asentado çercado de muy buen muro todo enderredor	clos de mur bateillie tout entor a la reonde	23
24	e el cato gran pieça el castillo	Il regarde le chastel grant piece	24
25	ca mucho se pagaua delo catar	dont la fachons li plaisoit moult a regarder	25
26|27	e despues torno la rribera ayuso|Por saber	puis sen torne contremont la riuiere pour sauoir se il troueroit ne pont ne gue	26
28|29	si podria fallar puente|Por do pasase mas el no pudo fallar ninguna	mais il ni trueue nul passage	27
30	e boores desque esto vido no sabia	Et quant il voit chou|si ne set	28|29
31	que se façer	que faire	30
32	ca el no se queria tomar en ninguna manera	quar retorner ne volroit il en nulle maniere	31
33	Ansi estando vio del castillo salir vna donçella en camisa	Lors uoit issir del castel vne damoisele toute nue en sa chemise|si le menoient	32|33
34	que traian quatro rribaldos muy sañudamente	iiij|ribaut moult felenessement	34|35
35	e cadavno traia enla mano vna lança	et tenoit Cascuns en sa main|i	36|37
36	e ella daua vozes	coutel trenchant|Et elle crioit quamque elle pooit por chiaus	38|39
37	quanto podia dar	qui li faisoient tel laidure	40
38	e ellos la lleuaron muy desonrrada mente contra la rribera porla yr ha echar	quar il lenmenoient tot contreual la riuiere batant	41
39	e quando la donçella vio a bores dela otra parte del agua començo a dar vozes	Et quant elle vit le cheualier de lautre part de laigue|si li commenche a crier	42|43
40	e a deçir ay jentil cauallero acorred a esta donçella	Ha : gentils homs|quar secoures ceste damoisele	44|45
41	que estos Ribaldos me quieren	que cist ribaut voelent ochirre	46
42	ansi matar ay buen cauallero	Pour dieu ne mi laissies ore mie morir	47
43|44	si nunca oviste piedad de donçella auelda agora de mi|e no me dexedes	se vous eustes onques pitie de nulle damoisele ne de nulle gentil dame	48
45|46	asi morir|Quando boores oyo	Quant bohors oy	49
47	lo que la donçella deçia no supo	que la damoisele li prioit|si piteusement de li secorre	50|51
		si One sot	52
48	que façer	que faire	53
49	ca muy de grado la quisiera acorrer	quar volentiers li alast aidier sil peust estre	54
50	si pudiese Mas el agua hera muy fonda	mais il voit laigue parfonde	55
51	e peligrosa	& perillouse	56
52	e negra	et noire	57
53	e bien cuidaua morir	si quide bien morir se il	58
54	si se y Metiese	si met	59
55	e dela otra parte veya la donçella	Et dautre part voit il cels	60
56	que muy afincada mente le pedia merçed	qui si piteusement li crie merci	61
57|58	e ovo tal piedad della|que le fiço todo el miedo perder	si len prent tele pitsiles quil en laisse toute paour	62
59	e fiço la señal dela cruz sobre	et met le signe de la vraie crois en mi son front	63
60	si e enbraço el escudo	& en mi son pis|puis enbrace son escu	64|65
61	e firio al cauallo de las espuelas	et fiert le cheual des esperons	66
62	e lanço se en el agua	et se lance en laigue	67
63	e el cauallo començo de nadar	Et li cheuaus commence a noier:	68
64	luego e perdio tierra en tal manera	si tost quil a terre perdue	69
65	que paso dela otra parte del agua mas ante beuio el cauallo del agua	si lenporte de lautre part a grant paine mes aincois ot beu de laigue li vns|& li autres	70|71
66	e si el caballo tan bueno no fuera sin dubda el moriera enel agua	Et se li cheuaus ne fust|si boins noie fussent ambedui Car li cheualiers estoit pesans pour lez armes quil auoit uestues	72|73
67	e boores porel peso delas armas	si en fu moult en peril|uant bohors ot passe laigue pour la damfolisele secorre ainsi	74|75
68	que llebaua	que vous poes oir	76
69	e desque fue dela otra Parte del agua dexo se correr aquel	si ne descendi mie ains cort sus a chiaus	77
70	los que la donçella tenian	qui la damoisele tenoient	78
71|72	e firio al primero|que encontro en tal manera	si fiert le premier quil encontre	79
73	que le metio la lança porel cuerpo	si durement quil li met le glaiue parmi le cors|si labat a la terre	80|81
74	e los otros dos	Et li autre senfuient pour chou	82
75	que aquello vieron fuyeron	que desarme estoient	83
76	luego por miedo de no ser muertos	Et la damoisele	84
77	ca todos estauan desarmados	qui deliure se uoit	85
78	e la donçella desque aquello vido finco los ynojos ante boores	se met maintenant a genouls deuant bohort	86
79	e dixo ay jentil cauallero vendito seades de dios	et dist|ha: gentiex cheualiers de dies oess vous beneois	87|88
80	que asi me librastes de muerte	quar vous maues de mort rescousse	89
81	e bendito sea dios	Et aoures en soit diex	90
82	que aqui vos traxo	quant il ceste part vous amena	91
83	que estos villanos me hubieran muerto	Car cist glouton meussent morte se vous ne fuissies	92
84	si por vos no fuera donçella dixo boores	Damoisele ce dist bohors pourcoi vous voloient il mal faire Sire fait elle iou le vous dirai bien	93
85	Por que señor dixo ella yo vos lo dire mas ante conuiene	mais que vous maies mise a sauuete Comment fait il aues vous encore paour	94
86	que non aya miedo de ninguno Donzella dixo boores de quien auedes miedo señor dixo ella del señor del castillo	Sire fait elle ia asseuree ne serai|tant que iou y sache le seignor del chastel :	95|96
87	ca es el mas follon omne de todo el mundo	quar cest li plus fel cheualiers del monde	97
88	e mas cruel Ellos	et li plus desloiaus|ches paroles voient	98|99
89	asi fablando vieron salir del castillo vn caballero	j|cheualier issir du castel	100|101
90	e quando vido a boores començo le a dar boçes	Et la ou il voit bohors	102
91	e a deçir don cauallero a dexar vos conuiene la donzella	si li escrie dans cheualiers laissies ester la damoisele	103
92	ca la non lleuaredes	quar vous ne lenmenrois pas	104
93	e porla my cabeza ental Punto la acorristes	et par mon chief mar le rescousistes	105
94	e luego se dexaron correr el vno contra el otro	quar vous le comperres se iou|puis moult chier	106|107
95	e boores lo firio conla lança	Et quant bohors lentent	108
96	que auia sacado del cuerpo del villano	si point vers lui quanque il pot del cheual traire le glaiue alongie quil auoit trait del cors a celui quil auoit ochis	109
97	que auia muerto en tal manera	Si fiert celui	110
98|99	que dio conel Porlas ancas del cauallo a tierra|asi estordido	si durement quil labat a terre	111
100	que non se pudo leuantar	si estordi quil not pooir de lui releuer|Ains iut illueques tous pasmes	112|113
101	asi estaua amorteçido dela cayda	quar il cai|si felenessement	114|115
102	que las coyunturas del pescuezo tenia quebradas	que a poi|que la canoele del col ne li est brisie	116|117
103	e boores traxo tantas vezes el cauallo sobre el	Et bohors li uait tout a cheual par desus le cors	118
104	Que todo lo quebranto	Si que tout le debrise	119
105	e la donçella	Et lors est la damoisele	120
106	que aquello vido fue muy alegre	si lie	121
107	que mas no lo podia ser	que plus ne puet	122
108	e dixo a boores señor agora non auedes aqui deque vos mas guardar	Si dist a bohort sire nous nauons hui mes garde	123
109	ca eneste castillo no auia mas deste cauallero segund cuydo	Car iou quit quil ni a plus de cheualiers laiens|que cestui	124|125
110	e agora os dire	Si vous dirai ce	126
111	lo que me preguntastes seguramente Pues deçidmelo dixo boores	que vous me denmandastes|ore le me dites	127|128
112	asi es dixo la donçella	dont fait bohors	129
113	que oy mañana entre mi	Par foy sire fait elle entre moi et	130
114	e vn cauallero	i|cheualier	131|132
115	que hera mi amigo pasamos poreste castillo	qui mes amis estoit cheualchiemes parmi chest chastel	133
116	e quando el señor del castillo hermano de	Et quant li freres a celui	134
117	aquel que vos derribastes me vido quisome prender afuerça	qui vous aues abatu me uit|si me volt auoir	135|136
118	e trabo del freno demi palafren	et prendre par force|quar il mauoit lonc tamps amee	137|138
119	e quisome llebar	Si me prist au frain	139
120	e me vido mi amigo llebar conbatiose conel tanto quelo mato	et men volt mener a force|Mais mes anis se combati a lui tant quil locist	140|141
121	e quando	Et quant chils cheualiers	142
122	aquel que alli esta vido asu ermano muerto fiço prender ami amigo a fuerça de gente	que vous uees chi vit son frere mort|si fist mon ami prendre par force de vilains	143|144
123|124	e de villanos|e matolo en enmienda dela muerte desu hermano	et locist por uengance de son frere quil auoit ochis	145
125|126	e dixo|que demi se vengaria el seguramente	Et dist quil se vengeroit de moi sans main metre	146
127	porque fui ocasion dela muerte de su hermano	et me fist tantost prendre a ches|iiij	147|148
128	entonçe fiço tomar aquellos quatro villanos	ribaus	149
129	que vos vistes	que vous ueistes ore	150
130|131	e mandoles|que me matasen en aquel agua	et lor commanda quil me noiassent	151
132	ca por armas no me queria matar	Car par armes dist il ne voeil iou mie	152
133	e ellos me mataran sin falta	que elle muire|Si me menoient ensi com vous ueistes por noier	153|154
134	si vos porla voluntad de dios	quant vous me uenistes rescorre par la volente de dieu	155
135	e porla vuestra no me acorrierades agora vos	et la vostre	156
136	e contado todo mi acaesçimiento	vous ai conte mon errement	157
137|138	como me contesçio|e querria	si volroie se vostre volentes y estoit	158
139	que me llebasedes a vn mi castil	que vous me metissies a sauuete|En vn mien castel	159|160
140	lo que es çerca de aqui	qui est pres de chi	161
141	si vos plaze de GraDo dixo boores	volentiers fait il|et il le prent maintenant par les bras	162|163
142	e luego echo su escudo alas espaldas	et le met sor le col de son cheual|et met son escu derriere son dos	164|165
143	e tomola Porel braço	si sen torne cele part ou la damoisele lenseigne|Tant que chou vint apres miedi	166|167
144	e pusola antesi Ensu caballo	que il virent deuant euls vn moult bel castel	168
145|146	e fuese|ansi conella	Et lors ataingnent	169
147|148	por do ella lo yria guiando fasta medio dia|Que vieron vn muy fermoso castillo	ij	170
149	e alcançaron dos escuderos ala salida devn monteçil	escuiers a lentree dun boskel	171
150	lo que traia cada vno vn corço atroxado trassi	et portoit cascuns venison torsee derriere lui	172
151	e desque vieron la donçella desçendieron apie	Et quant il voient la damfolisele|si descendent a pie	173|174
152	e fueron	et li font	175
153|154	e fezieron gran alegria conella|como aquella	si grant ioie comme a celui	176
155	que hera su señora mas mucho se marauillaron	qui lor dame estoit	177
156|157	porque la vian|ansi venir	mais moult sesmerueillent de ce quil la voient plorer	178
158	e preguntaronla	si li demandent	179
159	que auia	que elle a	180
160|161	e ella les conto|como su amigo hera muerto	Et elle lor conte comment sez amis auoit este ochis	181
162	e dixo yo mesma fuera muerta sino fuera	et iou meisme eusse este ochise|se ne fust cils frans cheualiers	182|183
163|164	por aqueste buen cauallero|que me libro	qui par Sa debonairete ma rescousse	184
165|166	e se metio en peligro de muerte|Por me librar	et se mist en peril de mort pour moi sauuer	185
167	e luego destroçaron el vn corço	Et lors conseilla elle a	186
168	e pusieronlo enel Palafren	j	187
169	e ymbiaronlo al castillo conel vn escudero	de ses escuiers|Et cil destorse tout maintenant sa venison	188|189
170	e pusieron ala donçella enel otro	et le baille a porter a son compaignon	190
171|172	e fueronse contrael castillo|quanto podian	& sen vait vers le castel quanque il pot del ronchi traire	191
173|174	e boores pregunto ala donçella|como auia nombre el castillo	Et bohors demande a la damoisele comment li castiaus auoit non ou ses amis auoit este ochis	192
175	Do su amigo auian muerto señor dixo ella el a nombre Galdon	Sire fait elle il a a non Galdon:	193
176|177	e el agua|que pasastes galide	Et laigue ou vous passastes a a non Galide	194
178	Asi fueron fablando fasta el castillo	Ensi sen vont parlant tant quil sont venu pres del chastel	195
179	Que hera muy fuerte	si le voient moult bel|et moult fort	196|197
180	e muy bien asentado	et moult bien seant	198
181	e desque fueron entrados enel castillo	Et quant il furent monte le tertre	199
182	luego vinieron contraellos muchas danças	si voient issir dames	200
183|184	e corros de Dueñas|e de donçellas	& damoiseles a grant plente	201
185	e otros dançaban	dont lez vnes dansoient|et lez autres karoloient	202|203
186	e bailauan	& baloient	204
187|188	e otros jugauan|e façian juegos de muchas maneras	et gieuent de diuers ius	205
189	e todos andauan vestidos muy Ricamente	Si estoient toutes vestues trop richement	206
190	entonçe vinieron contraellos mas de diez caualleros faziendo muy gran [	Et auec elles venoient cheualier iussPtis elques a	207
191	]	X	208
192	e deçian todos avna voz vien venga el mejor cauallero	qui menoient la plus grant ioie|et dient a bohort	209|210
		Sire bien veignies vous soi tous lez hommes del monde	211
193	que anuestra señora libro de muerte	qui nostre dame aues rescousse de mort	212
194	e libro anos denuestros enemigos	et deliuree des mains a sez anemis|Et lors font descendre la damoisele	213|214
		et lui auekes	215
195	entonçe los desçendieron a muy gran gozo	si ne porroit nus conter la grant ioie|qui li fu faite EN tele ioie	216|217
196|197	e alegria façiendo con boores|asi que el se marauillaua ende mucho	& en tele feste com vous oliles enmenerent bohort en vne moult bele sale	218
198	e las Mesas fueron puestas	et les tables furent mises	219
199	e asentaronse a comer	si alerent mangier|Et quant il orent mangie	220|221
200|201	ca mucho lo auian menester|e desque ovieron comido la donçella le pregunto	La damoisele demanda bohort comment il auoit non	222
202	e dixo le señor	Et il li dist quil auoit non bohors li escillies	223
203	si vos pluguiere querria saber vuestro nombre	Et vous dame fait il comment est vostres nons	224
204|205	porque sepa dezir quien me fiço tanto bien donçella dixo boores yo he nombre boores el deseredado|e vos donzella dixo el	Sire fait elle iou ai a non benigne	225
206	como auedes nombre señor dixo la donçella yo he nombre velniña de glaçendo	de Glochedon|Et ensi a a non chis chastiaus	226|227
207	que asi a nombre el castillo enque estamos Ellos	A ches paroles quil disoient es vous vn escuier	228
208	ansi fablando llego vn escudero porla puerta	qui laiens entra	229
209	e finco los ynojos ante la donçella	si sagenoille deuant la damoisele	230
210	e dixole señora la donçella de hongeforte vos ymbia a saludar	& l dist|Dame : la dame de hongrefort vous salue	231|232
211	e ymbiavos deçir	& vous mande	233
212	que esta noche ven conbusco albergar	que elle veult anuit herbergier o vous|Et quant cele lentent	234|235
213	e quando la donçella esto oyo fue muy alegre	si saut sus|si ioieuse	236|237
214	e pregunto al escudero	& si lie|que nulle plus	238|239
215	do era señora dixo el escudero yo la dexe a media legua de aqui	Si demande a lescuier ou elle est|Dame ce dist cil a demie lieue pres de chi	240|241
216	e la donçella mando	Iors fait maintenant sa sele mettre	242
217	luego ensillar	& dist	243
218	e fuese con seis caualleros ala rreçebir	que elle yra encontre li|Si Lmonte maintenant	244|245
219	e dexo a boores con quatro caualleros porle fazer conpaña	& vi|cheualier aueques li	246|247
220	e quando boores sopo quela donçella de ongeforte venia no sabia	&|iiij	248|249
221	que façer	escuiers	250
222	ca no queria aquelo conoçiese	Et si laisse auec bohort|iiij	251|252
223	si pudiese ser	cheualiers por lui faire compaignie	253
224|225	e penso|asi enesto mucho	& puis sen ist de laiens	254
226	e a cabo de Pieça demando sus armas señor dixeron los caualleros	Et bohors|qui lez noueles ot entendues de la dame de hongrefort	255|256
227	que conel estauan	ne set	257
228	que para	que faire	258
		quar bien set	259
229	que las queria yo me Quiero armar dixo boores Porme yr a solazar a aquel montezillo	que elle le connistra|Et chou ne voldroit il pas	260|261
230	e luego me tornare	si pense a cheste chose moult longement|Et quant il ot pense	262|263
231	e ellos no osaron su voluntad contradeçir	si se lieue en son estant|si demande sez armes	264|265
		Sire font cil	266
232	e truxeronselas	qui aueques lui estoient pourcoi vous voles vous armer|Iou me voel fait il aler esbatre iusken cel bosket	267|268
233	e el se armo	si reuendrai maintenant|Et cil nosent son commandement refuser	269|270
234	e desque fue armado salio porvn postigo	Si li aportent sez armes|Et il sen arme	271|272
235	que estaua contrael monteçillo	puis monte sor son cheua|& se part de laiens	273|274
236	e no quiso	et ne veult	275
237	que fuese conel ninguno	que nus li face compaignie	276
238	e desque fue vn poco alongado Metiose porvna floresta	Et quant il est vn petit eslongies|si sen torne vers vne haute forest	277|278
239	que vido muy espesa	quil vit haute|& espesse	279|280
240	quanto el cauallo lo pudo lleuar	& sen vait au ferir des esperons|et se fiert en la forest tant quil	281|282
241	e el	si anuite	283
242	ansi yendo oyo vna canpana tañer	Lors oy vne cloche sonner	284
243	e luego cuido quela tañian en alguna hermita	et sot bien tantost|que ce estoit vns hermitages	285|286
244	e el fue alla	si torne cele part	287
245	e desque llego ala hermita llamo fastaque el hermitaño le vino a abrir	& descent a luis	288
246	e acogiolo	& apele	289
247|248	porque vido|que hera cauallero andante	Et hermites le rechoit a bele chiere	290
249	e el mesmo lo ayudo a desarmar	et le desarme il meismes	291
250	e desque lo ovo desarmado cogio dela yerua Parael cauallo	& puis vait coillir de lerbe pour le cheual|& fait le lit au cheualier	292|293
251	Ansi finco enla hermita	Nsi est remes bohoors chies le prodomme	294
252	e la donçella de glaçedon andubo tanto fastaque encontro ala señora de ongeforte	Et la damoisele de Glochedon tcheualche|tant que elle encontre cele de hongrefort	295|296
253	e ellas se saluaron	si sentrefont moult grant ioie	297
254	e la donzella De glazedon se marauillo mucho	Si sesmerueille moult cele de glochedon	298
255|256	quando vido|asi venir asu parienta	quant elle voit sa cousine ensi atornee	299
257	e a todas su conpaña	et toute sa maisnie	300
258|259	e preguntaronle la Razon|porque hera aquello	Si li demande locoison	301
260	asi e la donzella de ongeforte selo conto todo de cabo a cabo Como le contesçio conel cauallero	Et elle li conte lauenture de chief en chief|Et dist	302|303
261	e mi buena parienta bien sabed	que iamais ne finera desrer|deuant	304|305
262	que el es el mas fermoso cauallero	que elle asulra troue le cheualier|Car cest li plus biaus	306|307
263	que nunca vi	& li mieudres|que iou onques veisse	308|309
264	e nunca quedare de andar	et si est iouenes enfes|Si ai tel doel	310|311
265	asi fasta quelo falle	quant il me membre de la vilonnie|que iou li fis	312|313
266	ca sabed	que a poi	314
267	que el es el mejor cauallero Del mundo	que li cuers ne me part del uentre	315
268|269	e mas cortes|e es muy niño	Enon dieu bele cousine fait cele de glochedon sil vous est auenue bele auenture elle ne mest mie auenue mains bele	316
270|271	e quando me mienbro dela descortesia|e dela villania	Si li conte comment il li estoit auenu	317
272	que contrael fiz el corazon seme quiere quebrar enel cuerpo Pardios mi buena parienta dixo la dueña de glozendo mucho vos a acasesçido buena ventura		
273|274	e ami non a venido menor|e luego le conto	Et li dist	318
275	como auia acaesçido conel Cauallero	que elle auoit le cheualier herbergie	319
276	que conella albergara mas bien sabed	mais bien sachies	320
277|278	que es el mas fermoso cauallero|Que Nunca vi	que cest li plus biaus cheualiers del monde	321
279	e es muy mançebo	et iouenes est il durement|Si li deuise sa fachon	322|323
280	e luego le conto las façiones del tanto quela dueña de ongeforte entendio	et son grant|Tant que a celer de hongrefort samble	324|325
281	que hera el cauallero	que che soit cils	326
282	que ella andaua buscando	que elle quiert	327
283	e mucho sele tardaua delo ver	Si li est moult tart|que elle le voie	328|329
284	asi fueron ental manera fablando	Si cheuauchent	330
285	Que llegaron al castillo	tant que elles sont uenues au castel	331
286|287	e rresçibieron todos ala donçella de ongeforte muy honrradamente|e fizieron gran gozo conella	& puis montent el palais	332
288|289	e la donçella del castillo pregunto|luego porsu huesped	Si denande la damoisele de laiens ou sez ostes estoit	333
290|291	Por buena fee dixeron los caualleros|que auian fincado conel tomo sus armas	Par foy dame font li cheualier de laiens il sen va orendroit tous armes hors de chest chastel	334
292|293	e fuese a deportar a aquel montezillo mas|luego dixo	mais il nous dist quil reuendroit tantost	335
294|295	que se vernia Mas nunca|por alguna manera Podimos	ne onques pour nul pooir ne volt soffrir	336
296	que nos sufriese	que nus alast aueques lui	337
297	que fuesemos conel a qual parte fue dixo la donçella del castillo aquel montezillo dixeron ellos	Et quel part ala il fait elle|Dame font il vers chest bosket	338|339
298	e luego mando alos diez caualleros quelo fuesen alla a buscar	Or tost fait elle montes	340
299	e ellos lo fiçieron	si ales apres lui	341
300	ansi ca anduuieron todo el mon teçillo arriba	si le me amenes arriere|LOrs sont monte tout li cheualier	342|343
301	e ayuso Mas nunca lo pudieron fallar	et sont uenu au boskel|et cerkent amont aual	344|345
302	e tornaron	mais le cheualier quil quierent ne poent trouuer|Lors reuienent a lor dame	346|347
303	e contaronselo	& li dient	348
304	ansi asu señora Pordios dixo la donçella ni poresto no fincara	que il ne seuent quil est deuenus|Enon dieu fait elle ensi ne remandra il mie	349|350
305|306	e luego Caualgo con toda su conpaña|e fuese Al montezillo	Si monte	351
307|308	e fizolo çercar de todas partes mas nunca lo pudieron fallar|e quando ella aquello vido tornose asu castillo muy triste	et toute sa maisnie aueques li	352
309|310	e muy sañuda|e contolo	si com¬ menchent a cerkier le bosils de toutes pars	353
311	ansi ala donzella de hongeforte Como su huesped hera ydo	mais che ne lor valut riens Car il nen pueent oir nulles enseignes vraies|Et quant la damoisele voit chou	354|355
		si sen retorne a son castel dolante	356
		et corouchie	357
		et conte a cele de hongrefort comment sez ostes sen estoit partis de laiens	358
312	e la donzella les pregunto	Puis demande a chiaus de laiens	359
313	quando se fue Pordios buena señora	Biau seignor|& quant se parti il de chaiens	360|361
314	luego que vos de aqui partistes Mas dixonos	Dame ce dient cil|si tost comme se il vous en vit aler	362|363
315	que luego venia	et dist quil reuenroit tantost	364
316	Por buena fee dixo ella bien nos a engañado	par foy fait elle gabe nous a	365
317	Que armas traia dixo la donçella de hongeforte	ors demande cele de hongrefort queles armes il portoit	366
318	e la donçella selas deuiso Pordios dixo ella yo lo falle oy demañana envna floresta mas no traia el tales armas Como	Et elle li deuise Enon dieu fait elle iou le trouuai hui matin a lentree dune forest|mais il ne portoit mie tels armes comme cils	367|368
319	aquel que yo ando buscando Buena Parienta dixo la donçella del castillo el las puede auer bien trocado	que iou quier Bele cousine fait cele as de laiens|il lez puet bien auoir cangies	369|370
320	e yo vos digo ami cuidar	Et iou quit bien a mon escient	371
321	Que este es	que che soit cil	372
322	el que bos buscades	que vous queres	373
323	e Ruego vos	Si vous pri	374
324	que me dexedes convos yr fasta Quelo fallemos	que vous me laissies aler aueques vous|tant que nous laions trouue	375|376
325	e sepa la rrazon	Et lors	377
326	Porque se fue demi castillo ental manera Mucho me Plaze dixo la donzella de ongeforte	si nous dira locoison pourcoi il a laissie mon ostel en tel maniere|Il men est bel fait cele de hongrefort	378|379
327	Que vengades Pues vos plaze	que vous y ueignies|puis quil vous plaist	380|381
328	ansi fincaron toda aquella noche enla mañana tanto Como fue de dia se leuantaron	Ensi remestrent cele nuit laiens|et lendemain	382|383
		quant il virent le ior sen alerent	384
329	e fueronse del castillo enla demanda del buen cauallero Agora dexa el cuento de fablar dellas	& partirent del castel|et entrerent en la queste del cheualier	385|386
		Mais ore laisse li contes a parler daus	387
330	e de boores	et de bohort	388
331	e torna A Lançarote	& retorne a parler de lancelot del lac	389
332	Que entro enla floresta Serpentina	si comme il entra en la forest de la sapine	390
333	Asi como el cuento lo a deuisado Dize el cuento	si comme li contes a deuise|Ne dist li contes	391|392
334	que gran calentura façia el dia	que trop grant chaut fist celui ior	393
335	que lançarote entro enla floresta mas poreso no finco	que lancelot fu entres en la forest de la sapine	394
336	que el no andubiese todo el dia fasta nona	Et por chou ne remest il mie quil ne cheualchast iusques a nonne	395
337	que no encontro ome ni muger mas a hora de visperas sin falta	Si li auint ensi quil nencontra ne homme ne femme iusques a uespres|Mais lors sans faille	396|397
338	quando queria salir dela floresta	si comme il dut issir de la forest	398
339	que todo el dia le auia durado encontro vna donzella	si encontra vne damoisele	399
340	que mucho façia gran duelo	qui moult faisoit grant doel	400
341|342	e andaua envn palafren morçil|lo que traia vna muy Rica silla y freno	si cheualchoit vn moult riche palefroy a vn moult cointe lorain	401
343|344	e el saluo la donçella|e ella ael donzella dixo lançarote deçidme	& a vne sele dengletere Il salue la damoisele	402
345	porque llorades		
346|347	si vos plaze çierto dixo la donçella|si yo supiese	& elle li rent son salut	403
348|349	que me vernia Prouecho enello yo voslo diria muy de grado çierto dixo donçella enmelo deçir no aueredes vos daño|si auos pluguiere	Damoisele fet il sil vous plaisoit iou sauroie volentiers pourcoi vous plores	404
350|351	e vos dezidmelo|por conuenençia	Sire certes dist elle se iou y	405
352|353	que vos ayude yo a todo mi Poder en todas las cosas|que hubieredes menester	qui doie auoir aucun preu iou le vous diroie Damage fait il ni aurois vous ia se dieu plaist	406
354	e espeçialmente enesta	Dites le moi par tel conuent que	407
355	por que vos llorades	se iou vous	408
356|357	Ca yo porne enello el mejor Remedio|que puede ser	puis aidier a esclairier vostre cuer iou le ferai a mon pooir	409
358|359	si es cosa|que vos pueda ayudar Enel nombre de dios dixo la donçella	Enon dieu sire fet elle	410
360|361	pues vos os afincades tanto|que vos diga enque manera es	dont le vous dirai iou IL fu voirs	411
362|363	e que cosa es lo|porque yo lloro yo voslo dire	que melyagans li fiex au roy baudemagu ala a la cort au roy artu pour la royne genieure conquiere	412
364|365	asi es|que fiço tanto vna donçella	Et endementres fist tant vne damoisele	413
366	Que hera hermana de Meliangas	qui sa suer estoit	414
367	que saco dela prision a lançarote quelo tenia envna torre Meliangas no sabia	que elle geta lancelot de prison dune tour ou il estoit mis : iou ne sai porcoi Ouant elle lot deliure	415
368	porque e	si le tint aueques li	416
369|370	quando el fue libre ella lo tubo en su poder fastaque fue guarido|ca mucho auia enpeorado dela prision	tant quil fu garis Car moult auoit eu mesaise en la prison	417
371	e des	Et Io	418
372	que fue guarido fuese ala corte del Rey Artur	puis quant il fu garis	419
373	e Mato alla a meliangas segund cuido	si lenvoia a la cort au roy artu ou il ochist melyagant chou sauons nous bien	420
374	que oystes mas tan ayna	Mais si tost	421
375	como sus parientes lo supieron	que si parent le sorent	422
376	que ella auia hechado dela prision a lançarote Dixeron quelo auia fecho	que elle auoit lancelot gete de prison|Si distrent	423|424
377	por amor de Meliangas delo matar	que elle lauoit fet pour melyagant ocirre	425
378	e tomaronla afuerça	Si le pristrent a force	426
379	e pusieronla en prision	et locoisonnerent de sa mort	427
380	e dixeron	Et distrent	428
381	que si no fallare quien la defender de aquesto	que se elle ne trouuast|qui len deffendist	429|430
382	que farian della grand justiçia Como deuen de fazer de muger	que on feroit de li autel iustice com on deueroit faire de femme	431
383	que asu hermano auia muerto	qui son frere auoit ocis	432
384|385	e ella dixo|que bien fallaria quien la defendiese	Et elle dist quele le trouueroit bien	433
386	e luego pusieronle dia señalado Parase defender	Si mist iour dun cheualier amener auant|pour li desfendre	434|435
387|388	Por cauallero|e ella ymbio a buscar	Si sen est	436
389	por muchos lugares quien le defendiese mas nunca a podido fallar Cauallero	puis pourchascie en pluisors lieus|mais onques ne troua cheualier	437|438
390	que armas quiera tomar contra aquel Cauallero	qui sez armes en osast prendre encontre celui	439
391	que deste pleito la a Reptado	qui apelee len auoit	440
392	e el Plazo se cumple Mañana ental manera	Ore est la chose tant alee	441
393	que si fasta ora de terçia no falla defensor tomaran della	que li iors fu atermines a hui|si na trouue nul desfendeour	442|443
394	luego vengança	Et pour chou dient li vn	444
395	e la vengança sera tal	& li autre quele est atainte del mesfait	445
396	que la Quemaran	que on li a mis sus	446
397|398	e poresto lloro yo|asi tan fuertemente	si lont iugiee lal ardoir le matin	447
399	porque aquella es vna delas altas donzellas del mundo agora me deçid donçella dixo lançarote	Et pour chou quil men ramenbroit ore ploroie iou Car elle estoit vne des plus hautes damoiseles del monde|& des plus uaillans CAr me dites	448|449
		dont damoisele fait lancelot	450
400	si ella fallase tras quien la defendiese seria ella quita del todo señor dixo ella no se	se elle trouoit demain O|qui le desfendist dont: ne seroit elle quite del iugement	451|452
		Sire fait elle iou ne sai	453
401	E es muy lexos de aqui ado ella esta dixo lançarote señor dixo ella no ay mas de aqui alla de seis leguas ynglesas	Et est chou fait il loing de ci|Sire fait elle il ni a	454|455
402	e si quisieredes Bien podedes yr alla a ora de Prima Ado la podre fallar dixo lançarote enla floresta de donseglorega dixo la donçella	que vi lieues englescshles|Se vous moues demain matin vous y seres dedens prime	456|457
403	e este camino vos lleuara alla	Et ou le porroie iou fait il trouuer	458
404	si lo supieredes guardar Pues a dios vos encomiendo dixo el	En la forest fait elle de floregas|Et chis chemins vous y menra tot droit se vous le saues tenir Or vous commanch iou a dieu damoisele fait il	459|460
405	e luego se partio el vno del otro	si sen torne atant	461
406	e la donçella yua llorando	Et cele sen uait faisant son doel	462
407	e la donçella yua agora tanto porsu camyno fastaque salio dela floresta	Et lancelot cheualche|tant que il vint hors de la forest	463|464
408	e llego avna casa de Religion	si voit deuant lui vne maison de religion|si torne cele part pour herbergier	465|466
409	e el fue alla	Et quant il vint la	467
410	por aluergar	si trouua	468
411	e fallo ala puerta dos frailes	ij|freres	469|470
412	que auian dicho conpletas	qui auoient cante complie	471
413	e estauan al ayre	Si estoient venu au serain	472
414	e ellos fueron contrael porlo ayudar a desçender	si saillent sus encontre lui por lui desarmer	473
415	e dixeron	et dient	474
416	que vien fuese venido	que bien soit il venus	475
417	e Metieronlo enel monesterio	si le font entrer laiens	476
418	e los frailes le dixeron señor auedes	et li demandent ssill malnlga hui|Et il dist	477|478
419	oy comido no señores dixo el	que nenil	479
420|421	e luego mandaron ellos quele pusiesen la mesa mas lançarote no quiso|luego comer ante dixo	Et il font maintenant metre la table a lor sergans	480
422|423	que entraria enla yglesia|por fazer oraçion	& la nape ;	481
424|425	e desque el entro enla yglesia finco los ynojos|e el façiendo oraçion cato asu diestro	& puis le pain	482
426	e vio vnos arcos de plata muy Ricamente fechos a flores de oro	& le vin dessus|Et il dist quil ne mangera mie deuant ce quil ait este el moustier	483|484
		si y dira sez orisons	485
		Car il ni auoit hui este	486
		Lors sen entre en leglise pour orer	487
427	e a bestias de diuersas maneras	Et en ce quil su a genoillons|si regarde deuers destre partie	488|489
428	e ante ellos estauan çinco caualleros armados de todas armas elos yelmos enlas cabezas	& voit|j	490|491
429	e las espadas enlas manos	prones de fer|& dargent moult bien faites a flor cestes: dor	492|493
430	como si quisiesen defender de algunos quelos quisiesen acometer Desto se marauillo mucho lançarote	& a bestes|& a oisiaus de diuerses manieres	494|495
431	e fue alla contraellos	& dedens auoit|v	496|497
		Cheualiers armes de toutes armes	498
432	e ellos le dixeron señor bien seades venido	si com de heaumes en testes|& despees es mains	499|500
433	e el les rrindio sus saludes	& aussi pres de euls desfendre|que se on les volsist assaillir	501|502
434	e lançarote cato vn poco los arcos	Ne chou sesmerueille moult lancelot|& se drece em pies	503|504
435	Porque heran muy Ricos	si vait cele part|et Dsalue lez cheualiers	505|506
436	e muy fermosos	Et il li dient	507
437	que vien cuidaua	que bien soit il venus	508
438	Que vn Rey No los podia tales façer	Et lancelot entre dedens les prones|qui tant sont beles	509|510
439	e el	et riches	511
440	asi Catando vio dentro enlos arcos vna muy Rica tumba qual nunca tal viera el ni ome del mundo	Et regarde lez prones quil ne quide pas	512
441	que hera toda de oro fino	que vns roys lez peust esligier	513
442	e de piedras preçiosas	Et voit deles lez cheualiers vne tombe la plus riche	514
443|444	que estaua toda labrada de diuersas maneras|e de muy muchas cosas de figuras	que onques fust ueue de nul cheualier Car elle estoit toute de fin or a pierres precieuses	515
445	e de otras cosas	qui valoient|j	516|517
446	que tal tumba de tal manera nunca viera ni ome del mundo	grant royalme|Et se la tombe estoit de grant biaute	518|519
447	que la non ouiese visto no podria asmar la fermosura	noient fu de la grant rikece|dont elle estoit	520|521
448	que enella auia de tales cosas	Et auec tout chou estoit elle la plus grande quil eust ao onques	522
449	como enella estauan	mais veue	523
450	e don lançarote se marauillo	Si sen est trop merueillies	524
451	e dixo entresi mesmo Quien podria ser el prinçipe	qui li princes pooit estre	525
452	que enella yaçia	qui illueques estoit mis	526
453	e lançarote pregunto alos caualleros	Et il demande as cheualiers	527
454	e dixo señores	que il font illueques	528
455	que estades aqui façiendo señor dixeron los caualleros nos guardamos el cuerpo	Sire font il nous gardons le cors	529
456	que yaze enesta tumba quelo no lleuen dende aqui	qui chi gist en ceste tombe quil nen soit portes de chaiens|Si sommes	530|531
457	e nos lo guardamos çinco caualleros de dia	v|por lui garder cascun ior	532|533
458	e otros çinco de noche	Et la nuit en y a autres|v	534|535
459	que no façemos y al Auedes miedo dixo Lançarote	qui font autretel seruice comme nous faisonz de ior|Nt de coi aues vous paor fait lancelot	536|537
460|461	que voslo lleuen de aqui señor dixeron ellos|si que vn fraile de aqui	Sire font il vnz des freres de chaiens	538
462|463	que mucho es buen ome|e de sancta vida nos a dicho	qui moult est de sainte vie Nous dist na encore gaires	539
464	que vn cauallero vernia aesta tierra	que vns cheualiers vendroit chaiens	540
465	que por fuerça lo lleuaria desta tierra	qui par sa force len osteroit|et le feroit mener hors de cest pais	541|542
466|467	e las gentes desta tierra querrian antes ser muertos|que el fuese lleuado de entre nos	Et nos gens de ceste terre voldroient miex morir quil fust remues dentre nous	543
468|469	e poreso lo guardamos|asi como vedes	Et por chou le gardons nous ensi comme vous vees	544
470|471	ca el ome bueno nos dixo|que no tardaria mucho el buen cauallero	car li preudom nous dist ke li cheualiers ne demourroit pas ke il ne uenist Or me dites fait lancelot	545
472	Que no viniese alo sacar Agora me deçid dixo lançarote quien fue este tan Rico prinçipe	& ne fu cils cheualiers moult haus homs a	546
473	que yaze entan rrica sepultura Señor Dixeron ellos Mucho fue alto ome	qui on fist ceste sepulture|Sire font il haus homs fu il	547|548
474	e el mas noble	et riches|Et auec chou fu il li plus preudoms	549|550
475	Que nunca fue visto ay dios dixo lançarote quien fue señor dixeron ellos	qui fust a son tamps|Ha : diex fait lancelos	551|552
476	si sabedes leer vien podedes saber quien es	qui fu il|Sire font il se vous connissies point de lettres vous poes bien sauoir	553|554
477	el que aqui yaze	qui il fu	555
478	que ala cabezera dela su tumba lo fallaredes escrito	Car ses nons est escris el chief de ceste lame	556
479	e lançarote se fue ala cabeça dela tunba	ors uait lancelot cele part	557
480	e fallo las letras	et trueue les lettres	558
481	que deçian aqui yaze galeote el fijo dela fermosa Jaiana	qui disoient|Chi gist Galehols li fils a la bele iaiande li sires dez lontaignes illes	559|560
482	que por amor de lançarote murio	qui por lamor de lancelot del lac morut	561
483	e quando lançarote ovo las letras leydo cayo amorteçido en tierra	Et quant il voit chou|si chiet a terre tous pasmes	562|563
484|485	e estubo|ansi gran pieça	et iut grant piece sans dire mot	564
486|487	que no pudo fablar|e los caualleros fueron ael porlo leuantar	Et li cheualier coerent a lui por e lui releuer	565
488	e mucho se marauillauan	qui moult sesmerueillent	566
489	que podia Aquello ser	qui il poet estre	567
490	e quando lançarote acordo començo a dar vozes	Et quant il est reuenus de pasmisons	568
491	e a dezir ay	si dist ha : diex	569
492	que duelo	quel doel	570
493	e que daño	et quel damage	571
494|495	e luego començo a dar del vn puño enel otro|e a rrascar el Rostro	& quel anui	572
496|497	asi que la sangre le salia|por todas partes	Lors fiert lun poing sor lautre	573
498	e a mesar sus fermosos cabellos	et esgratine son visage	574
499|500	e a darse puñadas grandes enel rrostro|e enlos pechos	si quil en fait le sanc saillir	575
501|502	e a dar tales vozes|que todos auian piedad del	Si se prent par ses cheueus	576
503|504	e maldeçia el dia|en que fuera nasçido	et se fiert del poing grans cops en mi le vis	577
505|506	e deçia ay|que duelo	et pleure	578
507|508	e que daño morir el mejor ome del mundo porel mas mal Cauallero|e mas malauenturado	si durement	579
509|510	que enel es Mucho fiço lançarote gran llanto|e daua tales vozes	que il ni a celui	580
511|512	que todo el mundo lo cataua|e se marauillaua del	qui nen ait pitie	581
513|514	e preguntaronle|como auia nombre mas el no podia Responder Ante daua vozes	Si laidenge	582
515	e gritos todavia	& maudist leure	583
516	e desque el fiço su duelo gran pieça cato las letras otra vez	que il onques fu nes|quant si preudoms est mors pour lui Moult fait lancelot grant doel	584|585
517	e quando vio	& grant cri|& tant	586|587
518	que deçia	que cil de laiens le regardent a meruelles|Si li demandent	588|589
519	Que Porel hera Muerto dixo	qui il est|Et il ne lor pot mot dire ains pleure toutes voies	590|591
520	que asaz seria mal auenturado	et se debat|& deschire	592|593
		Et quant il ot grant piece son doel mene	594
521	si porel no muriese	Si regarde les lettres|qui dient	595|596
522	e luego se partio dende	que pour lui morut Galeholt|Lors dist	597|598
523	e fuese buscar su espada	que trop seroit maluais sil ne moroit Ie aussi pour lui|Si saut maintenant hors dez prones	599|600
524	para se matar conella	et pense quil yroit querre sespee|et quil sen ochirra	601|602
525	e luego el sabiendo Dela yglesia encontro con vna donzella dela dueña del lago aquella	Et maintenant quil fu hors del moustier|si encontra la damsolisele sa la damel del lac	603|604
526	que fallo con Boores ante el castillo de ongeforte	Cele|qui a bohort auoit parle deuant le castel de hongrefort	605|606
527	e ella lo conoçio	"|et elle le connoist bien	607|608
528	e trauole dela mano	si le prent par le poing	609
529	e tirolo contrasi	& lareste	610
530	e dixole ado ydes vos	Que est che fait elle ou ales vous ensi	611
531	asi ay donçella dixo lançarote dexadme mis dolores acabar	ha : damoisele fet il laissies moi mes dolors acomplir|Car iamais naurai ioie ne repos	612|613
532	que jamas no abre plazer ni folgura eneste mundo fablad conmigo dixo la donçella	en cest siecle|parles a moi fait elle	614|615
533	e el no le rrespondio palabra antese escapo dela mano	Et il ne respont nul mot|ains se lance outre	616|617
		si quil li escape des mains	618
		Et quant elle len voit ainsi aler	619
534	e se fue	Si dist	620
		Sire iou vous desfent par la riens	621
535	e quando la donçella esto vido dixole señor yo vos defiendo porla cosa del mundo	que vous plus ames en chest siecle|que vous nales auant deuant	622|623
536|537	que mas amades|que no vaiades mas adelante fastaque fabledes conmigo	que vous aies parle a moi	624
538	e lançarote se detubo	Et il sareste	625
539	luego e la cato tanto	et le regarde	626
540	que la conoçio	& le connoist	627
541	e dixole donçella vien seades venida Pardios dixo ella vos deuedes fazer mas alegre cara de	& li a dit|que bien soit elle venue En Non dieu sire fait elle vous me deussies faire plus bele chiere	628|629
542	Quanto façedes	que vous ne faites	630
543	Por quanto yo so mensaxera devuestra señora la donçella del lago dixo el non vos pese	Au mains|pour ce que iou sui a ma dame del lac	631|632
544	ca no cuidedes	la vostre dame	633
		Damoisele fet lancelot or ne vous poist	634
545	que jamas aya yo plazer ni alegria	& ne quidies mie|que iou aie iames ioie	635|636
546	por auentura	pour auenture	637
547	que me venga Pordios dixo la donçella	qui me puist auenir|Enon dieu fet elle	638|639
548	si aueredes agora sabed	Si aures|Ore escoutes	640|641
549	que mi señora vos ymbia a deçir	que ma dame vous mande|Elle vous mande	642|643
550	que vos tiredes el cuerpo de galeote de aqui	que vous ostes le cors Galehot de chaiens	644
551	e lo fagades lleuar al castillo dela dolorosa guarda	& len faites porter a la ioieuse garde	645
552	e lo fagades meter en aquella tumba mesma ado fallastes su cuerpo escripto	et illueques soit mis en la tombe ou vous trouastes uostre non escrit	646
553	ca ella lo quiere	Et elle le vseut a ensi pour chou quele sest bien	647
554	ansi Ca el vuestro cuerpo mesmo sera y enterrado conel	que en celui meisme lieu sera vostres cors enterres	648
555	e quando el esto oyo fue muy alegre	Et quant lancelot entent chou Isi est moult lies	649
556	e dixola	et dist	650
557	que Mucho heran aquellas nuebas plazenteras	que moult li sont ches noueles fplaisans	651
558	que asi lo faria Puesque ella lo ymbiaua a mandar	car toutl ensi le fera il|Puis demande conment	652|653
559	Por buena fee dixo la donçella vien a ocho dias	que sa dame le fait|Par foil fait elle	654|655
560	Que vuestra señora esta muy triste	Madame a estet|viii	656|657
561	porque ella vido ensus suertes segund	iours mallade mosult durement|Car ellle trouusa en son sort	658|659
562	que me ella dixo	si comme elle msa|puis dit	660|661
563	que asi	que si tost	662
564|565	como fallasedes la tumba de Galeote|que luego vos matariades sino ouiesedes quien vos esforçase	que vous trouueries la tombe gallehot Ique uous uous ochiries de dolel se uous nen esties destourlnels	663
566	e quien vos estoruase	Et pour cou menuoia eslle a grant besoing cha	664
567	e poresto me ymbio ella aca a gran priesa	si uous mande|que uous laissies che doel ester	665|666
568	e vos manda dexar este duelo	car il ne uous puet faire se nuire non	667
569|570	e vos Ruega|por la cosa del mundo	Et uous prie par la riensl	668
571	que mas amades	que vous plus ames	669
572	que vos conortedes lo mejor	que au plus bel	670
573	que pudieredes	que vous poes vous en deportes	671
574|575	e que|si lo no fiçieredes	Et se vous ne le faites ensi	672
576	que ella vos tirara el ayuda	bien sachies|que a la premiere fois	673|674
577	que della auedes	que vous asulres mestier de li|elle vous faudra	675|676
578	asi lo fare dixo lançarote puesque aella plaze agora vos conuiene dixo la donçella de armar	Et il dist quil sen comfortera|puis que elle le veult	677|678
579	ca yo se bien	Or vous commant|dont que vous prendes vos armes Car iou sai bien	679|680
580	que aquellos caualleros no voslo dexaran llebar en	que li cheualier ne vous lairont mie le cors emporter	681
581	quanto lo pudieren defender o yo morire dixo lançartoe o yo lo tirare donde esta	tant comme il le porront desfendre|Et il dist quil en morront tuit	682|683
582	E luego se fue armar	aincois quil ne lemport de laiens|si se vait armer demaintenant	684|685
583	e la donçella se fue alos caualleros quela tumba guardauan	Et lors sen uient la damsolisele as cheualiers|qui gardoient la tombe	686|687
584	e dixoles señores queredes vos defender aquello	et lor dist Segnor vous voles vous desfendre de ce quil couuient estre a forche	688
585	Que conuiene a ser afuerça yo lo digo dixo ella Porel cuerpo	Et iou le vous di por le cors	689
586	que guardades	que vous gardes	690
587|588	ca sabed|que vos sera tomado non sera dixeron ellos en	Car vous saues bien quil en sera ostes	691
589	quanto nos pudieremos Pardios dixo ella	Non sera font cil tant comme nous porrons|Enon dieu fait elle	692|693
590	si sera	si sera	694
591	que aqui es venido quien voslo tolera	quar cil est uenus|qui len ostera	695|696
592	e si lo quisieredes contradeçir a todos conuiene morir	Et se vous le contredites vous en morres tout	697
593	e poresto querria quelo dexasedes anteque vos matasen porende ya enquanto nos fueremos vibos dixeron los caualleros No sera de aqui llebado	Et por chou Ivlous uenist il miex|que vous llel: laississies atant e mener lque uouls vous en feissies ocirre	698|699
		Et cill dient	700
		que ia tant comme til soienl vif : nen sera porstes	701
594	e bien sepa el cauallero	Et bien sache font il li fcheualiers	702
595	que porel es venido	qui ulenus est pour	703
596	que aunque fuese mejor ome	llauoir|quel sil estoit plus preu encore	704|705
597	que lançarote quelo no moueria de aqui vn punto agora vere dixo la donçella	que la lancelot ne soit	706
598	como vos auerna Ellos	si ne lenmenroit il point Or uerrois fait elle comment il vous en lauenra	707
599	asi fablando llego ay lançarote Armado de todas armas	ces paroles uie lnt laiens lancelot tous armes	708
600	e los caualleros	Et quant li cheualier le uoient uenir	709
601	que lo vieron preguntaron	si li denandent|que il ueullt	710|711
602	Que que queria fazer yo quiero dixo el el cuerpo	ie ueul fait il auoir le colrs|qui llaiens est	712|713
603|604	que alla esta Pordios dixeron ellos vos no lo aueredes|que ante seremos aqui todos muertos	Par foi font il vous fne laures mie pour noient nous y morrons aincois	714
605	que vos	que vous lenportes	715
606	asi lo lleuar a morir vos conuiene Dixo lançarote	Au morir fait il estes vous tout uenu	716
607	pues no vos queredes sofrir	puis que a mainz nen voles passer	717
		Cil sont dedens les prones	718
608	e luego salieron los Caualleros delos arcos	et il lor cort sus maintenant|Et cil a lui	719|720
609|610	do estauan con miedo de ser Muertos|e començaronlo a ferir	quar arriere le quiderent faire flatir pour paor de morir	721
611	por do mas mal lo podian fazer	si le fierent la ou il le porent ataindre	722
612	e lançarote metio mano ala espada	Et il auoit en la main lespee toute nue	723
613	e firio al primero	si lor doune grans cops|et pesans	724|725
614	que fallo	Et fiert	726
615	asi duramente	si le premier quil encontre	727
616	que porel yelmo ni Porel almofar no finco quele no metiese la espada porla Cabeça	que por coiffe ne pour heaume ne remainst|que il ne li mete lespee iusques au tesstje	728|729
617	e dio conel en tierra	Et il le hurte|si labat a terre	730|731
618	e los otros lo començaron a ferir muy rreçia mente porel escudo	Et li autre as lassalent moult ireement|et le fierent sor son heaume	732|733
619	e porel yelmo	& sor son hauberc	734
620|621	e porla loriga|asi que selo quebrantaron	si quil li derrompent en pluisours lieus	735
622|623	e Ronpieron|Por muchos lugares mas el no daua cosa	Mais il ne li chaut de chose quil li fachent	736
624	por aquello quele façian tanto estaua de sañudo	quar tant est dolans|que nus plus	737|738
625|626	e dexo de correr aellos Con gran yra|e dauales dela espada tales Golpes	si lor laisse corre par grant ire lor donne de lespee grans cops	739
627	asi quelos façia de	si que tous les fait guenchir deuant lui	740
628	si arredrar	lors esgarde	741
629	e Lançarote Paro mientes en	et voit vn dez|iiij	742|743
630	aquel que mas mal le façia	qui plus li fait mal a son essient	744
631|632	que hera muy grande|e muy fuerte	Et il estoit moult grans	745
633|634	e diole|asi vn golpe tan grande ençima del yelmo	& moult fors	746
635	que el fuego fiço salir del	et lancelos	747
636|637	e el golpe desçendio al honbro|e Como fue dado de gran fuerça	qui le vient ataignant li donne sor le heaume tel cop quil en fait le fu saillir	748
638|639	asi que porla loriga no finco quele no derribase el braço conla espada en tierra|e el cauallero conel gran dolor cayo	& lespee glache	749
640|641	luego en tierra amorteçido|e los otros desque aquel golpe vieron fueron muy desmayados	qui ne fu mie de droit ferue	750
642|643	e fiçieron mal senblante dese defender porlos grandes golpes|que façia	si descent sor la droite espaulle au cheualier	751
644|645	e porla espada|que auia sentido cadavno enlas carnes	si que li bras kai a tout lespee sor le pauement	752
646	e lançarote no cato mas	Et cil trebuche a terre	753
647	aquel que derribo ante dio al otro vn tal golpe	qui se pasme de langoisse quil sent|Et lors sont moult esmaie li autre troi	754|755
648	por çima del yelmo quele fiço dar con anbas manos en tierra	et font moult maluais samblant daus desfendre pour le grant cop quil ont veu	756
649	e desque los otros esto vieron començaron a foir	et pour lespee|que cascuns de euls a sentue iusques au sanc	757|758
650	por guaresçer	Et lancelot|qui pas ne se recroit en fiert vn amont sor le heaume	759|760
651|652	e lançarote alcanço|aquel que yua de tras	quil le fait flatir a terre dambes	761
653	e firiolo	ij	762
654	asi duramente entre el onbro y el escudo	lez paumes|Et quant li autre doi voient chou	763|764
655	que tenia enbraçado	si tornent en fuies	765
656	que el braço conel escudo le fiço bolar en tierra	Et lancelot ataint le daarrain|si le fiert par entre se lescu	766|767
657	e el cauallero fuese fuyendo	et le col|Si quil li trenche le bras	768|769
658	ansi llagado	et li escus chiet a terre|Et cil torne en fuies	770|771
659	como estaua	qui mahaignies se sent	772
660	e lançarote fuese enpos el otro	Et lancelot reuient a lautre	773
661	que auia fincado	qui ia se releuoit	774
662	e firiolo	si li donne	775
663	asi enlo alcançado ençima del yelmo	si grant cop	776
664	que selo fiço volar dela cabeza	que il li fait voler le heaume de la teste en le place	777
665	e el cauallero desque vido su cabeça desarmada Con pauor de muerte	Et quant il sent son chief descouuert	778
666	que ovo pidio le merçed	si li crie merci	779
667	e dixole ay buen cauallero no me matedes	et dist quil ne lochie mie	780
668	que yo fare toda vuestra voluntad tu me juraras dixo lançarote	quar il est presstl de sa volente faire|Lors te couuient	781|782
669	que llebes el cuerpo demi señor galeote ala dolorosa guarda	dont fai lancelot afiancer fait il|que tu le cors monseignor Galeholt conduiras a la ioieuse garde	783|784
670	e desque y fueres	Et y soies|tant que iou y uiengne	785|786
671	si te preguntaren quien te ymbia tu les diras	Et se on te demande|qui ti envoie	787|788
		Si di	789
672	que el cauallero delas armas blancas	que cil ti envoie|qui ot lez blanches armes le iour	790|791
673	que el castillo conquisto te ymbia alla	que li castiaus fu conquis	792
674	e el cauallero selo juro	Et cil li fiance	793
675	asi façer	que ensi le fera il AN tel maniere com vous olsiles conquist lancelot le cors Galeholt	794
676	e lançarote se fue	Et lors y	795
677	luego parala tumba	quant il ot au cheualier fait fianchier a faire sa volente	796
678	e tomo a manos el cobertor Porel Cabo	si prent le lame par le gros chief|si le tire par	797|798
679	que mas hera grueso	si grant force	799
680	asi afuerça porlo leuantar quela sangre le quebro porla cabeça	que a poi quil ne sest tous derrompus|Si que li sans vole parmi le nes	800|801
681	e porlas narizes quelas açerdas de todo el cuerpo se le estendieron muy fuertemente	et parmi la bouche|Et li cors li tressue de langoisse	802|803
682	asi que por fuerça ovo el cobertor a leuantar maguer Mucho hera pesado Mas nunca el tal duelo ovo		
683	como estonçe	que il en a	804
684	e tal Pesar	Mais nulle dolors quil ait eue ne monte riens a celi quil ot	805
685|686	quando el vido el cuerpo de Galeote|e estaua armado de todas armas	quant il vit le cors Galeholt arme tout ensi com il estoit	806
687	e tenia su espada cabe	Si troua lespee deles lui	807
688	si que hera muy buena	qui tant estoit bele	808
689	e clara	et boine	809
690	e sin falta el se ouiera conella muerto	& sans faille de lespee se fust il ocis se la damoisele ne li eust desfendu	810
691	si la donçella	quar elle li osta lespee de sez mains|Lors fist lancelot vne biere de fust	811|812
692	Que del lago auia venido delas manos no sela tirara	et le fist courir del plus riche paile de laiens|Et quant il lot atorne au plus richement quil pot	813|814
693	e luego fiço façer lançarote vnas andas	si li dist li cheualiers|qui le deuoit mener	815|816
694	e cobrir de muy Ricos paños	Sire fait il|che seroit boin	817|818
695	e poner enellas el cuerpo de Galeote	que nous mouissons de nuit|pourcoi fait lancelot	819|820
		pour chou fait il	821
696	e el cauallero Dixo a lançarote señor yo vosloaria	que se li cheualier de chest pais le sauoient|que on len deust emporter	822|823
697	si vos plugiese	il feroient gaitier lez trespas|Si quil seroit arrestes en aucun lieu	824|825
698	que luego Mouiese de aqui conel cuerpo de galeote	Et pour chou vous loeroie iou quil meust orendroit|Car il seroit eslongies	826|827
		X	828
699	Porque dixo lançarote	lieues ains quil fust iors|Et il	829|830
700	porque señor dixo el cauallero	si acorde bien	831
701	porque si los caualleros desta tierra lo supieren	si fait mettre le litiere sor	832
702|703	que de aqui lo queredes llebar faran guardar los tres pasos|asi que sera detenido en algund lugar	ij	833
704	e poresto seria bien	palefrois	834
705|706	que nos alongasemos de aqui esta noche vnas diez leguas bien acordades Dixo lançarote|e luego fiço poner las andas sobre dos palafrenes muy andadores	Et emportent ensi Galeholt hors de la maison	835
707|708	e lleuarlo|asi Mas mucho ouieron gran pesar los frailes	Si en ont li frere grant doel de ce	836
709	quando asi lo vieron lleuar	que on lemporte	837
710	e lançarote fue gran pieça llorando conel cuerpo de Galeote	Et lancelot le conuoie grant piece de la nuit plaignant	838
711|712	e diçiendo sus proezas|e su valor	& plorant sa valour	839
713	e si no fuese porla donçella	Et se ne fust la damoisele	840
714	que del lago auia venido Mucho fiziera mayor duelo mas ella selo estoruaua	qui auec lui estoit|moult en eust plus fait	841|842
715	e anteque lançarote del cuerpo se tornase Dixo al cauallero yo vos defiendo	mais cele len destorna	843
716|717	Que el Cuerpo demi señor galeote no fagades enterrar fastaque yo mesmo alla vaya|e el Cauallero dixo	Et il commanda au cheualier quil ne fust enterres deuant chou quil venist a lui	844
718|719	que asi lo faria|entonçe se partio dellos lançarote	A tant sen part de lui lancelot	845
720	e tornose al abadia mas en toda aquella noche no quiso comer ni veuer	& retorne a labbaye|si se cosulche Ne onques la nuit ne volt mangier ne boire pour chose	846|847
721|722	por cosa|que le dixesen	que on li deist	848
723|724	e non fazia sino llorar|e mucho se quexaua	ains plor& dolosa tout ades	849
725	Porque tanto aquella noche le duraba	Si li anoia moult li iors|qui tant demoroit :	850|851
726	e luego	Et au matin	852
727	Que el dia aparesçio lançarote se leuanto	si tost com li iors apparut	853
728|729	e la donzella otrosi|e fueron a oyr misa	se leua	854
730|731	e desque la misa fue aCabada Armose|e despidiose del fraile	et oy messe entre lui	855
732|733	e entro ensu camino conla donzella|e ellos	et la damoisele	856
734	asi yendo la donçella le conto nuebas de boores	lors li dist elle lez noueles de bohort	857
735|736	e de|como le contesçiera enel castillo de ongeforte	comment elle lauoit veu deuant hongrefort	858
737	e el fue dello muy alegre	et il en fu moult lies	859
738	e ella le dixo sabed señor	Et elle li dist|Sire il vous ua querant	860|861
739|740	que vos a buscado|e nunca jamas quedara fastaque vos falle Ay donçella dixo lançarote	ne iamais ne finera deuant ce quil vous asulra trouue	862
741	si vos lo cuidades fallar yo vos querria rrogar	Damoisele fait lancelot se vous le quidies auant trouuer de moi	863
742	que fiziesedes tanto pormi quele llebasedes esta espada	iou vous voldroie proier|que vous li portissies ceste espee	864|865
743	que fue demi señor galeote	qui fu monseignor Galeholt	866
744	e dezilde quela traiga pormi amor	Et li dites quil le port de par moi	867
745	ca mucho es buena	quar elle est moult bone|et moult bele	868|869
		elle dist	870
746	e fermosa yo lo fare dixo la donçella de grado	que elle le trouuera bien par tamps|& bien fera ce dist cest message	871|872
747	Luego se partio el vno del otro	Si sen part atant de lui	873
748|749	e lançarote se fue contra el castillo de florenga|e andubo tanto	Et il sen vait uers le castel de florega¬	874
750	que llego alla ante de prima	Si y uin entor prime	875
751	e vio ante la villa gran jente alrrededor de vn fuego	Et il regarde en mi lez pres dehors la vile|Si vit moult grant gent entor vn fu	876|877
752	e en aquel fuego auian de quemar ala hermanade meliangas	ou on deuoit ardoir le suer melyagant	878
753	e lançarote	CNuant lancelot aperchut le fu|si ot moult grant paour de la damoisele	879|880
754	que aquello vido dio delas espuelas al cauallo	qui y ia estoit menee au fu pour destruire|Si estoit en vne poure chemise	881|882
755	e llego alla	& le tenoient	883
756	ca bien cuidaua	vi|pautonnier	884|885
757	que ya quemauan la donçella	iij|dune part	886|887
758|759	e quando el y llego vio la donçella estar ante el fuego envna muy pobre camisa|e tenianla seis billanos tres dela vna parte	&	888
760	e tres dela otra	iij|dautre	889|890
761	e no esperauan al sino el mandamiento delos juezes parala hechar enel fuego	Si natendoient a geter le el fu fors le commandement as iuges	891
762	e la donzella lloraua muy fuertemente	et elle ploroit moult tendrement	892
763	e llamaua a lançarote	et regretoit lancelot	893
764	e deçia ay mi buen cauallero	et disoit ha : gentiex hom lancelot	894
765	e pluguiese agora anuestro señor	quar pleust ore a dieu	895
766	que supiesedes estas nuebas	que vous seussies ceste nouele	896
767	e estubiesedes çerca de aqui media legua	et puis vous fuissies chi a demie lieue	897
768	e conla ayuda de dios	Certes a laide de dieu	898
769|770	e conla vuestra seria yo aCorrida|e librada	et de la uostre fuisse iou encore anuit rescousse malgre mes anemis	899
771	e mas vos no lo sabedes	si men conuendra ore a morir pour la vie|que iou vous saluai apres dieu	900|901
772|773	e asi me conuerna a morir mas no me pesa tanto pormi|como porel pesar	Mais il ne me poise mie tant pour moi comme il fait pour le corous	902
774	que vos abredes	que vous en aures	903
775	Quando lo supieredes Mas esto me conorta mucho	quant vous salulres ma mort|Mais ce me conforte moult	904|905
776	que yo se quelas donçellas ganaran mucho enla my muerte	que les puceles gaaigneront en ma mort	906
777	que jamas donzella no vos rrequirira de ayuda	quar iamais nulle ne vous requerra dayde	907
778|779	que le vos non fagades tanto|que vos acuerde demi	que vous ne li aidies tant comme il vous sousuiegne de moi	908
780	ca vos sodes tan noble	Car vostre cuers est	909
781|782	e tan franco|que siempre dareis buen galardon a todos aquel	si grans quil ne puet estre sans grant merite rendre a toutes celes	910
783	los que demi se lamentaren	qui de par moi vous reclameront|Si mest auis	911|912
784|785	e mucho me sera buena al alma esta muerte|que Resçibire	que il mest moult miex a lame pour la loiaute faire	913
786	porque saque de prision atan noble ome Como vos	& pour geter de prison|si uaillant homme comme vous estes	914|915
787	que vos fuerades muerto porla deslealtad de meliangas	que vous fuissies mors pour la desloiaute melyagant	916
788	que en prision vos tenia	qui en prison vous auoit mis	917
789|790	por su gran traiçion|e esto deçia la donçella llorando muy dolorosamente	ANsi disoit la damoisele moult tenrement plorant	918
791|792	e lançarote vino|luego aquella parte	Et lancelot vint durement poignant la ou il le vit ester	919
793|794	do la donçella tenian|e dixo aquel	Si dist a chiaus	920
795	los que la tenian dexadla donçella	qui le tenoient|Laissies ester la damoisele laissies	921|922
796	Porque señor dixo vn cauallero	pourcoi fait vns cheualiers armes	923
797	que delante salio la dexaran ellos	qui auant saut le lairoit on	924
798	Porque dixo lançarote	pour chou fait il	925
799|800	Porque no auedes derecho|Porque la matar	que vous naues droit de li faire morir	926
801	si auemos dixo el muy grande	Si auons fait cil|si grant	927|928
802	ca ella fue acusada de muerte	que nous lauons atainte de murdre|dont iou lapelai	929|930
803	e ella se ofreçio a defender porvn cauallero mas nunca fallo cauallero	et elle sen offri a desfendre|mais elle ne trouua onques	931|932
		qui zs escu en portast por li	933
		Et chou nest mie de meruelle	934
804	que porella quisiese tomar escudo	quar cascuns set bien|que elle a desloiaument oure	935|936
		De coi fait lancelot	937
805	e no es marauilla	De chou fait cil|que elle deliura lancelot de prison	938|939
806	ca cadavno sabe su deslealtad	por ocirre melyagant son frere	940
807	e que es Esta deslealtad dixo lançarote	Se vous fait lancelot voles moustrer|que elle ait fait traison	941|942
808|809	Que es dixo el Cauallero|que solto De Prision a lançarote Para matar a meliangas su hermano	& murdre	943
810	si vos dixo lançarote osaredes mostrar	de che seroie iou tous pres de la desfendre	944
811	que hizo deslealtad o traiçion enlo soltar yo so presto dela defender Quien sodes vos dixo el cauallero vn cauallero dixo Lançarote so	Qui estes vous fait cil|Iou sui vns cheualiers fait lancelot	945|946
812	que vengo aqui poresta donçella defender	qui chi sui venus por rescorre ceste damoisele	947
813	Por buena fee dixo el cauallero	Desfendre fait cil	948
814	si yo quisiere no me conbatiria mas sobre esta rrazon	par foy se iou voloie|il ne men conuendroit pas desfendre	949|950
815	que ayer se cumplio el plazo enque ella se auia de defender mas yo se	Car des hier estoit elle atainte|puis quele ne pot desfendeor trouuer	951|952
816	que no fallo quien la defendiese mas yo se	qui la desfendist|Mais iou y senc ma droiture	953|954
817|818	que ella es|asi enesto desleal	si loial	955
819	que no a cauallero enel mundo conquien no me osare conbatir sobre esta Razon	quil na cheualier el monde uers|qui iou ne losaisse bien moustrer au droit	956|957
820	ansi me esfuerço enmi gran derecho enel nombre de dios dixo lançarote agora paresçera	que iou y ai|T'non dieu fait lancelot	958|959
		Ore y para	960
821	que yo so presto dela defender de verdad dixo el cauallero porla mi caueza vos moriredes porende	quar iou sui tous pres|que iou la desfende uers vous	961|962
		voire fait cil	963
822	como traidor	Et par mon chief|& vous y morres comme traitres	964|965
823	e desleal	et desloiaus	966
824	e luego tiraron la donçella del fuego	Lors traient la damoisele loing del fu	967
825	e los caualleros se dexaron correr el vno contrael otro	et li cheualiers seslongent li vns de lautre|puis sentrelaissent corre li vns vers lautre	968|969
826	quanto los cauallos los pudieron lleuar	quanque il porent des cheuax traire	970
827	e firieronse delas lanças tan fieramente	si sentrefierent	971
828	asi que las lanças fiçieron bolar en pieças	si durement|que lor glaiues volent en pieces	972|973
829	e toparon envno delos cuerpos	puis sentrehurtent des cors	974
830	e delos yelmos	et des uisages	975
831	que el caballero no se pudo tener enla silla ante cayo del caballo en tierra	si durement quil ni ot celui quil ne fust desconrees|Mais li cheualiers fu	976|977
832	e al caer ouierasele el pesqueço de quebrar	si estordis quil ne se pot tenir es archons de sa sele Ains uole ius de son cheual	978
833	ca dio de cabeça del yelmo en tierra	Et au fn el chair feri li coins de son heaume en terre|si qua poi quil not le col brisie	979|980
834	e quando lançarote torno desçendio	Et quant lancelot ot fait son tor|si descent	981|982
835	ca el lo no queria acometer de Cauallo	quar hontes li samble s de requerre a cheual celui|qui estoit a pie	983|984
		Si trait lespee	985
836	porque el estaua de pie	& corut sus a celui|qui ia se releuoit	986|987
837	e metio mano al espada	Si li donne parmi le heaume tel cop quil le fait a la terre flatir des palmes|& des genouls	988|989
838	e fuese parael	puis recoeure|j	990|991
839	que ya hera leuantado	autre cop|si le fiert par tel air	992|993
840|841	e diole tal golpe ençima del yelmo quele fiço dar de manos en tierra|e el	si que il labat a terre tout estordi	994
842|843	que se yua|por leuantar diole otro golpe dela espada	puis le prent au heaume	995
844|845	que dio|luego conel atordido en tierra	si le traine uers le fu	996
846|847	e tomolo Porel yelmo|e tiro tan Reçiamente	& le gete dedens	997
848|849	que selo arranco dela cabeza|E el finco muy estordido	et cil estoit	998
850	e sin fuelgo	si estordis	999
851|852	e asi auia perdido la fuerça del cuerpo|Que se no podia rreboluer	et si uoit perdu la force de son cors quil ne se pot releuer	1000
853|854	e lançarote tomolo porlos braços|e dio conel enel fuego	si le conuint remanoir el fu	1001
855	e dexolo ay morir ental manera	et morir en tel maniere	1002
856	e luego vinieron a lançarote los quela guardauan	ors vienent auant cil|qui le camp gardent	1003|1004
857	e dixeronle señor asaz auedes fecho	et dient a lancelot|quil en a Lasses fait	1005|1006
858|859	e|los que tenian la donçella traxeronsela delante	si li rendent la damoisele saine	1007
860	e el fizo la vestir	et salue	1008
861	e dixole donçella	Et il la fait uestir:|puis li demande	1009|1010
862	que queredes mas	que eler veult	1011
863	que faga señor dixo ella	que il face plus	1012
864	que vaiades con migo fasta mi castillo Donçella muy de Grado dixo lançarote	Sire ce dist la damoisele ie Voel|que vous me metes a saluete en mon castel	1013|1014
		Et il dist	1015
865	e luego se fueron parael castillo	que chou fera il moult volentiers|puis le conduit au castel ou elle voloit aler	1016|1017
866	e aquel castillo auia nombre galeforte	et la ou elle lauoit autre sois garde maint ior|Et li castiaus auoit non Galafort	1018|1019
867	e estaua ençima devna pequeña Ribera	et seoit sor vne petite riuiere	1020
868	e estaua bien asentado de todas partes	et estoit moult bien assis de toutes choses	1021
869	e fuerte amarauilla	Et estoit fors a merueilles	1022
870|871	e quando lançarote y llego no cale demandar|si conel fizieron gran alegria	Et quant lancelot vint la il ne fait mie a demander Se on li fist grant ioie	1023
872|873	ca los del castillo sabian muy bien|como su señora hera ya librada Porvn cauallero	quar cil del castel sorent ia bien comment lor dame estoit deliuree par	1024
874	que auia venido	j	1025
875	e quando los del castillo los vieron venir a lançarote	cheualier	1026
876	ansi lo Reçiuieron con gran alegria	qui aueques li venoit|Et il firent a lui	1027|1028
877	como si la madre de dios Mesma fuese	si grant ioie comme se chou fust diex meismes	1029
878|879	e fincaban los ynojos|por do el venia	et sagenoillent par deuant luj par la ou il uenoit	1030
880	e deçian todos avna voz bien venga el buen cauallero sobre todos los omes del mundo	et crioient Is iet al tuit a vne vois|Sire sour tous chiaus del monde soies vous li bien uenus	1031|1032
881	Que nuestro duelo torno en alegria A tal Plazer y a tal alegria fue lançarote rrescebido enel castillo	qui nostre grant doel aues torne a ioie tel feste|et a tel ioie ont laiens receu lancelot	1033|1034
882|883	como vos digo|e desque la donçella desçendio antesu gran palaçio	Et quant il ot la dame PA descendu deuant son maistre palais	1035
884	luego se quiso yr don lançarote	si sen volt aler	1036
885	que aun no hera mas de terçia mas ella lo tomo porel freno	quar il nestoit mie plus de tierce|mais elle le prist au frain	1037|1038
886|887	e lo fiço decender a fina fuerça|e dixole	et li dist par sainte crois sire	1039
888|889	Por sancta cruz don cauallero vos no me escaparedes|ansi e	cheualiers vous ne mescaperes mie ensi	1040
890	luego lo mando desarmar	Si llele fist descendre	1041
891	e los escuderos	& desarmer	1042
892|893	que y estauan fizieron|luego su mandado	et tantost comme il fu desarmes le connut elle	1043
894	e luego quele tiraron el yelmo la donzella corrio ael	et le corut acoler|et baisier le volt elle	1044|1045
895	e echole los braços al cuello	mais il guenchist|Et elle li baise le col	1046|1047
896	e enla faz	et la face	1048
897	e començo a llorar con piedad	& le menton|& pleure de pitie	1049|1050
898	e dixo ay señor	Et dist|Ha : gentiex cheualiers	1051|1052
899	quanto vos deseaua ver anteque muriese	tant vous auoie desire a ueoir aincois|que iou morusse	1053|1054
900	e como vos a ydo despues	Mais comment laues vous	1055
901	que vos vi muy bien dixo lançarote merçed a dios señor dixo la donçella	puis fait	1056
902	como vos auino de venir	& comment uenistes vous ceste part	1057
903	asi contraesta parte	Et il li dist	1058
904	que aun tan poco	bien dieu merci	1059
905	a que vos partistes demi	et vne ocoison mi amena|Si dist comment vns cheualiers a vnes armes uermeilles lauoit apele de traison en la cort le roy artu pour la mort melyagant	1060|1061
906	por buena fee dixo lançarote	si men conuient a desfendre en la cort le roy baudemagu	1062
907	Por buena auentura	ha y fait elle iou sai bien	1063
908	que me auino	qui il est Cest argondrass li rous	1064
909	e luego le Conto	Et li cheualiers	1065
910	como vn cauallero le Recto de traiçion enla corte del Rey artur Porla muerte de meliangas	que vous aues ochis	1066
911	e heme a defender enla corte del Rey bandemagus ay señor dixo ella yo se quien es cauallero	& ars estoit ses freres	1067
912	Ca es argodras el Rubio hermano del cauallero	si ne sai|que vous puissies faire	1068|1069
913	que agora matastes mas señor no se	Car se mes peres set vraiement|que vous aues melyagant ocis	1070|1071
		Iou criem quil ne vous face ocirre	1072
		pour le grant doel quil en aura	1073
		Comment fait lancelot ne le set il mie encore	1074
914	que vos faga	Si mait diex fait elle nenil|Si est melygant amenez er cest pais	1075|1076
		XV	1077
		iors a passes	1078
		si gist el castel des	1079
915	ca e miedo	iiij|pierres	1080|1081
916|917	que si mi padre sabe|como matastes a meliangas	Et le gardent illueques	1082
918|919	que vos faga matar porel gran pesar|que abra destas nuebas	si celeement	1083
920	como dixo lançarote no lo sabe	que li roys nen set encore noient	1084
921	ansi me ayude dios dixo ella no maguer	Si vous en conuendra esploitier au plus tost Iu tzsal	1085
922	que a quinze dias	que vous porres	1086
923	que an traido aesta tierra el cuerpo de meliangas mas tienenlo enel castillo delas quatro piedras muy encubiertamente quelo no sepa su Padre	Mais a	1087
924	e ansi vos conuiene de vos encubrir muy sabiamente mas	quant est li iors|que vous en baes a desfendre	1088|1089
925	quando es el dia	Et il dist	1090
926	que vos auedes de defender el dia dela magdalena dixo lançarote	que chou est le ior de la magdalaine|Or vous en consaut diex fait elle	1091|1092
927	si dios me ayude dixo la donçella yo he gran miedo	quar iou ai grant doute	1093
928|929	que vos el faga matar algodras|por Alguna traiçion deso dixo lançarote no ayais Miedo	que argondras ne vous face anui ou traison De chou fait il naies ia garde	1094
930	e el faga todo su poder	mais tout son pooir en face	1095
931|932	Ca yo me guardare deGuisa|Que no aya del pabor Conel ayuda de dios	quar iou nen asulrai ia paour	1096
933	Asi fablaron toda aquella noche de muchas cosas	lele nuit fu lancelot moult a aise	1097
934	e Mucho façian gran alegria los del castillo	et moult firent cil del chastel ioie de lui	1098
935	porque asi auian cobrado a su señora	& de lor dame	1099
936	Que ayudauan ental manera Perder	que il quidoient auoir perdue	1100
937	e enla mañana en	Et au matin	1101
938	quanto el dia aparesçio claro se leuanto lançarote	si tost com li iors apparut se leua lancelot|et sarma	1102|1103
939	e se partio dela donçella	& prist congie a la damoisele	1104
940|941	e des|que fue armado	et elle le commande a dilelu	1105
942	e la acomendo a dios Señor dixo la donçella yo vos Ruego	et li pria quil reuenist par li au repairier|Et il li dist	1106|1107
943|944	Que al tornar vengades|Por aqui de Grado dixo lançarote	que si feroit il se il pooit	1108
945|946	si pudiere|e luego se metio enel camino	si se met en son chemin	1109
947	e andubo todo aquel dia porvna rribera ayuso fasta visperas	& esra toute iour iusques au soir|Et lors aproche dune riuiere	1110|1111
		que on apeloit agloride	1112
948	e el agua hera fonda y negra	si en estoit laigue moult parfonde|& moult noire	1113|1114
949	e desque fue çerca del agua vio tres tiendas çerca dela rribera	Nuant lancelos vint pres de laiglule|si y uit	1115|1116
950	e la vna hera muy grande	iij|paueillons tendus	1117|1118
951	e muy fermosa	dont li vns estoit blans	1119
952	e las dos heran mas pequeñas	et li autre doi moien estoient de autre color	1120
953	e luego	Et lors issi del pauellon vns cheualiers tous armes	1121
954	que ay llego lançarote vio salir dela mayor tienda vn cauallero desarmado quele dixo señor vien vengades	qui li a dit|que bien soit il uenus	1122|1123
955	e lançarote le torno sus saludes buen señor dixo el cauallero dela tienda vosme semejades Cauallero andante	Et il li rent son salu|Biau sire ce dist li cheualiers del paueillon vous me sambles vns cheualiers errans	1124|1125
956	e porque ya fue tiempo	& iaim tous chiaus	1126
957|958	que yo mesmo fui cauallero andante Ruego vos|que esta noche aluerguedes Conmigo	qui en tel maniere usent lor vie	1127
959	Ca si de aqui partides non fallaredes sino floresta muy yerma	Car iou meismes sui cheualiers errans	1128
960|961	e saluaje|que no fallaredes	et pour chou vous voeil iou proier	1129
962	do aluergar esta noche	que vous vous herbergies hui	1130
963	e poresto vosloaria	mais auec moi	1131
964	Que finquedes aqui esta noche	Car se vous vous partes de ci vous ne trouueres hui	1132
965	e abredes muy buena Posada a toda vuestra voluntad buen señor dixo Lançarote yo fincare	mais se fores non saluages|si que vous y porrois bien foruoier	1133|1134
966	pues vos plaz Porvuestro Amor Pues dezides	Et il est pres del uespre|si vous lo	1135|1136
967	Que fuistes cauallero Andante	que vous remaignies	1137
968	e luego salieron delas tiendas escuderos Quelo desarmaron	et vous el asulrois ostel tout a uostre uolente|iau sire fait lancelot	1138|1139
969	e desque fue desarmado Truxeronle vn manto de xamete	puis que il vous plaist iou remandrai|Lors descentas Dde son cheual	1140|1141
970	para cubrir Porla calor	Et uallet saillent des autres paueillons	1142
971	que façia grande	si le desarment demaintenant	1143
972	e entonçe se entraron el cauallero	puis li aportent vn mantel de samit por affubler	1144
973	e lançarote enla tienda	et lors sen uont el grant paueillon entre lui	1145
974	e asentaronse	et le cheualier	1146
975|976	e començaron a fablar envno|e el cauallero le pregunto	et cil li demande ou il aloit	1147
977|978	e dixo señor|que auentura os lleba	Et lancelot li dist quil volroit estre a la cort le roy baudemagu pour combatre a	1148
979	asi solo	j	1149
980|981	e lançarote le conto toda su façienda enpero todavia le dixo|que yua ala corte del Rey bandemagus aque dixo el cauallero ame defender devn cauallero dixo lançarote	cheualier	1150
982	que me Recto de traiçion	qui lauait apele de traison	1151
983|984	e ellos|asi fablando entro vn escudero	Et en chou quil a parloient ensi orent li escuier mises lez tables	1152
985	e puso la mesa	si vont lauer	1153
986|987	e asentose el cauallero a comer|e lançarote	si sassistrent li cheualier au mangier	1154
988	e vna donzella muy fermosa	Et vne damoisele|qui moult estoit bele	1155|1156
989	que hera amiga del cauallero mas la donçella en	qui estoit amie au cheualier de laiens	1157
990	quanto vido a lançarote	si mangerent tout|iij	1158|1159
991	ansi lo cataua	ensamble	1160
992	que no se hartaua delo ver enque lo via tan fermoso	mais moult regarde la damoisele lancelot|et ne se puet de lui regarder saouler	1161|1162
993	e no cuidaua	Si ne prisa onques	1163
994	que tan fermoso ome pudiese auer enel mundo	mais la biaute domme vers la soie	1164
995	e asi lo estaua catando	Si le regarde	1165
996	que no podia comer	si ententieument	1166
997|998	que auia el escudero tirado el primero manjar dela mesa|e ella no auia metido vocado enla voca	que tout en laisse le boire	1167
999	e la donçella	& le mangier	1168
		si que a autre chose nentent	1169
		fors ca lui remirer	1170
		Si ont li escuier oste le premier mes	1171
		mais onques la damoisele nen gousta	1172
		Ains pensa toutes voies a la grant biaute lancelot	1173
		Et en celui pense li descendoit au cuer vne	1174
		si grant amor :	1175
		que elle ama lancelot outre chou	1176
		que femme nama onkes	1177
		si homme	1178
1000	asi lo catando començo a pensar tan fieramente	Si li est auis|que sil lamoit	1179|1180
1001|1002	que no hera sino marauilla|e ella	que elle seroit bone euree	1181
1003	ansi pensando cayo vn amor ensu corazon quelo començo	Mais chi endroit nen parole plus li contes	1182
1004|1005	ansi a amar a lançarote|que mas muger podia a ome amar	mais cha auant vous deuisera comment elle lama merueilleusement	1183
1006|1007	e deçia entresi mesma|que si la el quisiese amar	Et comment elle li pria	1184
1008	que se ternia porla mas bien auenturada muger del mundo mas de		
1009	como ella amo muy afincadamente a lançarote		
1010	e delas cosas	et la meruelle	1185
1011	que su amigo fiço	que sez amis en fist	1186
1012	quando sopo	quant il sot	1187
1013	que ella tan desmesuradamjente lo amaua	que elle lama|Et comment elle morut por chou quil le refusa	1188|1189
1014	e de	out ce vous trespassera li contes chi endroit pour deuiser vne autre auenture	1190
1015|1016	como ella murio|quando supo	qui lor auint el pauellon ensi com vous orres	1191
1017	que lançarote no la queria amar todo lo dexa aqui el Cuento de contar	ANsi entendi la damoisele a regarder lancelot|que onques ne manga	1192|1193
1018	Por contar vna auentura	Et tant	1194
1019|1020	que les auino enla tienda|do estauan comiendo Dize el cuento	que on dut seruir du secont mes :	1195
1021|1022	que ellos estando comiendo|asi como vos digo he aqui	Et quant il orent le secont mes es vous	1196
1023|1024	por do viene|por antela tienda vn cauallero convnas armas vermejas con gran conpaña de caualleros	j	1197
1025	e el Cauallero delas armas vermejas	cheualier arme dunes armes uermeilles	1198
1026	que delante venia entro enla tienda	qui vint corant par deuant le paueillon	1199
1027	e vio vn escudero	& vit el paueillon|j	1200|1201
1028	que seruia antela mesa	escuier|qui seruoit a la table	1202|1203
1029	e el cauallero enque lo vido fue contra el	qui estoit freres au cheualier de laiens|Et il cort mainte nant	1204|1205
1030	e tomolo porlos braços	si le prent par les espaulles	1206
1031	e pusolo antesi sobre el cuello del cauallo	& le met par deuant lui sor le col de son cheual	1207
1032	e salio conel dela tienda	si sen torne a tout	1208
1033	e el cauallero quelo vio	Et quant li cheualiers del paueillon vit chou	1209
1034	ansi lleuar començo a dar vozes a lançarote ay señor muerto so	si crie a lancelot	1210
1035|1036	si asi me lleba a aquel escudero mi hermano|Ca lo matara	Sire iou sui mors sil emporte ensi mon frere	1211
1037	si lo no acorredes	quar il locirra sil nest secorus	1212
1038|1039	e porende vos Ruego|por dios	Si vous pri pour dieu	1213
1040	que me ayudedes alo cobrar	que vous metes paine en lui rescorre	1214
1041|1042	e lançarote salio|luego dela mesa	I ors saut maintenant lancelot doutre la table	1215
1043|1044	e pidio sus armas a vn su escudero|Que y estaua le dixo señor	si demande ses armes LEt vns escuiers vint a lui	1216
1045	Por buena fee el cauallero vos a hecho llebar vuestras armas	si li dist Par foy sire vos armes	1217
1046	e vuestro cauallo pormi cabeza dixo lançarote ni	et vostre cheual enmainent il voire fait il : par mon chief por chou ne remandra il mie	1218
1047	por eso non fincara quelo non siga	que ams iou ne lez sieue	1219
1048	e luego salio lançarote dela tienda	Et lors sen ist hors del paueillon	1220
1049	e el cauallero conel	et li cheualiers aueques lui	1221
1050	e vieron yr los caualleros pasando el agua Porvna puente de madero señor dixo lançarote al cauallero fincad vos aqui no fare dixo el mas antes yre con vos	et il regarde chiaus|qui sen vont	1222|1223
1051	fasta que falledes quien vos de armas	qui auoient passe laigue par|j	1224|1225
1052	e cauallo enque sigades el cauallero	pont de fust|Et lancelot demande au cheualier sil remandra Sire fait il nenil ains vous tendrai compaignie	1226|1227
1053	Luego se començaron de yr	tant que vous aies troue	1228
1054	e andubieron tanto fastaque llegaron ala puente de madera	qui armes vous volsist baillier|Lors acoillent lor chemin droit au pont	1229|1230
1055	e pasaronla	& passent outre	1231
1056	e fueronse contravn otero	Et sadrecent a vn tertre par ou li cheualier vont	1232
1057	Por do los caualleros se yuan	Si nont gaires ale	1233
1058	e lançarote	quant il ont encontre|j	1234|1235
1059	e el cauallero fueron tanto enpos ellos fastaque encontraron vn cauallero armado devnas armas negras	cheualier a vnes armes noires	1236
1060	que venia ala puente porvn sendero pequeño altrabes	qui venoit au pont par	1237
1061	e quando el vio a lançarote	j	1238
1062	luego lo conoçio	Chemin de trauers	1239
1063	e estovo quedo fastaque llego	Et quant il vit lancelot	1240
1064	e dixole señor	si sarreste por chou quil le connut bien	1241
1065|1066	do ydes|asi de pie	Si li delp tis clmande ou il aloit ensi tout a pie	1242
1067	e desarmado	et desarmes	1243
1068	e quien sodes vos dixo lançarote yo so dixo el vn cauallero destraña tierra	Mui estes vous ls tezel fait lancelot	1244
1069|1070	que mucho me marauillo|porque vos veo yr	qui me demandes ou ie vois	1245
1071	asi e apie	Iou sui Ofait il vns cheualiers destrange pais|qui moult mesmerueil de chou	1246|1247
1072	e lançarote lo conoçio	que iou vous voi ensi aler	1248
1073|1074	e començole a contar|como el cauallero lo aluergara	Et lancelot li conte comment il estoit herbergies	1249
1075|1076	e como el otro les llebo el escudero|que ala mesa seruia afuerça ençima del cauallo	et comment li valles fu pris	1250
1077	e como le fiço llebar sus armas	et sez armes|& ses cheuals emportees	1251|1252
1078	Que galardon me daredes dixo el cauallero	Quel guerredon fait cil porroie iou de vous atendre : se ie por vous me desarmoie	1253
1079	si vos diese mis armas	& vous bailloie mes armes	1254
1080|1081	e mi cauallo porçierto dixo lançarote tal qual vos supieredes deuisar|si vos me juraredes dixo el Cauallero	et mon cheual	1255
1082|1083	que enel primer lugar|que vos fallare armado	Certes fait lancelot tel comme vous deuiseres	1256
1084|1085	e yo fuere desarmado me dedes vuestras armas yo vos dare estas mis armas|e mi cauallo Muy de grado dixo lançarote ental	Se vous fait cil el premier lieu ou iou vous trouerai arme me creantissies a baillier vos armes Iou vous bailleroie lez moies Certes fait lancelot volentiers par ensi	1257
1086	que me non falledes conuatiendo	que vous ne me truisies combatant	1258
1087|1088	e luego selo juro|entonçe desçendio el cauallero desu cauallo	Et cil descent maintenant	1259
1089	e desarmose	si se desarme	1260
1090|1091	e dio todas sus armas|e su Cauallo a Lançarote	& baille a lancelot tout son harnois	1261
1092	e Lançarote se armo	Et il sen appareille tout maintenant	1262
1093	e subio enel cauallo	et monte sor le cheual	1263
1094|1095	e dixo asu huesped|que se tornase No fare dixo el huesped	& dist a son oste quil sen retort	1264
1096|1097	si faredes dixo lançarote|que yo conoçere vien el cauallero enlas armas	quar iou connistera bien lez armes a celui	1265
1098	que lleba en qualquier lugar	qui iou vois querant	1266
1099	que el vaya yo me tornare dixo el huesped	Etr cil dist|que dont sen retornera il	1267|1268
1100	pues vos plaz	puis quil le veult	1269
1101	E luego se torno	Si sen retorne atant	1270
1102	e llebo consigo el cauallero quelas armas auia dado a lançarote	& enmaine aueques lui le cheualier|qui moult est lies de ce	1271|1272
1103	que yua muy alegre de aquel	que lancelot! doit|j	1273|1274
1104	lo que lançarote le auia prometido	guerredon|Et lancelot	1275|1276
1105	e lançarote se fue porel camino enpos el cauallero	si acuelle son chemin por aler apres chiaus quil sieut	1277
1106|1107	e andubo tanto|fasta que paso porel otero	Tant quil est uenus el tertre en haut	1278
1108	e llego avna floresta	Et lors uoit deuant lui la forest dez	1279
1109	que llamauan la floresta delos tres pilares	iij|perieus:	1280|1281
1110|1111	e porque fue ella|asi llamada este cuento lo deuisara aca adelante	Et chou porcoi elle est ensi apelee deuisera bien li contes cha auant	1282
1112	Quando el llego ala floresta	Quant lancelot fu amont el tertre	1283
1113	e no vido aquel enpos quien yua	si regarda deuant lui|mais il ni uit nul de ceaus	1284|1285
1114	e fue	que il queroit	1286
1115	entonçe porende muy triste	quar il sestoient ia feru en la forest|Et toutes voies sieut il lez esclos dez cheuaus tant quil est uenus a lentree de la ; forest	1287|1288
1116	entonçe encontro vna donçella envn muy fermoso palafren	Et lors encontra vne damoisele toute kenue	1289
1117	que hera toda cana	qui cheualchoit moult noblement	1290
1118|1119	e lleuaua los cauellos tendidos porlas espaldas|como si fuese muy moça	et auoit sez treches toutes desloies par sez espaulles comme pucele	1291
1120	e traia vn capillejo de Rosas enla cabeça	Et auoit en son chief chapel de roses	1292
1121|1122	Ca hera|entonçe por sant juan	quar ce estoit entor la saint iehan : Il le salue maintenant quil la uit	1293
1123	e lançarote lo saluo	Et elle dist	1294
1124	e ella lo torno sus saludes Donçella dixo lançarote saberme yades enseñar	que diex li donnast boine auenture|Damsolisele fait sil me sasulries vous enseignier	1295|1296
1125	por do va vn Cauallero devnas armas bermejas	quel part vns cheualiers sen uait|qui porte vnes armes uermeilles	1297|1298
1126	Por dios dixo ella yo voslo enseñare bien	Enon dieu fait elle iou le vous enseigneroie bien se iou voloie	1299
1127	si quisiere dezidme dixo lançarote	Dites le moi fait il par tel couuent|que iou soie vos cheualiers el premier lieu ou vous me requerres	1300|1301
1128	Por tal conuenençia	Se vous me creantes fait elle	1302
1129	que yo sea vuestro cauallero enel Primer lugar	que vous me sieurres el premier lieu ou iou vous en semondrai	1303
1130	que me rrequerades Si vosme jurades dixo la donçella	iou le vous enseignerai|Et il li creante maintenant :	1304|1305
1131	que vayades conmigo	dont il fu	1306
1132	luego enla ora	puis corocies	1307
1133	que vos llamare yo voslo mostrare	et moult se repenti tele heure fu|Ore ales fait elle tout chest chemin	1308|1309
1134	e lanzarote lo juro	si li moustre|j	1310|1311
1135	luego donde el se arrepintio despues muy duramente tal ora fue Vos yredes poreste camino dixo la donzella	sentier estroit|qui aloit dentrauers la forest	1312|1313
1136	fasta que falledes vn sendero atrauieso dela floresta	si ne tornes nulle part|Et quant vous asulres erre demie lieue	1314|1315
1137	e entonçe tomaredes aquel sendero	si troueres|iiij	1316|1317
1138	e desque hubieredes porel andado	pauellons sor|j	1318|1319
1139	quanto vna legua fallaredes antevn nogal tres tiendas Armadas	uiuier|tendus	1320|1321
1140	e enla vna dellas fallaredes el Cauallero	et la dedens troueres le cheualier	1322
1141	que buscades aque llaman aramante el grueso	que vous queres|que on apele atramant le gros	1323|1324
1142	e vos lo conoçeredes porestas señales en medio dela frente ados llagas agora vos podedes yr mas anteme deçid	si le connistres a ces enseignes quil a en mi le front	1325
1143	como auedes nombre	ij|plaies	1326|1327
1144	e el se nombro mucho amidos	Or vous en poes aler fait elle	1328
1145	e dixo yo he nombre Lançarote del lago Lançarote se partio	mais que vous me dites vostre non|Et il se nomme moult a enuis	1329|1330
1146	luego dela donçella	mais toutes voies li dist il quil a a non lancelot del lac	1331
1147	e fuese Porel camino	A tant sen uait lancelot tout le chemin	1332
1148	que ella hauia mostrado	que elle li ot enseignie	1333
1149|1150	e yua tan apriesa|quanto el cauallo podia andar	si grant TTaleure comme il puet del cheual traire	1334
1151	e andubo		
1152|1153	asi fasta|que alcanço los caualleros depos quien yba	tant quil ataint lez cheualiers as quil sieuoit	1335
1154	e el les començo a dar vozes de	si lor escrie|si haut	1336|1337
1155|1156	quanto vido|que le podian oyr	que tout le porent bien oir	1338
1157	e luego vino contrael vno delos caualleros el escudo al cuello	Et maintenant li vint a lencontre li vns daus a cheual lescu au col la lance el poing	1339
1158	e la lança enla mano armado de todas armas	et fu bien armes de toutes armes	1340
1159	e lançarote lo yryo	Et lancelot le fiert	1341
1160	asi tan duramente	si durement	1342
1161	que porel escudo ni porla loriga no finco quele no metiese la lança pormedio del cuerpo	que por le hauberc ne remaint il mie quil ne li mete parmi le cors le fer del glaiue	1343
1162	e dio conel gran cayda en tierra Como	si lempaint bien comme cil	1344
1163	aquel que hera de Gran fuerça	qui ot alslses cuer	1345
1164	e Luego vino otro contrael aparejado de Justar	et force	1346
1165	e lançarote no Rehuso ante boluio la Cabeza del cauallo alla	si le porte del cheual a terre|puis traist son glaiue a soi	1347|1348
1166	do lo vyo venir	si en reuoit vn autre venir tout apreste de iouster	1349
1167	e el cauallero lo firio	& il li torne le cheual|et cil	1350|1351
1168	ansi que su lança le quebro En medio del escudo	qui uenoit acorant li donne tel cop sor son escu|que sa lance vole em pieces	1352|1353
1169	e lançarote lo hirio	Et il aporte la soie j	1354
1170	ansi vn poco baxo	poi plus bas	1355
1171	asi ençima del arçon dela silla	si le fiert|si durement	1356|1357
1172	asi quela loriga no lo pudo defender quela lança no le metiese pormedio del cuerpo	que lez mailles del hauberc ne porent soffrir le cop|que li glaiues ne li voist parmi le cors	1358|1359
1173	asi que la Lança paresçio dela otra parte	si quil pert de lautre part	1360
1174	e Dio conel	Et il lempaint	1361
1175	e conel Cauallo envno en tierra Mucho se Marauillaron los otros Caualleros desto	si durement quil porte lui|& le cheual a terre tout en	1362|1363
1176	e dixeron	j|mont	1364|1365
1177	que mucho Justaua bien el Cauallero	Lors dient cil	1366
1178	Que dos delos mejores Conpañeros auia derribado	qui deuant sen uont|que bien iouste li cheualiers qui	1367|1368
1179	e lanzarote se lanço	ij	1369
1180	entonçe entre el	de lor compaignons a abatus	1370
1181	los que heran veinte	Et lancelot laisse corre a aus tous quencore estoient|xij	1371|1372
1182	e el conla espada enla mano	Si trait lespee	1373
1183|1184	que la lança hera quebrada|e començo a derribar escudos	quar ses glaiues iert brisies au cheualier quil auoit daarrainement abatu	1374
1185	e a cortar yelmos	Si lor detrence escus	1375
1186	e lorigas ençima de braços	& lor pechoie heaumes	1376
1187	e de espaldas	& derront haubers	1377
1188	asi que tanto hizo Porsu proeza	si fait tant par sa proece	1378
1189	que quantos lo vian se marauillauan ende mucho	que tuit cil|qui Ie voient sen esmerueillent	1379|1380
1190	e Quando vido el Cauallero delas armas vermejas ende endereço contrael	Et la ou il voit le cheualier as armes uermeilles	1381
1191	e dixo esperad Cauallero	si ne le mesconnut mie ains li adrece le cheual parmi euls tous	1382
1192	e diole vn tal golpe dela espada de toda su fuerça sobre el yelmo	et li donne|si grant cop parmi le heaume quil ne se puet tenir es archons	1383|1384
1193|1194	que dio conel en tierra estendido|e traxo al cauallo tantas vezes sobre el quelo dexo medio muerto	ains cai a terre	1385
1195|1196	e quando los otros caualleros esto uieron fueron muy escaidos|Ca bien Cuydauan	Et lancelot li uait par desor le cors	1386
1197|1198	que su señor hera muerto|e metieronse en auentura de muerte lo vengar	tant que tout le debrise	1387
1199|1200	e dexaronse yr ael muy determinadamente|e lançarote	Lors sont li autre moult esmaie	1388
1201	que desto no se espanto ni vn poco	quar il quident quil soit mors	1389
1202	Ca bien se cuydaua defender baldonaua a todos su escudo	Et il estoit lor sires|si se metent en paine de lui uengier	1390|1391
1203	e daba tales Golpes consu espada	Si corent sus a lancelot|mais il ne le trueuent pas esbahi	1392|1393
1204	Que aquel	Ains est pres de lui desfendre|si lor abandonne son escu	1394|1395
1205	que alcançaua aderecho golpe le fazia sentir la espada enla carne desnuda	& lor donne grans cols la ou il lez puet ataindre|Ne onques por pooir	1396|1397
1206	e daua conel del cauallo en tierra	que il eussent ne li porent tolir terre	1398
1207	e les quebranto los yelmos enlas cabeças	Ains ua sor aus a force	1399
1208	e les cortaba piernas	& mal gre auls	1400
1209	e braços	Et de tant li auint il bien quil nataint cheualier a cop quil ne li face lespee sentir en	1401
1210	e asi	car nue	1402
1211	que quanto alcançaua todo lisiaba	ou il le porte del cheual a terre	1403
1212	Que delos golpes dela espada	Si lor arache lez heaumes des testes|et se hurte entreuls de cors	1404|1405
1213	que delos Pechos del caballo	& de cheual|si en a	1406|1407
1214	e asi abia los çinco a tales partido	y|tels atornes	1408|1409
1215	que non podian bollir pie ni mano tales yazian en tierra	que il gisent a terre|& nont pooir de euls releuer	1410|1411
1216	e quando los Caualleros vieron las marauillas de armas	Et quant li autre uirent chou|si lor est auis	1412|1413
1217|1218	Que el façia|luego vieron queles conuenia morir	que sil y demoroient plus quil mi porroient durer sans mort	1414
1219|1220	si mas ay porfiasen|entonçes començaron todos a fuir contrala floresta ado vian la mayor espesura	si senfuient au plus tost quil pueent vers la forest la ou il le virent plus espesse	1415
1221	Quanto los cauallos los podian llebar Mas lan çarote no los quiso seguir mas antes se fue al cauallero delas armas vermejas	Et lancelot ne lez porsieut mie|ains sen retorne au cheualier	1416|1417
1222	que auia derribado	qui auoit lez armes uermelles	1418
1223	Por saber quien hera	Car il uaudra sauoir|qui il est	1419|1420
1224	e quando lançarote ay llego	Et quant il y est uenus	1421
1225	luego fallo el escudero	si trueue lescuier quil queroit	1422
1226	que ante el estaua enla tienda	& auoit lez mains loiies derriere son dos|Et il vint a lui	1423|1424
1227	que auia tomado	si li desloie	1425
1228	e estaua envn rroçin las manos atadas atras	Quant li escuiers se sent deliures	1426
1229	e fue	si sen uient uers lancelot	1427
1230	luego alo desatar	si li chiet as pies|et le mercie moult de dieu de la cortoisie quil li auoit faite	1428|1429
1231|1232	e el escudero enque se vio libre hecho sele alos pies|e agradesçio mucho a dios	Et lancelot descent a pie	1430
1233	porque asi lo auia librado	si li baille son cheual a garder	1431
1234	e lançarote desçendio del cauallo	puis vint au cheualier	1432
1235|1236	e diolo al escudero|e fuese al cauallero	qui ia sestoit releues en son seant	1433
1237|1238	que estaua ya ensu acuerdo|e se Reuoluia porse leuantar enpero estaua aun atordido	et estoit	1434
1239	que no via ni aun gota	si estordis quil ne veoit goute	1435
1240	e lançarote quitole el yelmo dela cabeça tan rreçio	Et lancelot li errache le heaume de la teste	1436
1241	que dio conel en tierra delas manos	si felenessement quil flatist a terre tous pasmes	1437
1242|1243	e delas Rodillas|e al arrancar desollole las narizes	Et lancelot le redrece	1438
1244	e la frente	& le voit	1439
1245|1246	que la sangre le hizo ende salir muy fieramente|e dixole	si sanglent quil quide vraiement quil soit mors	1440
1247|1248	si te no tienes|por vencido yo te matare	Lors se repent de chou	1441
1249|1250	e el cauallero estaua atal quele no podia rresponder|e asi estaua amortesçido	que tant de mal li auoit fait	1442
1251|1252	e lançarote catolo|e fallolo todo sangriento	Si sassiet lez lui pour sauoir	1443
1253|1254	e bien cuydo|que hera muerto	que il fera	1444
1255	e mucho se arrepintio	Et ia se releuoient	1445
1256|1257	porque tan mal lo auia fecho|e tirose del todo	iiij	1446
1258	por ver	de chiaus	1447
1259|1260	lo que aria|e los tres caualleros	qui auoient este abatu	1448
1261|1262	que ante derribara començaronse a Reboluer|e lançarote enquelo vido fue alla	Et lancelot lor cort sus	1449
1263	e dixoles	& dist	1450
1264|1265	si vos no tenedes|por vençidos yo vos matare	que tout y morront	1451
