0	avoir trové	pout ce	0
1|2	Si li conte tote s' aventure issi com vos avés oi dire ça arrieres|tant	que iele uoul droie auoir trouue siluy compte toute son auanture tant quil cõgnoit bien	1
3	qu' il conoist bien		
4	que c' est il	que cest celle	2
5	qu' ele quiert a	qui le quiert	3
6	Mais por le coros de la mort al seneschal ne se volt fere conoistre ains li respont Certes damoisele chevalier	Mais pour le couroust quil a du sencchal|et de sa mort ne se uoult faire congnoistre	4|5
		mes leur respont cer tes damoiselle ie ne cõgnois mie le cheualier	6
7	qui porte escu blanc ne conois je nul	qui porte les blances armes	7
8	— En non Dieu sire fet ele ce poise moi chierement	En nõ dieu fait elle il me poyse monlt chierement	8
9	Et il n' en tient plus a li parole ains part	A|donc sen part	9|10
10	si tost com il l' ot commandee a Dieu a	et ne uoult plus parler il la commãdee a dieu|et sen ua	11|12
11|12	et chevalche en tel maniere jusqu' a tierce tant|qu' il vint a l' issue de la forest;	et cheuauche iusques a tieret eustes onques pitie de nulle gentille dãe oies tant quil uint a lissue de la foiest	13
13|14	et il torne a destre vers un chemin viés|et ancien;	et il tournta desire uers ung petit chemyn uieil:	14
15	si ne demora gueres	si ne demoura gueres quil uint en une uallee	15
16	qu' il vint a une eve P lee	ou il couroit une eau monlt roid de la quelle estoit grande	16
17	et parfonde	et parfonde	17
18	mais il n' i trueve pont ne gué ne passage nul	et ne treuue ne pont ne planche par ou il puisse passer	18
19|20	Et il regarde d' autre part de l' eve|si voit I	Sy regarde de laul tre part de leaue	19
21	petit chastel molt bien seant clos de mur bateillié tot entor a la roonde	⁊ uoit ung beau chastel monlt bien seant|et biencloz de muraille tout entour	20|21
22	ll regarde grant piece le chas tel	Il regar de le chastel grant pieche	22
23	dont la façons li plest molt a regarder	car monl tluy plaisoit a uoir	23
24|25	puis s' en torne contreval la riviere|por savoir s' il i peust trover ne pont ne gué	puis sen tourne contre ual la riuiere pour scauoir sil pouroĩt trouuec ne pont ne gue par le	24
		quel il	25
		puis se passer	26
26	mais il n' en trueve point	mes il nen truue point	27
27|28	et quant il voit|qu' il n' i passera	Et il uoit ce	28
29	si ne set	si ne scait	29
30	que fere	que faire	30
31	que retorner ne voldroit il mie	car retourner ne uoulloit pas	31
32|33	Atant voit issir del chastel une damoisele|qui ert tote nue en sa chemise	A tant uoit yssir une damoiselle du cha stel la quelle estoit toute nue en sa chemise	32
34	si le menoient troi vilain molt vilainement a	sy la menoient quatre ribaulx monlt felonneu sement	33
35	et tenoit chescuns une hache en sa main;	et tenoiẽt chascun en sa main ungeou stel trenchant	34
36|37	et ele crioit quanque ele pooit crier|por els	Et la damoiselle crioit tant commeelle pouoit pour la laidute	35
38|39	qui li faisoient tel honte|et tel laidure	et honte q̃ telx ribaulx lup faisoient	36
40	qu' il la venoient batant tot contreval la riviere	et la menoiẽt hatant contre ual la riuiere	37
41	Et quant la damoisele vit le chevalier de l' autre part de ! l' eve	Et quãt la damoy selle uoit le cheualier de lautre coste del a ry	38
42	si commence a crier Ha gentilz chevaliers secorés ceste damoisele	uiere commenca a crier|et dire en tell maniere Haa beau	39|40
		et gentil cheualier secoures ceste da moiselle	41
43	que cist ribaut vuelent ocirre	que ces ribaulx ueullent occire	42
		haa franc hõme fait elle me lesres uoꝰ ainsi moucir entre les maĩs de telx paillars	43
44	Ha frans hom ne m' i laissiés morir se vos onques eustes pitié de nule gentil damoisele	et se uous pitie de moy|car se uoꝰ ne me secoures ie sups a la mort liurer	44|45
45|46	Quant Boors ot ce|qu' ele li prie	Et quant boort ouyt quelse le prioit	46
47	si pitousement qu'il la secore	si piteusement	47
48	si ne set	si ne scait	48
49	que fere	que faire	49
50	kar volentiers li aidast s' il peust;	car uoulentiers luy all ast aider se il peult estre	50
51	mais il voit l' eve noire	mes il uoit la riuiere pfonde	51
52	et parfonde	et dangereuse a passer	52
53|54	et si perilluse|qu' il cuide bien noier s' il se met dedens;	et scait bien sil ẽtre dedens qͥl se met en peril de moit	53
55	et d'autre part il voit cele	Et daul tre part il uoit celle	54
56	qui si durement crie merci;	qui si piteusemẽt fui crie mercy	55
57|58	si l'em prent tels pitiés|qu' il en laisse totes poors	Si luy en prent teile pitie quil en laisse toute paour	56
		⁊ faitle	57
59|60	et fet le signe de la crois en mi son vis|puis enbrace l' escu	si gne de la croix deuant son uisaige puys embiache son escu	58
61	et broche le cheval des esperons	et fiert soncheual des esperõs	59
62|63	et se fiert en l' eve|Et li chevals fu fors	et se lanche dedens leaue tout erraumẽt:	60
64	si commence a noer	et le cheual commence a noer	61
65	si tost com il ot terre perdue	si tost quil eust terre perdue	62
66	si l' enporte d' autre part de la rive a quelque paine	et sen passe le cheual iusq̃s de laultre part de leaue mes ce fust agrãt paine	63
67	mais ançois ot beu de l' eve li uns	car aĩs quilz feussent passes beurent de leauelun	64
68	et li autre	et lauftre	65
69|70	et se li chevals ne fust|si buens noié fuissent ambedui	et se le cheual neust esie foit	66
71	kar li chevaliers estoit pesans	et don ilz feussent nopes	67
72	por les armes	et lun	68
73	qu' il avoit vestues	⁊ laultrecar lecheualiet estoit fort pesant pour les acmes quil auoit Seconde Gestues	69
74	Quant il fu de l' autre part de l' eve	Quut il fut delautre part de leaue	70
75	si ne descendi pas ains cort vers cels	si ne descẽdist oncq̃s ains courust uers ceulx	71
76	qui la damoisele tenoient	qui la damoiselle tenoient:	72
77	et fiert		
78	si le premier		
79|80	qu' il aconsieut|qu' il li met le glaive par mi le cors	⁊ fiert tellemẽt le premier quil encontre qͥl lui met le glauie pamy le corps	73
81	si l' abat a terre	si labat a terre	74
82|83	et li autre s' enfuient erraument|por ce	⁊ les autres se met tent en fuite	75
84	que desarmé estoient		
85|86	Et la damoisele|qui delivree se voit se met a genols devant Boort	La damoiselle qͥ deliuree se sẽt se met a genoulx deuant lui	76
87	et dist Ha gentils chevaliers de Dieu soiés vos beneois	et lui dit|Haa gen tif cheualier de dieu soiez uous benoit:	77|78
88	quant vos m' avés de mort rescosse		
89	et aorés en soit Diex		
90|91	quant il ceste part vos amena|kar cist gloton m' euissent ja morte	car ces gloutõs me eussẽt occiz se ne feussez uoꝰ	79
92|93	— Damoisele fet il|por quoi	Da moiselle fait il pour quop	80
94	? — Sire fet ele jel vos dirai bien	Sire fait elle ie le uous diray	81
95	mais que vos m' aiés mise a sauveté	mais q̃ uous me aiez mise a sauuete	82
96	— Coment		
97|98	? fet il|Avés vos	E ommẽt fait il auez uous	83
99	dont garde	donc paour	84
100	? — Certes fet ele ja asseur ne seraî fant com je sache laiens le seignor del chastel	Sire fait esle ia seure ne serap|tant que ie sache leans le seigneur de ce chasteau	85|86
101|102	kar c' est li plus fel chevaliers del monde|et li plus traîtres	car cest le plus fel cheualier du monde	87
103|104	A ces paroles voient issir I|chevalier del chastel	⁊ le plus cruel Ces parolles uoient issir ung cheua lier du chasteau:	88
105	et la ou il vit Boort	⁊ la ou il uoit boort iefuil escrie	89
106	si li escrie Laissiés dans chevaliers la damoisele		
107	que vos n' enmenrois mie! Par mon chief mar le rescosistes	Cheualier laissez la damoiselle par mon chief mal la rescouistes	90
108|109	Si li cort quanqu' il puet le glaive alongié;|et Boors retrait son glaîve a lui del cors a celui	Boort lẽtẽt	91
110|111	qu' il avoit ocis;|si laisse le cheval corre	si lui court tãt qͥl peut du cheual traire le glai ue allongnie	92
112	et le fiert	⁊ le fiert	93
113|114	si tres durement|qu' il l' abat a terre	si duremẽt quil labat a terre	94
115|116	si estordi|qu' il n' a pooir de relever ains gist pasmés	si estourdp qͥl na pouoir de soy releuer:	95
117	kar il chai		
118	si felenessement		
119	qu' a poi		
120|121	que la canole del col n'avoit brisee|Et Boors li vet a cheval par desus le cors	et booit lui ua par dessus le col a cheual tãt	96
122	tant que tot le debrise	que tout le debrise	97
123|124	Et lors est la damoisele|si liee	Et booit a tant la damoisesle esioupe q̃ elle ne peut plus:	98
125	qu' ele ne puet plus	⁊ dit a boort	99
126	et dist a Boort Sire nos n' avons mes garde	Gire nous nauons mes garde:	100
127|128	kar je ne cuit|qu' il eust plus de chevaliers çaiens	car ie ne cuide poĩt qͥl y ait plus de cheualiers leans	101
129	que cestui;	que cestui	102
130|131	si vos dirai ore seurement ce|que vos me demandastes n' a encor gaires	si uous dirap seurement ce q̃ uous mauez demã de	103
132|133	— Dites fet il|— Sire fet ele entre moi	Par ma fop fait elle moy	104
134|135	et I|chevalier	⁊ ung cheualier	105
136	qui mes amis estoit chevalchions hui matin par mi cest chastel	qui mon amy estoit cheuauchions par mi cest chasteau	106
137	et quant li freres a celui	Et quant le frere de celui	107
138	que vos avés abatu me vit	que uous auez abatu me uist	108
139	si me volt a force prendre	si me uoulut auoir|⁊ prẽdie a force:	109|110
140	kar il m' avoit molt longuement amee;	car il me auoit longuemẽt apmee	111
141	si me prist al frain	Il print mon cheual	112
142	et m' en volt mener a force mes mes amis se combati a lui tant	et men uoulut mener a foice:|mais mon amp se combatist a lui tãt qͥl loccist	113|114
143	qu' il l' ocist		
144	Et quant cist	Et quant celui	115
145|146	que vos veez ci ore vit son frere mort|si fist mon ami prendre a force de vilains	que uous uoiez cy uist son frere mort il fist mon amp prendre par for ce de gens	116
147	et de gens	et de uillains	117
148	et l' ocist en venjance de son frere	⁊ loccist en uengãce de son frere	118
149	Mais de moi		
150|151	por cui Ses freres avoit esté ocis dist il|qu' il se vengeroit sans main metre;	et dist quil se uẽgeroit de moy sãs main mettre	119
152	si me fist prendre a ces ribaus	Ei me fist prendre par ces qua tre ribaulx	120
153	que vos veistes	que uous auez ueu	121
154|155	et lor commanda|qu' il me noiaissent	⁊ leur cõman da quilz me noyassẽt	122
156	kar par armes dist il ne vueil je mie	car par armes neuueil le pas	123
157	qu' ele muire ;	que elle meure	124
158	si m'enmenoient	Gi me emmenoient aĩ	125
159	si com vos veistes morir	si comment uous auez ueu pour noyer	126
160	quant vos me venistes secorre par la volenté de Dieu	quant uaus me uenistes secourir par la uoulente de dieu	127
161	et par la vostre	et par la uostre	128
162	Or vos ai conté mon errement ;	Or uous ap toute cõpte ma foitune	129
163	si voldroie des Ore mes se vostre plaisirs estoit	si uoul droie se uostre uoulentey estoit	130
164|165	que vos me menissois a salveté en un mien chastel|qui est ci pres	que uous me menissez a sauuete en ung Partie mien chasceau qͥ est ey pres	131
166	— Volentiers fet il	Moulentiers du il	132
167	Si le prent par les bras	⁊ il la prent par le bras	133
168	et le monte par devant lui sor le col de son cheval	et puis la met sur le col de son cheual	134
169	si a geté son escu derieres [c) son dos	si a iecte son escu derrier son dos:	135
170	si s' en vet cele part ou la damoisele li enseigne	⁊ puis tourne celle part la ou la damoiselle lui enseigne	136
171|172	tant que ce vint aprés midi|qu' il voient en un tertre I	tant que uint aprez midp q̃ ilz uirent deuant eul x ung moult heau cha	137
173	bel a chastel	steau:	138
174|175	et lors ataignent Il|escuiers	⁊ lors attaignent deux escuiers a lẽtree de ung petit boix	139
176|177	qui issoient d' un bossel|et aportoit chescuns venoisons trosee detriers soi	⁊ portoit chacun uenoisõ der rier lui tioussee	140
178	Quant il virent la damoisele	Et quant ilz uirent la damoi selle ilz descendirẽt a pie|⁊ lui firent	141|142
179	si descendent a pié	si grãt hõ neur	143
180	et li font grant joie com a celi	⁊ si grant iope comme a celle	144
181	qui lor dame estoit	qui leur da me estoit:	145
182|183	mais molt se merveillent de ce|qu' il la virent plorer:	mais moult se merueillent de ce qͥlz la uoient plourer:	146
184	si li enquierent	si demandent	147
185	que ele a	que elle a	148
186	Et ele lor dit comment ses amis avoit esté ocis	et elle leur compte comment son amy auoit este occy	149
187|188	et je meismes euisse esté morte|se ne fust cis frans chevaliers	⁊ mop mesmes eusse este occie se ne feust ce franc cheualier	150
189	qui par sa debonaireté me resqueust	qui par sa debonnairete ma rescousse	151
190|191	et se mist em peril de mort|por ma vie sauver	⁊ sest mis en peril de moit pour me p sauuer	152
192	Et lors conseille a l' un de ses escuiers	Et lors elle parle a conseil a ung des escuiers	153
193	et cil se destrosse maintenant de sa venoison	⁊ celui se destrousse maintenant de sa uenoison	154
194	si la baille a son compaignon	⁊ la baille a porter a son cõpaignon	155
195|196	por porter|si s' en vet vers le chastel quanqu' il puet traire del roncin	⁊ sen ua uers le chasteau tant quil peut courir atout son roussin	156
197	Et Boors demande a la damoisele comment li chastials a non ou ses amis a esté ocis	Et booit demande a la damoiselle comment le chasteau auoit nom ou son amp auoit este occp	157
198	Sire fet ele il a non Galedon	Gire fait elle il a nõ gal don	158
199	et l' eve par ou vos passastes a non Galede	⁊ leaue ou uous passastes a nom ga lide	159
200	Ensi parolent tant	Ainsi sen uont parlant ensemble boo:t|⁊ la damoisel le	160|161
201|202	qu' il sont venu jusqu' al chastel|si le voit Boors bien seant	tant que ilz sont uenus prez du chasteausi le uoient beau	162
203	et fort	et fort	163
		et moultbien seant	164
204	Et quant il montent ! le tertre	Et quant ilz sont montez le tertre	165
205	si voient de laiens issir dames	si ui cẽt dames	166
206|207	et damoiseles a grant plenté|dont les unes karolent	et damoiselles a grant plante dõt les unes dansoient	167
208	et les autres dancent	et les autres deuisoient	168
209	et les autres joent de divers geus;	et les autres iouoient de diuers ieux	169
210|211	si estoient acesmees|et vestues richement	si estoient toutes uestues moult richement	170
212	et avec venoient chevaliers jusqu' a X	⁊ auec elles uenoient des cheualiers iusques a dix	171
213	qui molt faisoient grant joie;	qui fai soient moult grant ioye	172
214	et quant il voient Boort	Et quant ilz uirent boort	173
215	si crient tuit encontre lui Bien viengniés sire	si lui crietent tous|Sien uiengniez uoꝰ	174|175
216	qui nostre dame avez delivres de mort	qui nostre dame auez rescousse de mort	176
217	et rescosse des mains a ses enemis	et deli uree des mains de ses ennemis	177
218	Et lors font descendre lor dame	Etlois font descendre leur dame	178
219	et lui avec :	et lui auec	179
		Ei ne pour	180
220|221	si ne vos porroit nus conter la joie|qui li fu fete	roit nul hõme cõpier la grant iope qͥ leur fut faicte	181
222|223	A tel joie|et a tel feste enmainent Boort jusqu' al palés del chastel	A telle iope menerent uooit au pallais	182
224	si le font desarmer ou il volsist ou non		
225|226	et il le fist a envis|kar il n' estoit encore mie tens de herbergier	Et quant ilz eurent mẽgie la damoiselle lui demanda commẽt il auoit nom	183
227	Ensi remist Boors laiens		
228	si li firent grant joie li un		
229|230	et li autre a|Et quant il orent mengié	Et il respõ dist quil auoit nom uooit le essillie	184
231	a damoisele demande a Boort comment il avoit non ét ¡l dist		
232	qu' il avoit non Boors li Essilliés	et si estoit cousin germain de lancel ot du lac	185
233	Et vos fet il	Et uous dame	186
234	damoisele quels est li vostre nons	quel est uostre nom	187
235	? — Sire fet ele	Sire fait elle iap nom benigne de glacedon	188
236	je ai non Blevine de Glocedun issi a non cist chastials ou nos somes	et ce chasteau cy ou nous sommes a aussi nom glacedon|diiiii	189|190
237|238	A ces paroles|qu' il disoient es vos I escuier	ces parolles quilz disoient uecy ung es cuper	191
239	qui laiens entre	qui entra leans	192
240|241	si s' agenoille devant la damoisele|Dame fet il la damoisele de Honguefort vostre cosine vos salue	si se agenoille de uant ra damoiselle dame faitil madame de honguesfoit uous sallue	193
242	et vos mande	et uous mande	194
243|244	qu' ele vient herbergier o vos|Et quant cele l' entent	que else se ueult ennuyt sogier auec uoꝰ	195
245	si saut sus		
246|247	si liee|et si joiose	Et quãt celle lost	196
248|249	que nule plus|et demande al vaslet ou ele est	si demande a lescuper ou elle est da me fait il a demyelieue de cy	197
250	Dame		
251|252	fet il a mains de demie lieue pres de ci|Et ele fet maintenant sa sele metre	et elle mõte sur son cheual auec quatre theualiers	198
253	et dist		
254	qu' ele ira encontre li;		
255|256	si monte|et maine o li	et quatre es cuyers pour qller a lencontre de la dame	199
257	VI		
258	chevaliers		
259	et Illl		
260	en laisse		
261|262	por fere compaignie a Boort ;|si se part atant de laiens	⁊ si laisse quatre cheualiers auec boort pour luy faire cõpagnie mes booit	200
263	Mes Boors		
264|265	qui les noveles a of̈es de cele de Honguefort|si ne set	qui les nouuelles a entendues de la dae de honguesfort ne scait	201
266	que fere	que faire	202
267|268	kar se il remaint laiens ne puet estre|que l' en nel conoisse	si pense longuement	203
269|270	et ce ne voldroit il|por rien:	car il ne ueult pas estre congneu	204
271|272	si pense longuement a ceste chose|Quant il ot une piece pensé	et quãt il a longuemẽt pen se	205
273	si se drece en estant	si se lieuue en son estant	206
274	et demande ses armes tost	et demande ses armes	207
275	et isnel		
276	Sire font cil		
277	qui avec lui estoient		
278	qu' en volés vos fere		
279	? — Je me vueil		
280|281	fet il un poi aler esbatre jusqu' a cel boschel|si revendrai orendroit	Gire sont ceulx qͥ auec lup estoiẽt pour quop les demaudes uous ie me uueil fait il armer pour moy aller esbatre iusq̃s en ce bochel mes ie reuendray tantost	208
282|283	Cil n' osent son commandement refuser|si aportent ses armes	et ceulx nosẽt ceffuser soncõ mandement lors lup apportent ses armes	209
284	et il les prent		
285	Et quant il est armés	et quãt il fust arme	210
286	si monte en son cheval a		
287	si se part de laiens par une posterne par devers le boschel ne ne velt	si sen part de le ans par la posterne uers ung petit bosc|et ne ueult	211|212
288	que nus li face compaignie	que nul lup face compagnie	213
289|290	Et quant il est l|poi eslongiés del chastel	Et quãt il est ung pou eslongnie il tourne uers une fo rest grãde	214
291	si torne a destre vers une forest		
292	qu' il voit haute		
293	et espesse	et espesse	215
294	et s' en vet al ferir des esperons;		
295	si se fiert en la forest	si fiert des esperons	216
296	et eirre tant	et sen entra dedens	217
297	qu' il li anuite ;	et cheuaucha	218
298	et lors escote	tant que la nupt uint	219
299	si ot une cloche soner	Il ourt une cloche sonner	220
300	et il sot bien tantost	si pense tãtost	221
301	que c' estoit hermitages:	que cest unghermitage	222
302	si s' en torne cele part	il sẽ alla celle part	223
303|304	et descent a l' uis|si apele	⁊ purs frappa a fups	224
305|306	et li hermites li oevre son huis|si a le reçoit a bele chiere	et lermite le rechoit a bel le chere	225
307	et le desarme il meismes	et le desarma	226
308	puis vet cueillir [d) de l' erbe al cheval	et puys cueillit de lerbe uerte pour le cheu al	227
309	et por fere lit al chevalier	et fist le lyt au cheualier	228
310	Ensi est Boors remés chiés l' ermite	Insi esi booit demoure auec lermite	229
311|312	et la damoisele de Glocedun chevalcha tant a|qu' ele encontra cele de Honguefort;	et la damoiselle de a sacedon a tant alle quelle encõtra celle de honguesfort	230
313	si s' entresaluent	si sentre|salluerẽt	231|232
314|315	mais molt se merveille cele de Glocedun|quant ele voit sa cosine	Et quãt celle de glacedon uoit sa cousine	233
316	si atornee		
317|318	et tote sa maisnie:|si li demande l' acheison	⁊ toute sa mesgnie ainsi atournee elle sen merueille monlt sp lui demãde lachoison	234
319	et cele li conte de chief en chief	et celle luy compte toute la uerite	235
320|321	et dist|que jamés ne finera d' errer jusqu' el ait le chevalier trové	et dist q̃ iamaiz ne fineta de errer iusq̃s a tant q̃lle aura trouue le cheualier	236
322|323	et bien sachiés fet ele bele cosine|que c' est li plus bials chevaliers	et sachiez belle cousine q̃ cest le plus beau	237
324	et li mieldres	et le meilleur	238
325	que je onques mes veisse	que ie ueisse on ques	239
326	et si est encore jovenes enfés;	et sy estencore ione enfant	240
327|328	si ai tel duel|quant il me membre de la vilenie	si ap tel deul quãt il me souuient de la uillanie q̃ ie luy feiz	241
329	que je fis		
330	qu' a poi	que a pou	242
331	que li cuers ne me part el ventre	que le cueur ne me part du uentre	243
332	— En non Dieu bele cosine fet cele de Glocedun s' il vos avint bele aventure il ne m' est pas hui avenue mains bele	Eu nom dieu belle cousine fait celle de ghace don|sy uous est aduenu belle auãture	244|245
		il ne men est pas aduenue une moins belle	246
333	Si li conte tot ensi com il li estoit avenu	Ep luy compte tout ainsi comment il luy estoit Seconde aduenu	247
334|335	et dist|qu' ele a le chevalier herbergié	et dist quelle auoit l ecdegie le chẽutt lier	248
336|337	mais bien sachiés fet ele|que c' est li plus bials chevaliers	et uous dys bien q̃ cest le plus beau cheualiec du monde	249
338	que je onques mes veisse		
339|340	et jovenes durement ;|si li devise sa façon	sy lui deuise sa facon tant quil est aduiz a celte dehonguesfoit	250
341	et son grant		
342	et sa mesure tant		
343	qu' a cele de Honguefort est avis		
344|345	que c' est cil|qu' ele quiert	que cest celuy quelle quiert	251
346	si li tarde molt		
347|348	qu' ele le voie|Ensi chevalchent jusqu' al chastel	si luy tar de quellele uoie En ielle magniere cheuauchẽt tãt quilz sont uenues au chastel	252
349	si descendent la damoisele molt honorement	si decendent la damoiselle monlt hounourablemẽt	253
350	et molt font grant joie de li a	et font grãt ioye de celle de honguesford	254
351	Et lors sont montees el palés;	fors sont mõtees au pal laiz	255
352|353	si demande cele de laiens ou ses ostes est|Par foi font	si demãde ta damoiselle de leans ou est son hoste	256
354|355	si chevalier ¡l s' en vet orrendroit tos armés fors de cest chastel|mais il nos dist	deurap dirẽt les cheualiers de leãs Il sen ua orendroit tout seul arme hors de ce chastel mes il noꝰ dist quil reuẽdroittantost	257
356	qu' il revendroit tantost; n' onques		
357|358	por nul pooir ne volt soffrir|que nus de nos alast avec lui	ne onques ne uolt souffrir q̃ nul allast auec luy	258
359	—		
360|361	Quel part s' en ala il|? fet ele	si a prins sõ cheml uers ce bochel	259
362|363	— Dame font il vers cel boschel|— Or tost fet ele montés alés aprés lui	Mi tost dyt la dame montes sy alles apprez lup	260
364	si le nos ramenés	et le ramenes arriere	261
365|366	Lors sont monté li X|chevalier	Lois montent tous les cheualiers	262
367|368	et vienent jusqu' al boschel|si le cerchent amont	et uiennẽt iusques au bochel	263
369|370	et aval mes del chevalier ne pueent riens trover|si en sont molt irié	et le cher cent amõt	264
371	et dolent	⁊ aual	265
372	et mandent a lor dame		
373	qu' il ne le pueent trover	mais ne le peuẽt trouuer	266
374	En non Dieu fet ele ensi ne remandra il pas	Eu nõ dieu fait elle il ne demoura pas aisp	267
375	Si monte	si monte elle	268
376	et tote sa maisnie	et sa mesgnie	269
377	et commande a cerchier le bois de totes pars	⁊ cõmencent a cher cer le bochel de toutes pars	270
378|379	et il en font son commandement|Mais tot ce ne lor valt riens	et prie aulx cheua liers quil z le chersacent mes ce ne leur ualust ciẽs	271
380	kar il n'em puent avoir nul asenement a	car ilz ne porẽt ouyt nulle uraie ẽseigne	272
381	Quant ele vit ce	Quãt elle uoit ce	273
382	si s' en retorne en son chastel dolente	si sen retoure en son chastel dollente	274
383	et corociee	et courroucee	275
384|385	et conte a cele de Honguefort comment ses ostes s' en estoit alez|puis demande a cels de laiens Bials seignors	et compte a celle de hõ guesford cõment son hoste sen est alle puys de mande a ceulx de leans	276
386	quant s' em parti il — Par foi dame font il	Beaux seigneurs quãt sen parti il|par ma foy	277|278
387	si tost com il vos en vit aler	si tost|que uous feustes partie	279|280
388|389	et dist|qu' il revendroit tost	et dist quil reuendroit tantost	281
390	— Par foi fet ele gabez nos a	par ma foy dist la dame il noꝰ a gabes	282
391	Lors demanda cele de Honguefort quels armes il portoit	Cors demande celle de honguesford quelles armes il portoit	283
392	et ele li devise	et elle luy deuise	284
393	En non Dieu fet ele je te trovai hui matin a l' entree d' une forest mes il ne portoit mie tel escu com cil	Eu nom dieu fait elle ie le trouuay huy matin a lentree de une forest|mes il ne portoit mye telles armes cõe celuy	285|286
394|395	que je quier|	que ie quiers	287
396	et je vos di al mien cuidier	belle cousine fait celle de leans il les peult biẽ auoir chãgiez ct ie cuide bien a mon aduiz	288
397	que ce est cil	que cest celuy	289
398	que vos querez :	que uous	290
399	si vos prie	que res sy uous prie	291
400	que vos me laissiés o vos aler	que me lessiez aller auecques uous	292
401	tant que trové l' aions	tant que laurõs trouue	293
402	et lors savrai l' acheison		
403|404	por quoi il laissa mon ostel a tel ore|— Il m' est molt bel fet cele de Honguefort	Il mest monlt bel dyt celle de hon guesfoit q̃ uous uiẽgnies aucc mop	294
405	que vos i viegniés		
406	puis qu' il vos plest	puis qu il uous plaist	295
407	Ensi remistrent la nuit laiens	ainsi demeu rent la nuyt leans	296
408|409	et al matin|si tost com eles ! virent le jor	et au matin quãt ilz uirẽt le iour	297
410|411	si leverent|et se partirent del chastel	si sen partirent du chastel	298
412	et entrerent en la queste de lor chevalier	et entrerent en la queste de leur cheualier	299
413	Mais or laisse atant li contes a parler d' eles	Orlessons maĩ tenant le compte de boors	300
414	et de Boort	et des deux dames	301
415|416	et retorne a parler de Lancelot la ou il est entrez en la forest de Sarpenic|si com li contes a devise ariers	et retourons aparler de lancel ot du lacle q̃l est entre en la forest de fa sapine	302
417|418	XLIX|Or dist li contes	E ꝯmment lancelot emporta le corps de gatlehaut	303
419|420	qu' il fist grant chaut le jor|que Lancelos entra en la forest de Sarpenic	que plusieurs cheualiers gardoient:	304
421|422	et por ce ne remest il mie|qu' il ne chevalchast jusqu' à none;	et comment il rescouist la seur de mel eagãt	305
423	si li avint ensi	que len uouloit ardrie iiii	306
424|425	qu' il n' encontra home ne feme jusqu' al vespre;|mais lors sans faille	xx	307
426	si com il dut issir de ta	xiiii	308
427|428	forest|qui tot le jor li ot duré encontra une damoisele	rãt chault fist dit le cõpie le iour q̃ lancelot fut entre en la sapinoie	309
429|430	qui molt faisoit grant duel|et chevalchoit I	⁊ pour ce ne demoura il pas quil ne heu auchast iusq̃s a uespres sans rẽcõtrer hõ me ne fẽme	310
431|432	palefroi noir a molt riehe lorain|et a molt cointe sele de l'oevre d' Engleterre	Sicomme il deust issir dela forest il rencontra une damoiselle grant deul faisant montee sur ung coincte pallefrop	311
433	Il salue la damoisele	Il sal ue la damoiselle	312
434	et ele lui	⁊ lui dit	313
435	Damoisele fet il		
436	kar me dites s' il vos plest		
437|438	por quoi vos plorés|Ial — Certes sire fet ele se je i' cuidoie avoir preu je le vos diroie	Dame dictes me y pour quoy uous plourez sil uous plaist Certes sire se ie y cuidoie auoir prouffit ieuoꝰ le diroie	314
439	— Damage fet il ll' i avrez vos ja se Dieu plest	Dõmage sait il ny aurez uous ia se die u plaist	315
440	mais dites le moi par covent que se je vos	car se ie uous	316
441	puis aidier a vos esleecier je vos aiderai a mon pooir	puis aider ie uoꝰ aideray a esclercir uostre cueur a mon pouoir	317
442|443	— En non Dieu sire fet ele|donc le vos dirai je	E ar dieu sire dõc fait elle le uous dicay ie	318
444	ll est voirs		
445|446	que Meleagans li fiz al roi Baldemagu ala a la cort le roi Artu|por la roine Genievre conquerre s' il peust;	Il fut uoit q̃ meleagant le filz du roy bademagus alla a la court du roy artus pouc la royne genieure conquerre	319
447	et endementiers fist tant une damoisele		
448	qui estoit		
449	? sa suer		
450|451	qu' ele geta Lancelot d' une tor ou Meleagans l' avoit mis en prison ne sai|por quoi	En dementiers fist tãt une damoisesse qͥ sa seur estoit q̃ elle iecta lan celot hors de prison de une tour la ou illauoit mis	320
452|453	Quant ele l' ot delivré|si le tint avec li tant	Quantelleleust deliure elle le tint auec clletãt qͥl sut g ary:	321
454|455	qu' il fu garis|kar molt avoit eu mesaise en la prison	⁊ moult y auoit eu mesai se	322
456	et puis l' envoia a la cort le roi Artu ou il ocist Meleagan ce savons nos or bien	⁊ puis lẽuoia a la court du roy artus la ou il occist meleagant	323
457	Mais si tost com li parent sorent		
458	qu' ele avoit Lancelot osté de la prison		
459	si distrent	mais tantost	324
460	qu' ele l' avoit fait		
461	por Meleagan ocirre;		
462	si le pristrent a force		
463|464	et l' acheisonerent de sa mort|et distrent que s' ele ne trovoit	que ses parens sceurent q̃ elle auoit iecte lancelot hors de prison ilz la occuperẽt dela mort de meleagãt	325
465	qui l' en desfendist		
466|467	qu'il feroient de lui justice|si grant com l' en doit fere de cele	⁊ fut dit q̃ se elle ne trouuoit qͥla deffendist q̃ len feroit de elle telle iustice q̃ len deuoit faire de femme	326
468	qui son frere ocist	qui sonfrere auoit occis	327
469|470	Et ele dist|qu' ele troveroit bien	Et elle dit q̃ elle trouueroit bien	328
471	qui la desfendroit:	qui len deffendroit	329
472	si mist jor d' amener I	Ei lui fut iour determine de trouuer ung cheua	330
473|474	chevalier|por li desfendre	lier pour elle deffendie	331
475|476	si s' est|puis porchaciee en Pluisors liex	Et elle a depuis pour chasse en plusieurs lieux	332
477	mais onques ne trova chevalier	mais oncq̃s ne trou ua cheualier	333
478	qui ses armes en osast prendre contre celui	qui ses armes osast prendre cõtre celui	334
479	qui apelee l' avoit	qui lauoit appelle	335
480	Or		
481|482	si est tant la chose alee|que li jors est aterminés a hui ;	Or est tãt la chose al lee q̃ le iour est ẽnup termine:	336
483	si n' a trové la pucele nul desfendeor	si na trouue nul desfendeut	337
484	et por ce dient li un		
485	et li autre		
486	qu' ele est atainte del meffet		
487	que l' en li met sus :		
488	si l' ont jugiee ce m' est vis a ardoir le matin	⁊ pource lont iugiee a estre arse au matin	338
489	et por ce	⁊ cestl a cause	339
490|491	qu' il m' en membroit or em ploroie je|si durement	qui me fait plourer	340
492	kar certes ele estoit une des plus cortoises damoiseles ! del monde	car el le estoit une des plꝰ haultes damoiselles du monde:	341
493	et une des plus vaillans	et des plus uaillantes	342
494|495	— Or me dites damoisele fet Lancelos|et s' ele trovoit demain	ꝑ me dictes damoiselle fait lancelot se elle trouuoit demain	343
496|497	qui la deffendist|dont ne seroit ele quite del jugement	qui la deffẽdist ne seroit elfe pas quicte du iugemẽt	344
498	que l' en a fet		
499|500	? — Sire fet ele je ne sai|—	Sire dit el le ie ne scay	345
501|502	Et est ce fet il gaires loing|que ele est	Et esse fait il gaires loingz dicy	346
503|504	? — Sire|fet ele il n' i a que	Sire dit ille il ny a q̃ six lieues anglesches	347
505	VI	Parcie	348
506|507	lieues englesches|Se vos leviés demain matin vos i seriés ains prime	⁊ se uous partiez demain matin uous y seriez demain a prime	349
508	— Ou le porrai je fet il trover	Et ou la pourroic ie fait il trouuer	350
509	? — Al chastel a fet ele de Floego	En la forest de florega:	351
510|511	et cis chemins vos i menra droit se vos le volés tenir|— Or vos commant a Dieu damoisele fet il	⁊ ce chemĩ icy uous ꝑ menera tout droitse uous le sauez te nir	352
512	Si s' em part atant	Il se part de la damoiselle	353
513	et cele s' en vet faisant son duel	⁊ la comman de a dieu|Et celle sen reua faisant son deul	354|355
514|515	Et il chevalche tant|qu' il vint fors de la forest	⁊ il cheuauche tant quil uint hors de la forest	356
516	si vit devant lui une maison de religion	si uoit deuant lui une maison de religion	357
517|518	et il torne cele part|por herbergier	Il tourne celle part pour hebergier	358
519	Et quant il i vint	Et quant il uint la	359
520|521	si trueve a la porte IlII|des freres	si trouua deux freres	360
522	qui ja avoient chanté complie	qui auoient chã tee complie:	361
523|524	et estoient venu hors|? al serain;	⁊ ilz estoiẽt uenus hors au serain	362
525|526	si saillent encontre lui|por fere descendre	si saillent ẽcontre lui pour le descẽdre	363
527|528	et dient|que bien soit il venus;	⁊ diẽt q̃ bien soit il uenu aprez lui demad ent sil menga huy	364
529	si le font entrer laiens		
530	et li demandent s' il a mengié		
531	et Les gardiens de la tombe de Galebout (XLIX )		
532	¡l dist	Il dit	365
533	que nenil	que ne nnp	366
534|535	et il font erraument mettre la table a|mais il dist	⁊ ilz font incõtinẽt mettrefa table le pain	367
536	qu' il ne mengera devant	⁊ le uin dessus	368
537	qu' il ait esté al mostier b lar il n' i entra hui	mais il dit qͥl ne mẽgera deuantquil ait este au mo n stier dire ses oraisons	369
538|539	Lors entre en l' eglise|por orer	car il np auoit huy este Lors entre en leglise	370
540|541	et en ce|qu' il se fu agenoilliés	⁊ ainsi quil fut agenoul lons	371
542	si regarde a destre	si regarde a dextre partie	372
543|544	et voit unes prones d' argent trop richement fetes a floretes d' or|et a oisials	⁊ uoit unes prones dargent moult bien faictes a florectes do: a bestes	373
545	et a bestes		
546|547	et dedens avoit V|chevaliers armés les hialmes es testes les espees es mains ausi apresté de deffendre	⁊ a oiseaulx de diuerses manieres Drdẽs auoit cinq cheualiers armez de toutes armes les espees en leurs maĩs ainsi prestz a deffendre comme se len uoulsist assaillir	374
548|549	que se l' en les volsist asaillir|De ce se merveilla molt Lancelos ;	De ce se merueillelãcelot	375
550	si se drece erraument	si se dresse sur piez	376
551	et vet cele part	⁊ ua celle part	377
552	si salue les chevaliers	⁊ salue les cheualiers	378
553|554	et il dient|que bien soit il venus	Et ilz dient q̃ bien soit il uenu	379
555	Et il entre dedens les prones par un petit huisselet a	⁊ lancelot ẽtre de dẽs les pro nes par ung petit hupsset	380
556	et esgarde les prones	⁊ regar de les prones	381
557	qui tant sont riches	qui tant sont belles	382
558	qu' il ne cuide pas	⁊ riches quil ne cuide pas	383
559	que nus rois les peust esligier;	que ung roy les peust esligier	384
560	puis voit delés les chevaliers une tombe la plus riche	⁊ uoit delez les cheualiers une tombe la plus riche	385
561	qui onques fust fete par home	que õcq̃s feust ueue de nul homme:	386
562	kar ele ert tote d' or fin a chieres pierres precioses	car elle estoit de fin or a pierres piecieuses	387
563	qui molt valoient miels d' un grant roialme	qui plus ualloient|que ung grant royaume	388|389
564	Se la tumbe fu de grant bialté nient ne monte la bialtés envers la richece	Et sela tõbe fut de grãt beaute|ce nestoit riens enuers la grant riches se:	390|391
565|566	dont ele estoit|et avec ce estoit ele la greignor	⁊ auec ce estoit elle la greigneure qͥl uist õc ques	392
567	que Lancelos eust onques veue :		
568	si se merveille molt	si est moult esmerueillie	393
569|570	qui puet estre li princes|qui dedens fu mis	qui pouoit estie le prince qͥ fut illecmis	394
571	Il demande as chevaliers	Et il demãde aux che ual iers	395
572	qui sont iluec	qui illec sant de quoy ilz seruent	396
573	Sire font il nos gardons le cors	Si re nous gardons le corps	397
574|575	qui en ceste tumbe est|qu'il n' en soit portez fors de çaiens;	qui gist dedẽs ceste tombe qͥl ne soit portehors de ceãs	398
576|577	si somes|V	Si sõmes cinq pour le garder chacun iour:	399
578|579	por garder le de jors par nuit en i a autres|V	⁊ par nuit en y a autres cinq	400
580|581	qui font autretel servise comme nos faisons de jors|—	qui font autel seruice cõme noꝰ faisõs de iour	401
582|583	Et por quoi fet Lancelos avez vos poor|qu' il n' en soit portés	Et pour quoy auez uoꝰ paour fait lancelot quil ne soit emporte	402
584	? — Sire font il		
585	por ce		
586	que uns des freres de çaîens		
587|588	qui molt est preudom|et de sainte vie nos dist n' a encor gaires	Sirefõt ilz pource q̃ ung des freres de ceãs nous dist na encores gaires	403
589	que uns chevaliers vendroit ceste part	que ung cheualier uendroit ceste part	404
590	qui a force l' en osteroit	qui a force lẽ osteroit	405
591	et fors de cest païs l' en feroit porter	⁊ hors de ce pais le feroit perter	406
592	Et nos gens de ceste terre voldrions miels morir	et nos gens deceste terre apmeroient mieulx mourir	407
593	qu' il fust remués d' entre nos :	que il fust remue dẽtre nous	408
594	por ce		
595|596	si le gardons issi com vos veez lar li preudom i nos dist|que li chevaliers ne demoreroit	car le preudõme noꝰ dist q̃ le cheualier ne demouroit pas quil ne uenist	409
597	? pas		
598	qu' il ne venist a		
599	— Or me dites	Or me di	410
600	fet Lancelos ne fu cil molt haus princes a cui l' en fist	ctes fait lancelot	411
601	si haute sepulture	Ne feust pas cest cheualier hault prince a qͥ len feist ceste sepulture	412
602	? — Sire font cil haus hom fu il	Sire font ilz ce fust ung hault hõme	413
603	et riches; avec ce	et riche	414
604	qu' il fu haus hom fu il li plus preudom	auec ce fust le plus preudõme	415
605	qui onques fust a son tens	qui onques fust en son temps	416
606|607	— Ha Diex fet Lancelos|qui fu il	Haa dieux faitlancelot qͥ fust il	417
608	?— Sire font il se vos conoissiés letres veoir le porriés	Sire font ilz sy uous cõg nossies lettres bien pouries scauoir qͥ il fust	418
609	kar ses nons est escris el chief de cele lame	car son nõ est escript au chief de celle lame	419
610|611	Lors va Lancelos cele part|si regarde les letres	lors ua lancelot celle part sy treuue les lettres	420
612	qui dient Ci gist Galehout li fiz a la Jaiande li sires des Lointaignes Isles a	qui disoiẽt|Icy gist gallchault le filz a la garande	421|422
613	qui por l' amor de Lancelot morut	qui pour lamour de lancelot mourust	423
614	Et quant il vit ce	⁊ il uoit ce	424
615	si chiet pasmés	si chiet pausme	425
616	et gist grant piece a terre sans mot dire;	⁊ geust grãt piece a terre sãs mot dire	426
617	et li chevalier le corent relever	et les cheualiers le courẽt releuer	427
618	si se merveillent molt	si se merueil lent	428
619	qu' il puet estre	qui il peult estre	429
620	Et quant il revint de pasmison	Et quant il estleue de paumoisõs	430
621	si s' escrie Ha las!	si se escrie|⁊ dist	431|432
		Helas q̃lle dou leur	433
622	Quel dolor	quel ennuy	434
623	et quel damage	⁊ q̃l dõmage	435
624|625	Et lors fiert l' un poing en l' autre|et esgratine son viaire	lors se tourne apart	436
626	si qu' il en fet le sanc salir de totes pars		
627|628	si se prent as chevels|et se fiert grans cops del poing en mi le front	et pleure	437
629	et en mi le pis		
630|631	et crie|si durement	⁊ crie monlt duremẽt	438
632|633	qu' il n' i a celui|qui tote pitiés n' en preigne;	si q̃ cest pitie de le uoir	439
634	si Douleur de Lancelot (XLIX ) se laidenge		
635	et maldit l' ore	et maul dit leure	440
636	qu' il fu nes	qui fust onq̃s ne	441
637	et dit Ha Diex !	et dit|Haa dieux	442|443
638	Quel damage	quel dõmage	444
639	quel perte del plus preudome del monde		
640	qui mors est		
641	por le plus vil chevalier		
642|643	et por le plus malvés|qui onques fust ! b i	et q̃lle ꝑie du plus pieudõme du mõ de	445
644	Tant fet Lancelos grant duel		
645	que tuit cil de laiens le vienent regarder a merveille;	ceulx de leans le regardent a merueilles	446
646	si li demandent	aĩs crie	447
647	qui il est		
648	et il ne puet mot dire ains crie totes voies		
649	et se debat	et se debat	448
650	et descire	et deschire	449
651|652	Quant il a son duel demené grant piece|si regarde les letres	et apies qͥl a son deul demene grãt piece il regar de les lettres	450
653|654	qui dient|que por lui est mors Galehout;	qui diẽt q̃ pour luy mourust galle	451
655|656	si dist|que or seroit il trop malvés s' il ausi ne moroit	Si dist q̃ ores seroit biẽ mau uais sil ne mouroit pour lup	452
657|658	por lui:si saut maintenant jus des prones|et pensa	Si sault hoie du prosne ct dist q̃ il yra querir son espee	453
659	qu' il iroit querre s' espee		
660|661	et qu' il s' en ocirroit|kar ausi avoit ele esté Galehout a	et q̃ il se occira quãt ainsy est galle	454
662	Et maintenant	moit pour lui	455
663|664	qu' il fu issus del mostier|si encontra une des damoiseles del Lac cele	et a lissue du mõstieril encq̃tra une des damoisilles a la dame du lac celle a	456
665	qui a Boort avoit parlé devant le chastel de Honguefort	qui boort auoit parle au chastel de honguesfort	457
666|667	et ele le conuit bien|si le prent par le pan de la cote	et celle le print par le poĩg	458
668	et l' areste	et le arreste	459
669	Qu' est ce	quoy saĩt elle ou alles uous ainsp|Haa damoiselle fait il laissies moy mes douleurs parfournir	460|461
670	? fet ele	car ia	462
671|672	Ou alés vos ensi|? — Ha damoisele fet il laissiés moi mes dolors finer lkar jamés n' avroie joie ne repos en cest siecle	mais ne auray ioie ne repos en ce siecle	463
673	— Parlés fet ele a moi	Par|les a moy faĩt elle	464|465
674	Et il ne li dit mot ains se lance outre	⁊ il ne lup cespõt mot ains se lance oultre	466
675	si qu' il li eschape des mains	si q̃ il luy eschappe des mains	467
676	Et quant ele l' en vit aler	et quãt elle le uoit ainsp aller sidist	468
677|678	si li crie Je vos deffent fet ele par la rien|que vos plus amez en cest monde	Sire ie uous deffens de par la riens q̃ plus aimes q̃ uous ne alles en auant premier	469
679	que vos n' ailliés avant		
680	tant que vos aiés parlé a moi	que aies ple a moy	470
681	Et il s' areste	et il sarreste	471
682	si la regarde	si la regarde	472
683|684	et quant il la conut|si li dist	Et il la con gnoit il dist q̃ bien soit elle uenue	473
685	que bien soit ele venue		
686	En non Dieu fet ele vos me deuissiés fere plus bele chiere	Eu nõ dieu fait elfe uoꝰ me deussies faire plus belle chere	474
687|688	que vos ne me fetes al mains|por ce	que uons ne faictes au moĩs pource	475
689	que je sui messages vostre dame del Lac	que ie sups a uostre dame du lac	476
690	— Ha damoisele fet il	damoiselle faitit Gecorde ne uoꝰ desplaise	477
691	por Dieu ne vos poist certes je ai tant de dolor		
692|693	que nus for Diex ne me porroit conforter ne a ne cuidiés|que jamés aie joie	⁊ necuidiez pas q̃ iamaiz laie ioie pour auãture	478
694	por aventure		
695	qui me puist avenir	qui me puisse aduenir	479
696	— En non Dieu fet ele	Eu nõ dieu fait elle	480
697	si avrois	si aures	481
698	Escotez	Or escoutes	482
699|700	que ma dame vos mande|— Or dites fet il	que ma dame uous mande Elle uoꝰ mande q̃ uous ostes le corps de gallehault	483
701	— Ele velt fet ele	qui est ceãs	484
702|703	que vos ostés le cors Galehout de caiens|et le fetes porter en litiere en la Dolerose Garde	et le faĩctes poiter dedẽs le chastel de la douloureu se garde	485
704|705	et iluec soit mis en la tombe meismes ou vos trovastes vostre non escrit;|et ele le velt ensi	et soit mis en la tõbe ou uous trouuastez son nom en escriptet elle le ueul ainsp pource quelle scait bien	486
706	por ce		
707|708	qu' ele set bien|que en cel lieu sera vostre cors enterrez	que en ce mesmes lieu sera uostre corps enterre	487
709	Et quant il l' ot		
710	si en est molt liés		
711|712	et dist|que molt li sont ces noveles plaisans	Et quãt il entent ce sp dist q̃ moult luy sõt ces nouuelles plaisãs	488
713	kar tot ensi le fera il ;	car tout ainsp le fera il	489
714|715	puis demande comment sa dame le fet|Par foi fet ele ele a esté	pups demãde cõmẽt sa dãe le fait par ma foy elle a este uiii	490
716	VIlI		
717	jors deshaitiee trop durement	iours mal ade duremẽt	491
718	kar ele trova en son sort	car elle trouua en son sort q̃	492
719|720	si com ele meismes me dist puis|que si tost com vos troveriés la tombe Galehout	si tost cõment uous trouueries la tõde de gal	493
721	que vos vos ocirriés de duel se vos n' estiés destornez	qui uo uous occiries de deul	494
722	Por ce m' envoia ele ça a grant besoing	et pour ce men|uoĩa elle ceste part	495|496
723|724	si vos mande|que vos laissiés le duel ester	et uoꝰ piie	497
725	qu' il ne vos puet fere se nuire non	que uous lessies ce deul	498
726	et vos prie par la rien	et q̃ pour la riẽs	499
727	que vos plus amés	que uous plus ames	500
728|729	que vos al plus bel|que vos porrois vos reconfortés	que uoꝰ uous reconfortes le plus beau q̃ uoꝰ pourres	501
730	et se vos ensi ne le fetes bien sachiés	et se uous ne le faictes ainsp sachies	502
731|732	que al premier besoing|que vos avrois de li ele vos faudroit	que au premier affaire q̃ uous aures el le uoꝰ faul dra	503
733	Et il dist	et il dpt	504
734|735	qu' il se confortera|puis qu' ele le velt	qui se cõfoitera pups quelle ueult	505
736	Or vos covient fet ele vos armes prendre		
737|738	kar je voi [ cl bien|qu' il ne le vos en lairont mie en pes porter tant com il le porront deffendre	Or uous cõuient uos armes prẽdrecat le scay bien tant des cheualiere de ceans quilz ne le uous lesserõt point ẽporter tant quilz le pupssẽt deffendre	506
739	Et il dist		
740	qu' il i morroit ançois		
741|742	qu' il ne l' ostast de laiens;|si se vet armer	si sen ua armer tout maĩte tenant	507
743	et la damoisele vient tantost as chevaliers	et la damoiselle uiẽt aulx cheualiers	508
744	qui gardoient la tombe	qui gardoient la tõde	509
745	si lor dist Seignor fet ele volés vos destorner ce	si leur dist|Seigneurs uoulles uous deffendre ce	510|511
746	qu' il covient estre a force	qui cõuient a estre oste a force	512
747	?		
748	et demandent		
749|750	por quoi ele le dist a|Je le di fet ele	ie le dys fait elle pour le corps q̃ uous gardes	513
751	por le cors		
752	que vos gardez		
753|754	et si savés bien|qu' il en sera ostez	car uous saues bien qͥl sera oste	514
755	— Non sera font il		
756	que nos puissons		
757	— En non Dieu fet ele		
758	si iert		
759|760	et bien sachiés fet ele|que cil est venus	car celuy est uenu	515
761	qui l' en ostera	qui len ostera	516
762	Et se vos le contredites vos en morrois tuit:	et se uous cõ tredistes uous en mourres tous	517
763	por ce vos vendroit il miels	Et pour ce uauldroit il miculo	518
764	que vos le laississiés atant ains	que uous le lessies uenir	519
765	que vos vos en façois ocirre	que de uous faire occire	520
766|767	Et cil dient|que ja tant com il soient vif n' en sera portés	Et ceulx dient q̃ tãt quilz seront uifz ne le lesront empoiter	521
768	Et bien sache font il li chevaliers		
769	qui venus est		
770	por avoir le		
771	que s' il estoit encore plus preus		
772	que Lancelos n' est		
773	si n' en menra il point		
774	— Or verrons fet ele comment il vos en avendra		
775	A ces paroles vint laiens Lancelos tos armés	A ces parolles uint leans lancelot tout arme	522
776	et quant li chevalier le voient venir	Et quãt les cheualiers le uoyent uenir	523
777	si li demandent	si luy demandent	524
778|779	qu' il velt fere|Je vueil fet il avoir le cors	que il ueult faire ie uueil auoir fait il le corps	525
780	qui laiens est	qui leans gist	526
781|782	— Par foi font il vos ne l' avrois mie|por nient	Par ma foy font il uous ne laures point ains ꝑ mourrõt tous q̃ uous lemportes	527
783	Nos ¡ morrons ançois tuit		
784|785	que vos l' enportois|— A morir fet il en estes	au mourrir estes uous tous uenus	528
786	donc tuit		
787|788	puis que a mains ne vos en volés soffrir|Si saut dedens les prones	puis que a moins ne uous en uoulles passer Ceulx sont de dẽs les presnes	529
789|790	et il li corent sus|kar arrieres le cuident fere sailir	⁊ il leur court sus incõtinent	530
791	por poor de morir;	⁊ eulx a luy	531
792|793	si le fierent par la ou il le pueent ataindre|et il ot el poing l' espee nue ;	lãcelot tire son espee toute nue	532
794|795	si lor done grans cops|et pesans	et frappe sur eulx en telle maniere	533
796|797	et fiert le premier|qu' il encontre	que le premier quil attaint il le met par terre	534
798	si durement		
799	que por le hialme ne		
800	por la coife de fer ne remaint		
801	qu' il ne li mete l' espee jusqu' al test;		
802	et il le hurte de soi		
803	Si l' abat a terre		
804|805	Et lors saillent molt irieement tuit li autre|si depiecent son escu	lors le assaillent les aultres moult uigoureusement:	535
806	et son hialme		
807	et son hauberc		
808	et le blecent en pluisors lieus		
809|810	Mais il ne li chaut de rien|qu' il li facent	mais peu leur y rouffite:	536
811	kar tant est dolens	car tant est dolent	537
812	que nus plus;	que nul plus	538
813	si lor laisse corre par grant ire	si leur laisse cou rir par grant ire	539
814	et lor done de l' espee		
815|816	si grans cops|que tos les fet guenchir avant lui	tant que tous les fait reculer de lui	540
817	Et lors esgarde celui des IllI	Lois regarde lun des quatre	541
818|819	qui plus li faisoit mal|et cil estoit molt grans	qui plus lui faisoit mal a son auiz	542
820	et molt fors;		
821	et Lancelos		
822	qui le vient ataignant li done par mi le hialme		
823|824	si grant cop|qu' il en fet le feu saillir	si lui donne sur son heaume tel coup qͥl en faĩt le feu saillir	543
825	et l' espee glace	⁊ lespee glace	544
826|827	qui de droit ne fu pas ferue|si descent desus la senestre espaule	si descẽt sur la destre espaulle du che ualier:	545
828	Li cops fu grans	si q̃ lebras lui cheut atout lespee sur le pauement	546
829	et par ire ferus	Celui trebucha a terre	547
830|831	et bien i parut|que l' espee cola par mi l' espaule a al chevalier	⁊ se pasma de langoisse quil sentist	548
832	si que li bras a tote l' espaule chiet desus le pavement b		
833	Et lors sont molt esmaié li autre troi	Lors sont moult esmaiez les autres	549
834	si font molt malvés samblant d' els deffendre		
835	por le grant cop		
836	qu' il ont veu		
837|838	et por l' espee|que chescuns d' els a ja sentie jusqu' al sanc	iii	550
839	Et Lancelos lor cort sus	⁊ lancelot leur court sus	551
840	et en fiert I		
841|842	el hialme|si qu' il le fet flatir a terre d' ambesdeus les paumes	⁊ en fiert tellemẽt ung amõt le heaume qͥl le fait flatir a terresEt	552
843	Et quant li autre dui voient ce	quant les autres deux uoient ce	553
844	si tornent en fuies vers l' uis a garison;	si tournent uers fuys a garant	554
845|846	et Lancelos vint ataignant le deerrain|si le fiert par entre l' escu	Et fancelot uient astaignant le derrain par entre lescu	555
847	et le bras	⁊ le col	556
848	si qu' il li trenche le poing	si lui trenche le bras:	557
849	et li escus chiet a terre	⁊ lescu chiet a terre	558
850	et cil torne en fuies		
851|852	qui maheignié se sent|Et Lancelos vient a l' autre	Lancelot court a laulre qͥia se releuoit	559
853	qui ja se relevoit sel fiert de l' espee	⁊ le fiert	560
854|855	si grant cop|qu' il li fet le hialme voler en la place	si grant coup qu il lui fait uoler le he aume de la teste en la place	561
856|857	Et quant cil sent son chief nu|si cria merci	Quant celui sẽt sa tesie nue il crie mercp	562
858	et dist		
859	qu' il ne l' ocie pas		
860|861	kar il est pres de sa volenté fere|Or te covient donc fet Lancelos fiancer	⁊ dit qͥl est prest de fai re sa uoulẽte	563
862|863	que tu le cors mon seignor Galehout conduiras a la Dolerose Garde|et iluec le feras garder	Il ie conuient dõc promettredit lancel ot q̃ tu conduiras le corps de gallehaut a la doulouteuse garde fant q̃ ie y uiengne	564
864|865	tant que je i viegne;|et se l' en te demande	et se len te demande quite ꝑ enuoie	565
866	qui t' i envoie		
867|868	si diras « cil|qui ot les ames blanches le jor	si dis: celui qͥ eut les blãches an es fe iour q̃ le chasteau fut cõquis	566
869	que li chastials fu conquis		
870|871	Et il li fiance|que tot ensi le fera il	⁊ cefui lui ꝓmet	567
872	Lors prent Lancelos la lame par le plus gros chief	Lors prentlancelat la same par le gros chief	568
873	si tire de grant force	⁊ la tire de|si graut for ce	569|570
874|875	qu' a pou|qu' il ne se deront tos	que a peu quil ne se derompt tout	571
876	si que li sans li vole par mi le nes		
877|878	et par mi la boche|et li cors li sue d' anguoisse	⁊ tant q̃ le corps lui sue dangoisse	572
879	Mais por tote la destrece ne remaint	mais nulle douleur quil eust	573
880|881	qu' il n' ait la tombe levee en haut à; mes nule dolors|qu' il eust onques ne monte rien a cele dolor	mais ne monte riens a celle douleur qͥl eust quãt il uistle corps de gallehaut tout arme ainsi cõme il estoit	574
882	qu' il ot		
883	quant il vit le cors Galehout tot ensi armé com il estoit;		
884	si trova s' espee delés lui	Si trouua son espee empres lui	575
885	qui molt estoit	qui tant estoit bõne	576
886	et bone	⁊ belle	577
887|888	et clere;|et sans faille de l' espee meesmes se fust il IId) ocis se la damoisele ne li eust tolue erraument b	⁊ sans faulte il sen eust occiz se la damoiselle ne lui eust ostee	578
889	Lors fist Lancelos une biere fere de fust	Cors fist lancelot une biere de fust	579
890	et la fist covrir des plus riches pailes de laiens	⁊ sa fist couurir du plus riche drap de leans	580
891	et quant il l' ot atornee al plus richement		
892	qu' il pot li chevaliers prisons li dist Sire fet il se l' en movoit tot de nuis ce seroit sens	Quãt il leust apointe le mieulz qͥl peut le che ualier prisonnier lui dist	581
893	—	Gire il seroit bon de emporter le corps de nuit	582
894|895	Por quoi|? fet il	Pour quop fait lãce lot Põurce fait il	583
896	—		
897|898	Por ce que se li chevalier de cest païs savoient|que l' en len deust porter il feroient gaitier les trespas	que st les cheuatiers de ce pais sauoient q̃ len le deust ẽportet ilz feroiẽt garder le trespas	584
899	si qu' il seroit arestés en alcun lieu ;		
900	et por ce vos loeroie je	Et pour ce uous conseille	585
901	qu' il meust orendroit	roie q̃ on partist	586
902|903	kar il seroit bien eslongiés ains|qu' il fust jors XX	car il seioit bien eslongnir aĩs qͥl feust iour dix lieues anglesches	587
904	lieues englesches		
905	Et il s' i acorde bien;	Et il se p accorde	588
906|907	si met la litiere sor Il|palefrois amblans	si met lalittiere sur deux pallefrois amblans	589
908	et enportent ensi Galehout fors de sa region;	⁊ emportẽt ainsi gallehauthors de fa maison	590
909	si en font li frere grant duel	Ei en ont les freres grant deul	591
910	et molt en sont corocié	et sont dolens	592
911	et dolenta de ce		
912	que l' en l' enporte	que on lemportoit	593
913	Et Lancelos le convoie grant piece de nuis plorant	Lancelotlecs Partie uoie grãt piece de la nuit plourant|⁊ plaignãt	594|595
914	et regretant sa proesce	⁊ regretiant sa prouesse	596
915	et sa valor	⁊ sa ualeur	597
916	et se ne fust la damoisele	Et se ne feust la damoiselle	598
917|918	qui avec lui estoit molt en eust plus fet|qu' il ne fist	qui auec lui estoit moult en eust fait plus quil ne faisoit:	599
919	mais ele l' en detorna	mais elle len destourna	600
920|921	et il deffendi al chevalier|que il nel feist en terre metre devant	Et lãcelot commãde au cheualier qͥl ne feust enterre deuant quil uenist	601
922|923	que il fust venus|Si se part atant li uns de l' autre	Sise depart de lui	602
924|925	et il retorne a l' abeie|si se couche c' onques la nuit ne volt mengier ne boivre	⁊ retourne a la religiq̃ se couchier	603
926	por chose		
927|928	que l' en li deist ains plora|et dolosa tot adés;	et oncq̃s ne uoulut la boire ne mengier	604
929	si li anuioit molt li jors	silui ẽnupa moult le iour	605
930|931	qui tant demoroit a venir|a	qui tant demouroit a ue nir	606
932	Al matin	Et au matin	607
933	si tost com li jors aparut se leva	si tostcomme le iour apparust se leua	608
934	et oi messe entre lui	⁊ ouist messe lui	609
935	et la damoisele	⁊ la damoiselle	610
936	et puis s' arma		
937	Lors li dist ele les noveles de Boort	Lors ellelui dist nouuelles de booit	611
938|939	et ce|qu' ele en avoit veu devant Honguefort	⁊ que elle lauoit ueudeuant a honguefort	612
		et commẽt il le fait	613
940	et il en fu molt liés	⁊ il en fut moult ioyeux	614
941	Et ele li dist Sire il vos vet querant ne jamés ne finera tant	Aprez elle lui dit|Sire il uous ua q̃rant ne iamais ne fine ra deuant quil uous aura trouue	615|616
942	qu' il vos avra trové		
943|944	— Damoisele fet il se vos le cuidiés trover ains de moi je vos voldroie proier|que vos feissiés tant	Damoisel le fait lãcel ot se uous le trouuez auãt q̃ moy ie uous uoul droie prier q̃ uous lui porteissiez ceste espee	617
945	por moi		
946	que vos li portissiés ceste espee		
947	qui fu mon seignor Galehout	qui fut a mon cõpaignõ galleh aut	618
948|949	et li dites|qu' il la DOrt de par moi	⁊ lui dictes quil la porte depar moy	619
950	que molt est bone	car elle est moult bonne|⁊ belle	620|621
951|952	Et ele dist|qu' ele le trovera par tens	Et elle dist q̃ elle le tiou uera par temps	622
953	et bien fera cest message;	et bien fera ce message	623
954	si s' en part atant de lui	Si se part atant de elle	624
955	et il s' en vet droit vers le chastel de Floego	⁊ sen ua uers le chasteau de florega	625
956	si i vint a hore de prime	si y uint entour prime	626
957	Et il esgarde es pres defors la vile	⁊ il regarde es prez hors la uille	627
958	si voit molt grant gent entor le feu ou l' en devoit ardoir la suer Meleagan	si p uist moult grant gẽt en tour ung feu ou len deuoit ardoir la seur de mel eagant	628
959	et quant il aperçoit le feu	Quant il apperceust le feu	629
960	si a poor de la damoisele	si eut grant paour dela damoiselle	630
961	Lors broche le cheval	Lors srappe le cheual des esperons	631
962|963	et vint errant cele part tant com il puet del cheval traire|Et quant il est venus jusque la	⁊ uient celle part	632
964|965	si esgarde|et voit la damoisele	⁊ quãt il uoit la damoiselle	633
966|967	qui ja estoit amenee al feu|por destruire	qui ia estoit amenee au feu pour destruire laquelle estoit en une poure chemise	634
968	si estoit en pure sa chemise		
969|970	et le tenoient|VI	⁊ la tenoient six pautõniers	635
971	pautonier trois d' une part	trois de une part	636
972	et trois d' autre;	et trois dautre:	637
973	si n' atendoient a geter le el feu fors le commandement as juges	⁊ ne actẽdẽt la iecter au feu fors le commandemẽt du iuge	638
974	et ele ploroit trop durement	Et elle plouroit moult tendrement	639
975	et regretoit Lancelot:	⁊ regrettoitlance lot: en disant	640
976	Ha gentilx chevaliers Lancelos	Haa gentil homme lãcelot	641
977	kar pleust ore a nostre Salveor	car pleust a dieu	642
978	que vos seuissiés ceste novele		
979|980	si fuissiés pres de ci a demie lieue! Certes a l' aide de Dieu|et de la vostre seroie je encore anuit rescosse malgré tos mes enemis	que uous feussiez prez de cy a de mplieue certes a laide de dieu ie seroie rescous se mal gre tous mes ennemis	643
981	Mais vos ne le savés pas a		
982|983	si me covendra ore morir|por la vie	si me conuẽdra mourir pour la uie	644
984	que je vos sauvai emprés Dieu;	que ie uous sauuay aprez dieu	645
985|986	mais certes il ne m' en poise pas tant|por moi com il fet	mais certes dit elle il ne me poise pas tãt pour moy commẽt il fait pour le courroust q̃ uous aucez	646
987	por le coros		
988	que vos en avrois		
989	quant vos le savrois	quant uous le saurez	647
990	Mais ce me reconforte molt	mais ce me conforte	648
991|992	que je sai bien|que les damoiseles gaaigneront tant en ma mort	que ie scay bien q̃ les damoiselles gai gneront a ma moit	649
993|994	que jamés nule ne vos requerra d' aide|que vos li faillois tant com il vos remenbre de moi	car iamais nulles ne uoꝰ requerrõt daide q̃ uous neles aidez tant quil uous sauuiẽgne de moy	650
995|996	kar vostre cuers est|si frans	car urẽ cueur est aĩsi frãc	651
997	qu' il ne puet estre sans trop grant merites rendre a totes celes		
998	qui de par moi se reclaiment:		
999|1000	si m' est avis|qu' il m' est molt miels a m' ame de morir	Si mest auiz quil mest mieulx a lame pour loiaulle faire	652
1001|1002	por loialté fere|et por geter de prison	et pour ietter de peril ung	653
1003	si vaillant home comme vos	si uaillant hõme cõment uous	654
1004	que vos fuissiés mors par la desloialté de Meleagan	que se uaus feussies mort par la deslopaulte melleagãt	655
1005	qui en prison vos avoit mis par traïson	qui en prison uous auoit mis	656
1006	Ensi disoit la damoisele molt tendrement plorant	Insi disoit la damoiselle mõlt tendieme it plourant	657
1007	et lors vint Lancelos poignant cele part ou il la vit:	fors uient lancelot poi gnãt celle part	658
1008	si dist a cels	si dist a ceul p	659
1009	qui le tenoient Laissiés la damoisele! —	qui tenoient la damoiselle|lessies la damoiselle	660|661
1010|1011	Por quoi sire fet J|chevaliers armés	pour quoy fait ung cheualier arme	662
1012	qui avant saut le lairons nos	qui deuant estoit|la lesrons ilz	663|664
1013|1014	? —|Por ce fet il	pour ce fait il	665
1015|1016	que vos n' avés droit en li|por fere mal	que uoꝰ naues nul droit a lafaire mourir	666
1017	—		
1018|1019	Si avons fet cil|si grant	si auons fait celuy as ses grãt	667
1020|1021	que nos l' avons atainte de murdre|dont je l' apelai	car nous lauõs actainte de meurdie	668
1022	et ele s' en offri a deffendre		
1023	mais ele ne trova onques		
1024	qui por li en prist escu		
1025	et ce n' est pas mer [ al veille		
1026|1027	que chescuns set bien quele en a desloialment ovré|— De quoi	donc ie fappeloie	669
1028|1029	? fet Lancelos|— De ce fet il	et elle sen offrit a deffendic mes el le ne trouua õques cheualier	670
1030	qu' ele delivra Lancelot	qui pour elle portast escu	671
1031|1032	por Meleagan ocirre son frere|— Se vos fet Lancelos osiés mostrer	⁊ ce nestpas de merueille	672
1033	qu' ele eust fet traïson ne murdre je seroie pres del deffendre	car chascun scait biẽ quelle a deslopaumẽt ouure de quoy fait lancelot	673
1034	—	de oster lancelot de prison pour occire melleagãt son frere A dõc dit lancel ot se uous uoullies dire quelle aist fait traison ou meurdre ie supe prest de prouuer a lencontre|Et pourtant aduises se deffendre le uoulles	674|675
1035|1036	Qui estes vos|? fet cil	Qui estes uous fa t celuy	676
1037	— Uns chevaliers sui fet Lancelos		
		cheua tier suys fait fãcelat	677
1038|1039	qui vieng ceste part|por ceste damoisele deffendre	qui uiens uers ceste part pour deffendre la damoiselle	678
1040	— Par foi fet cil se je voloie il ne m' en covendroit ja combatre	Par ma foy se ie uoulloie il ne men conuendroit ia deffẽdre	679
1041	kar des ier en est ! ele atainte	car des hyer elle estoit attaĩcte	680
1042|1043	puis qu' ele ne pot trover|qui la deffendist	puis quelle ne pouoit deffence trouuec	681
1044|1045	mais je sent ma querele a|si loial	mes ie sens ma dioi cture	682
1046|1047	et si droituriere|qu' il n' a chevalier el monde vers cui je ne l' osaise bien prover au	si lopalle quil npa cher alier eu monde contre	683
1048|1049	? grant droit|que je i ai	qui ie ne losasses uienprouuer	684
1050|1051	— En non Dieu fet Lancelos or i parra|que je sui pres	Eu nõ dieu fait lancel ot ie suys tout piest de la deffendre uers uous	685
1052	que je la desfende vers vos		
1053	— Voire fet cil par mon chief	uoire dist celuy|par mon chief	686|687
1054	et vos en morrois comme traitres	et uous en moures cõment traictre	688
1055	et desloials	⁊ des lopal	689
1056	Lors traient la damoisele loins del feu	Lors est la damoiselle reculee du feu	690
1057|1058	et li chevalier s' entreslongent li uns de l' autre|si s' entrevienent	et les cheualiers se eslongnẽt	691
1059|1060	si tost com li cheval pueent aler|et s' entrefierent des glaives	⁊ puys uiennẽt lun contre laultre tant cõe cheuaulx peuent courre	692
1061	si durement	et sentrefierẽt	693
1062|1063	qu' il les font voler en pieces;|puis s' entrehurtent	si duremẽt q̃les lances uollent en pieces	694
1064	si des cors		
1065	et des visages		
1066|1067	qu' il n' i a celui|qui tos ne soit estordis	mes le cheualier ne se peult tenir en la selle	695
1068|1069	et desconreez|Mais li chevaliers par est	ains uolle ius du cheual	696
1070	si estonés		
1071	qu' il ne se puet tenir en sele ains vole jus del cheval		
1072	et al parchaoir feri li quins del hialme en la terre	et au choir ferit le coing du feaulme a terre	697
1073|1074	si qu' a bien pou|qu' il n' a le col brisié	si q̃ a pou quil na le col brisie	698
1075	Et quant Lancelos a fet son tour	Et quãt lancelotle uoit	699
1076	si descent	si descẽt a pie	700
1077	kar honte li seroit de requerre a cheval celui		
1078	qui est a pié;		
1079	si trait l' espee	et tire son espee	701
1080	et cort sus a celui	et court sus a celuy	702
1081	qui ja se relevoit	qui ia se releuoit	703
1082|1083	si li done par mi le hialme tel cop|qu' il le fet a terre flatir des paumes	si lupdõnt tel coup sur le chief qͥ le fist flattir a terre des palmes	704
1084	et des genols ;	et des genoulz	705
1085|1086	puis recuevre I|autre cop	puis recouure ung autre coup	706
1087	et le fiert	et le fiert	707
1088	si qu' il le fet tot parchaoir	si quil le fait parchoir	708
1089	et le prent par le hialme	apres le prẽt par le heaul me	709
1090|1091	si le traine jusqu' al feu|et le gete dedens	et le traine iusques au feu	710
1092|1093	Et cil estoit|si estordis	si se iette de dẽs	711
1094	et tant avoit perdue la force del cors	et celuy estoit	712
1095	que relever ne se pot	si este urdi quil ne se pouoit remuer	713
1096	si le covint remanoir el feu	si luy conuiẽt demourer au Seconde feu	714
1097	et morir en tel maniere	et mourir en telle maniere	715
1098	Et lors vienent avant cil	Lors uienner ceulx	716
1099	qui le champ gardoient	qui gardoiẽt lechamp	717
1100	si dient a Lancelot	et dient a fance	718
1101	qu' il en a assés fet	lot quil en a asses fait	719
1102	et li rendent la damoisele saine	si luy rendent la damoiselle saine	720
1103	et haitiee	et haictiee	721
1104	et il la fet vestir	⁊ il a fait uestir	722
1105	puis li demande	puis luy demande	723
1106|1107	qu' ele velt|qu' il face mes	que elle ueult plus	724
1108	Sire fet ele	Gire fait elle ie uueil	725
1109	que vos me menés a salveté a mon chastel	que uous me mettes a sauuete en mon chastel	726
1110	Et il dist	et il dist	727
1111	que volentiers:		
1112|1113	si le fet monter|et le conduit jusqu' al chastel ou ele l' ot gardé maint jor	que si fera il uoulẽtiers sy la cõduit au chastel ou elle uoulloit aller	728
1114|1115	Li chastials avoit non Galefort|et seoit sor une petite riviere	et ou elle lauoit garde maint iouret auoit nõ gallasfort	729
1116	si estoit molt aaisiés de totes choses		
1117|1118	et fors a merveille|Et quant Lancelos vint la il ne fet pas a demander se l' en li fist joie	Et quãt lãcelot uint la il ne feist mie a demander se on luy fist grãt chere	730
1119|1120	kar cil del chastel savoient ja bien|que lor dame estoit delivree par I	Car ceulx du chastel sauoient ia bien cõment leur dame estoit del iuree par ung cheualier qͥ auec elle uenoit sp le recheurẽt eõment sil eust este dieu	731
1121	chevalier		
1122	qui o li venoit	et se agenoullerẽt deuant luy	732
1123|1124	Et quant il le virent|si le reçurent a	et crioient tous a une uois	733
1125	si grant joie com se ce fust Damedieu meismes		
1126|1127	et s' agenoillent tuit devant lui|et crioient a une vois tuit ensamble Sire sor tos cels del monde soiés vos bien venus	Gire sur tous ceulx du mõ de uous sopes le bien uenu quy nostee grant deul aues tourne en ioye	734
1128	qui nostre grant duel avés torné en grant joie A tel feste ont laiens Lancelot receu	ielle feste ontleans lancelot receu	735
1129	et quant il ont la damoisele descendue devant son mestre palés	Et quãt il eust cõuoiee la damoyselle ius	736
1130	si s' en volt aler maintenant	ques deuãt son maistre pallais	737
1131|1132	kar il n' estoit mie encore plus de tierce|Mais ele le prist al frain	si sen ueult lãcelot allec mes elle le prĩt au fraĩg	738
1133	et le fist descendre a fine force a	et le fist demourer a foiche|et lup dist	739|740
1134|1135	et dist Par Sainte Crois|vos ne m' eschaperois mie ensi	Tresdoulx cheualier uous ne me eschapperes pas ainsp	741
1136	Lors le commande a desarmer	Cors cõmande quil soit desarme	742
1137|1138	et vaslet saillent avant|por fere son commandement a;	Et uarletz saillent pour faire son cõmandement	743
1139	et tantost com il ot son hialme osté	et tantost quil eust son heaulme oste	744
1140	et ele le conut	si le cõgneust bien	745
1141	si li cort les bras tendus	si lup sault les bras tenduz	746
1142|1143	et le volt baisier en la boche|quant il li guenchist	et le uouloit baisier en la bouche quãt il se destourna	747
1144|1145	et ele li baise la face|et le col	⁊ elle luy baise le col	748
1146	et le menton		
1147	puis que autre chose n' em puet avoir b;		
1148	si plore de pitié	et puys pleure de pitie	749
1149	et li dist Ha gentilx chevaliers tant vos avoie desirré a veoir ains		
1150	que je moreuisse!		
1151	Mais comment l' avez vos		
1152	puis fet	et dist	750
1153|1154	?|Et il li dist Bien Dieu merci	Gentil cheualier tant ie uous auope desire a uoir auant q̃ ie mourusse	751
1155|1156	—|Et ceste part fet ele comment venistes vos	et cõmẽt uenistes ceste part	752
1157	qui avant ier vos en partistes	car auãt hper uous en partistes	753
1158	? — Par foi fet il une grant acheison		
1159	m' i amena		
1160	Si li conte comment		
1161|1162	I|chevalier o unes armes vermeilles l' avoit apelé de traïson a la cort le roi Artu	Par ma fop fait il ung cheualier a unes armes uermeilles ma appelle de traison en la court du rop artus	754
1163	por la mort de Meleagan;	pour la moit de melleag	755
1164	si l' en covient a deffendre en la cort le roi Baudemagu	si men conuient a deffendre en la court du roy bademagus	756
1165|1166	Ha fet ele je sai bien|qui il est	Haa fait elle ie scap bien qͥ il est cest argorindes le roux	757
1167	C' est Argodras li Ros		
1168|1169	et li chevaliers|que vos avés hui ocis	et le cheualier q̃ uoꝰ aues occy	758
1170	et ars estoit ses freres;	et ars estoit son frere	759
1171	si ne sai	sine scay	760
1172	que vos puissiés fere	que puissies faire	761
1173	kar se mes peres set	car se mon pere scait	762
1174|1175	que vos aiés ocis Meleagan [b) je criem|qu' il ne vos face ocirre	que uous aies occis melleagant ie crains quil ne uous fache occire	763
1176	por le grant duel	cõment fait lãcelot	764
1177	qu' il avra des noveles	ne scait il pas encore	765
1178	— Coment	qui se a faĩt	766
1179|1180	? fet Lancelos nel set il mie encore|? — Certes sire nenil;	se maist dieux nennil sait elle	767
1181	si est Meleagans en cest païs aportés plus a de XV	Si est mellcagãt apporte en ce paps	768
1182	jors	xu|iours a passes	769|770
1183|1184	et est el chastel des Illl|Pierres	et est au chastel des quatre pi erres	771
1185	et le gardent iluec	Et le gardent illec	772
1186	si celeement	si celleement	773
1187|1188	que li rois n' en set encore riens:|si en covendra esploitier al plus sagement	que se roy nen scait encores riens: mes dictes mop a	774
1189	que vos porrois		
1190	Mes a		
1191	quant est li jors	quant estle iour	775
1192	que vos vos en devés deffendre	que uous uous deuez deffen dre	776
1193	?		
1194|1195	Et il dist|que c' est le jor de la Magdalaine	Et il dit q̃ cest au iour de la magdalaine	777
1196	Or vos en conseut Diex fet ele	Oruous conseille dieu fait elle:	778
1197|1198	kar j' ai grant poor|que Argodras ne vos face anui par traïson	car iay grant paour q̃ agarindes ne uous sace auoir q̃l	779
1199	— De ce fet il n' aiés ja garde! Tot son pooir en face	que trapson	780
1200	que je n' en avrai ja poor	De ce fait il naiez ia paour	781
1201	Assés parlerent cele nuit de maintes choses a	ssez parlent aelle nuit de plusieurs cho ses	782
1202	et molt firent cil del chastel grant joie de lor dame	⁊ mõlt firẽt ceulx du chasteau grãt feste de lui	783
1203|1204	qu' il cuidoient avoir perdue|et or l' ont saine	⁊ de leur dame quilz cuidoient auoir perdue	784
1205	et haîtie b		
1206	Et al matin	Et au matin	785
1207	si tost com li jors parut cler se leva Lancelos	si tost comment le iour apparut se leua lancelot	786
1208	et se parti de la damoisele	⁊ prĩt congie de la damoiselle	787
1209	quant il fu armés;		
1210	et ele le commande molt a Dieu	Et elle le commanda a dieu	788
1211|1212	et li pria|qu' il s' en revenist par li al repairier;	et lui pria quil reuenist par elle au repairier	789
1213	et il dist	Et il dit	790
1214	que si feroit il s' il pooit	que si feroit il sil pouoit	791
1215	Si se remet en son chemin	Il se met en son chemin	792
1216	et eirre tot le jor jusqu' al vespre	⁊ erre iusq̃s au soir	793
1217|1218	et lors aproche d' une riviere|que l' en apeloit Aglonde	Lors approuche de une riuiere q̃ len appelloit aglondes	794
1219	si en estoit l' eve molt parfonde		
1220	et molt noire		
1221	Et quant il vint pres de l' eve		
1222	si vit trois paveillons tendus pres de la rive;	si uoit trois paueillons tendus pres de la riuiere	795
1223|1224	si en estoit li uns grans|et bials	si en estoit ung grant etblanc	796
1225	et li autre dui estoient moien	⁊ les autres deux estoiẽt noirs	797
1226|1227	Et lors issi del greignor paveillon I|chevaliers tos desarmés	Et lors issist dun pautillõung cheualier tout ar me	798
1228	qui li dist	qui tui dist	799
1229	que bien soit il venus	que bien soit il uenu	800
1230	et il li rent maintenant son salu	Et il lui rent son salut	801
1231	Ha sire fet il vos me samblés chevaliers errans	Beau sire uꝰ sẽ Ilez cheualier errant:	802
1232|1233	et je aim tos cels|qui en tel mestier usent lor vie	⁊ iap me tous ceulx qͥ en telle maniereusent leur uie:	803
1234	kar je meismes sui chevaliers errans	car moy mesmes suis cheualier errant	804
1235	et por ce vos vueil je proier		
1236	que vos herbergiés anuit mes o moi;		
1237	kar se vos passés avant de ci vos ne troverois se forest non		
1238	si salvages		
1239|1240	que vos i porrois tost desvoier|Et il est bien tens de herbergier ce veés vos bien :	Et pour ce quil est tẽpe de se hebergier uous cõseille ie q̃ uous demou trz	805
1241	por ce vos lo		
1242	que vos remanois		
1243|1244	et vos avrois ostel bel|et buen tot a vostre voloir	⁊ uous aurez siostel tout a uostre uoulen te	806
1245	— Bials sire fet Lancelos	Beau sire fait lãcelot ie demoureray	807
1246	puis qu' il vos plest je remaindrai	puis quil uous plaist	808
1247	et por vostre proiere		
1248|1249	et por ce|que vos dites	⁊ que uous dictes	809
1250|1251	que vos estes chevaliers errans|a	que uous estes cheualier errant	810
1252	Lors descent	Lors descent de sonche ual	811
1253	et vaslés saillent des autres paveillons	⁊ uarletz saillent des autres paueillõs	812
1254	si le desarment	si le desarment	813
1255|1256	et li aportent I|mantel de samit legier a afubler	⁊ lui apportent ung manieau de samit pour affubler pour le chault qͥ grant estoit	814
1257	por le chaut	Ei le mainent au grãt paueillon	815
1258|1259	qui grans estoit a;|si le mainent el grant paveillon avec l' autre chevalier	lui	816
1260|1261	Et lors parlerent ensamble|et s' entracointierent	⁊ le cheualier sentreacointerent	817
1262|1263	et demanda li uns a l' autre de son estre|Li chevaliers enquiert a Lancelot	⁊ demãda lun a lautre	818
1264	dont il vient	dont ilz estoient:	819
1265|1266	et ou il vet|et quele aventure le maine	⁊ quelle auanture le menoit	820
1267	si sol	si seul	821
1268	et il li conte une partie de son estre	Et il fui cõpte de son esire une partie	822
1269	et autre l' en çoile e;	⁊ lautre lui en celle:	823
1270|1271	et totes voies li dist|que en la cort al roi Baudemagu voldroit estre	⁊ toutesfois dit il q̃ en la court du rop bademagus uouldroit il estre pour ung cheualier qͥ lauoit appelle de trayson	824
1272	por soi deffendre vers un chevalier	Et ainsi qͥlz parloientlen mist les ta bles	825
1273	qui l' a apelé de traïson	ilz lauent leurs maĩs	826
1274|1275	a En ce|qu' il parloient ensi orent li escuier mise la table	⁊ puis se assient le cheualier	827
1276|1277	si vont laver;|si s' asiet Lancelos	⁊ lancelot:	828
1278	et li chevaliers		
1279|1280	et une damoisele|qui molt ert bele	⁊ une damoiselle moult belle	829
1281	et estoit amie al seignor de laiens;	laquelle estoit amie au cheualier de le|ans	830|831
1282	si mengierent tuit troi ensamble	Si mengerent tous trois enseble:	832
1283	mes cele	mais celle	833
1284	qui Lancelot esgarde ne se puet saoler de lui veoir Kar tant li samble bials	qui lãcelot regarde laisse le boire	834
1285|1286	qu' ele ne prisa onques mes bialté d' ome envers cesti :|si l' esgarde	⁊ le mẽ gier pour la grant beaute q̃ elle uoit en lui	835
1287|1288	si viselment|que tot en laisse le mengier n' a autre chose n' entent	si que a autre chose ne entent	836
1289	fors a lui remirer		
1290	Si ont li escuier osté le premier mes de sor la table c' onques la damoisele n' en tasta ains pensa totes voies	si ont les escuiers ostele premier mes|que õcq̃s la damoiselle nẽ tasta ains pensa a lãcelot:	837|838
1291|1292	Et en cel pensé li descent el cuer une|si grant amor	⁊ en celle pensee lui Partie descẽdoit une tesle amour au cueur q̃ elle apma lancelot oultre q̃ femme ne apma oncq̃s homme	839
1293	qu' ele aime Lancelot outre ce		
1294	que feme n' ama mes home;		
1295|1296	si li est avis|que s' il l' amoit qu'ele seroit beneuree	Ei lui est auiz q̃ sil lapmoit q̃lle se roit trop eureuse	840
1297	Mais ci endroit n' em parole plus li contes lkar ça avant le devisera	Mais cp ẽdroit plus nen par le le comptecar cy aprez le uous deuisera	841
1298	et comment ele l' ama merveillosement	⁊ cõ mẽtelle lapma merueilleusemẽt	842
1299|1300	et comment ele le proia|et la merveille	⁊ comment elle mourũt pource quil la refusa Commẽt lancelot rescouist le frere du theua lier	843
1301	que ses amis en fist	qui lauoit logie	844
1302|1303	quant il sot|qu' ele l' amoit	Etcõmẽt il se deffẽdist cõtre argondes	845
1304	et comment cele morut	⁊ puis alla a la douloureuse tour faire ẽterrer le corps de galle	846
1305	por ce	iiii	847
1306	qu' il la refusa tot ce vos trespassera li [c) contes ci endroit	xx	848
1307|1308	por deviser une aventure|qu' il lor avint el paveillon ou il estoient	xu	849
1309|1310	L|Ci dist li contes que	l E compte dit q̃	850
1311|1312	quant il orent le secont mes eu es vos un chevalier armé d' unes armes vermeilles|qui vint corant par devant le paveillon o grant compaignie de chevaliers	quant ilz eurent eu le second mes uecp ung cheua lier arme de armes uermeilles courant par deuant le paueillon a grant com paignie de cheualiers	851
1313	Et cil as armes vermeilles		
1314|1315	qui devant venoit entre el paveillon a|et voit	et il entra au paucillon	852
1316	I		
1317	escuier		
1318|1319	qui servoit a la table|si estoit freres al chevalier de laiens	⁊ uist ung escuier qͥ seruoit a la table qͥ estoit frere au cheualier de leans	853
1320	Et il cort maintenant cele part		
1321	si le prent par les espaules	Il le prent par les espaulles	854
1322	et le lieve devant lui sor l' arçon de la sele	⁊ le metdeuant lui es arcons de sa selle	855
1323	si s' en torne a tot	si sen ua atout	856
1324	Et quant cil del paveillon voit ce	Et quant celuidu paueil lon uoit ce	857
1325	si crie a Lancelot Ha bials sire je sui mors se cil enporte ensi mon frere	si crie a lancelot|Haa sire ie suis mort se celui emporte mon frere	858|859
1326	kar il l' ocirra s' il n' est secors:	car il loccira sil nest secouru	860
1327	si vos pri		
1328|1329	por Dieu|que vos i metés paine	Si uous prie pour dieu q̃ uoꝰ mettez paine a le secourir	861
1330	Et Lancelos saut de la table	Et lancelot sault hors de la table	862
1331	et demande ses armes	⁊ demande ses armes	863
1332|1333	et I|escuiers vint avant	⁊ una escuier uĩt a lui	864
1334	si li dist Par foi sire vos armes	⁊ lui dist|Par ma foy sireuoz armes emportent il	865|866
1335	et vostre cheval enmainent il ! — Voire fet il		
1336|1337	par mon chief ja|por ce ne remaindra	Par mon chief pour ce ne ne demourra il pas	867
1338	que je nes sieve	que ie ne le suiue	868
1339	Lors vient fors del paveillon	Et lors sault hors du paueillõ	869
1340|1341	et li chevaliers o lui|et il esgarde cels	⁊ le cheualier aueclui Ilz regardent ceulx	870
1342	qui s' en vont		
1343|1344	qui ja avoient passé l' eve par J|pont de fust;	qui sen uont qͥ auoiẽt ia passe leaue par ung pont de fust	871
1345	et Lancelos demande al chevalier s' il remaindra	Lancelot de mande au cheualier sil demourra	872
1346	Sire fet il nenil ains vos ferai compaignie	Gire fait il nẽny ains uous feray compaignie	873
1347	tant que nos aions trové	tant que uous aiez trouue	874
1348	qui armes vos baut	qui armes uous baillera	875
1349|1350	Lors acueillent lor voie tot a pié|et vienent au pont	Lois uiẽnẽt au põt tout a pie	876
1351	si passent outre	et passent oultre	877
1352|1353	et s' adrecent a I|tertre par ou li chevalier s' en vont;	⁊ se adrecent a ung terte par ou les cheualiers uont	878
1354	si n' ont gaires alé	Si ne ont gaires alle	879
1355|1356	quant il encontrent I|chevalier armé d' unes armes noires	quant ilz encontrẽ tung cheualier arme dunes armes notres	880
1357	qui venoit al pont par I		
1358	chemin de travers		
1359|1360	Et quant il voit Lancelot|si s' areste	Quant il uist lancel ot il se arresta pource qͥi le congnoissoit bien	881
1361	por ce		
1362|1363	que bien le conoissoit|si li demande ou il vet ensi a pié tos desammés	⁊ lui demãda ou il alloit ainsi apie tout desarme	882
1364	Qui estes vos sire chevaliers fet Lancelos	Quest ce fait lance	883
1365|1366	qui me demandés ou je vois|? — Je sui fet il I	lot demãdez uous ou ie uois	884
1367|1368	chevaliers Une vieille met Lancelot sur la voie (L )|d' estrange païs	Oy sire	885
1369|1370	mais molt me merveil de ce|que je vos voi ensi aler	si suis ung cheualier destrãge pais qͥ moult me mer ueille de uous uoir aller ainsi	886
1371	Et Lancelos li conte comment il estoit herbergiés	Et lãcelotlui compte commẽt il estoit hehergie:	887
1372|1373	et comment I|chevaliers vint laiens ou il menjoit	⁊ comment ung cheualier uint la ou il mengoit	888
1374|1375	qui prist a force I|vaslet	qui print a force ung uarlet	889
1376	et le mist sor le col de son cheval	et le mist sur le col de son cheual	890
1377|1378	Et encore m' a il plus meffet fet Lancelos|kar cil	Et encores y a il plus fait lancesotcar ceulx	891
1379	qui avec lui vindrent enporterent mes armes	qui auec luy sont empoitẽt mes armes	892
1380	et enmenerent mon cheval a —	et ẽmainent mon cheual	893
1381|1382	Quel guerredon fet cil porroie je atendre de vos se je|por vos me desarmoie	quel guerdon fait celuy pouroie ie auoir de uous se ie me desarmoye	894
1383	et vos bailloie mes armes	et uous baill oie mes armes	895
1384	et mon cheval	et mon che ual	896
1385	? — Certes fet Lancelos tel com vos deviseriés	certes faitlancelot: tel cõme uous deuiseres	897
1386|1387	— Se vos fet il el premier lieu ou je vos troverai armé|por que je soie desarmés me creantés a doner vos armes ¡e vos bailleroie les moies	se fait il au premier lieu ou ie uoꝰ trouueray arme me ꝓmettes abailler uos armes ie uous bailleray les miennes Cer tes fait lã celot	898
1388	— Certes fet Lancelos		
1389	si ferai je	si feray ie pourtãt	899
1390	por que vos ne me truisiés combatant	que uous ne me trouues cõbatant	900
1391|1392	Et cil descent maintenant|si se desarme	et celuy deschent maintenãt sp se desarme	901
1393	et baille a Lancelot tot son hernois	⁊ baille taut son harnois a lãceloi	902
1394	et il s' en appareille	et il sen appareille	903
1395|1396	et monte en son cheval|puis dist a son oste	⁊ mõie sus le cheual	904
1397	qu' il s' en retort; Imes il dist		
1398	que non fera		
1399	Si ferois fet Lancelos a lar je conoistrai bien les armes a celui		
1400	que je vois querant en quelque lieu je les truisse		
1401|1402	Et cil dist|puis qu' il velt s' en retornera:	⁊ faĩt retournet son hoste	905
1403	si s' en vet		
1404	et enmaine o lui le chevalier		
1405	qui molt est liés de ce		
1406|1407	que Lancelos li doit I|guerredon	et prẽt congie de luy	906
1408	Et Lancelos aquelt son chemin aprés cels	lãcelot print son chemin apres ceulx	907
1409|1410	que|? il sieut tant	qui sen uoni tant quil est uenu eu tertre en hault	908
1411	qu' il est venus el tertre en haut		
1412|1413	et lors voit devant lui la forest|que l' en apele la forest des Trois Perilx	et lors uoit deuant lup la foiest des trois perilz	909
1414|1415	et ce|por quoi ele fu ensi apelee devisera bien li contes ça avant	⁊ ce pout quoy elle est ainsy appellee deuiserabiẽ le compte cy en auant	910
1416	Quant il fu amont el tertre	Mant il fust amonlt eu tertre	911
1417	si esgarde devant lui	si regar de deuant luy	912
1418	mais il ne voit nul de cels		
1419	que il queroit		
1420|1421	kar il s' estoient ja ferus en la forest|Et totes voies sieut il les esclos des chevals	et suyst les pas des cheuaulx tant quil uint a lentree de la forest	913
1422	tant que il vient a l' entree de la forest;		
1423	et lors encontre une damoisele tote chenue	et lors encõtra une damoiselle toufe chanue	914
1424	qui chevalchoit molt cointement	qui cheuauchoit mõlt coinctemẽt tourte descheue|lee	915|916
1425	et estoit tote deslie ses treces par ses espaules comme pucele	ses tresches entre ses espaulles comment une pucelle	917
1426|1427	et avoit en son chief l|chapel de roses	⁊ auoit suc son chief ung chapiau de roses	918
1428	kar c' estoit entor la Saint Johan		
1429	Il le salue	il la sallue	919
1430	et ele li dist	et elle luy dist	920
1431	que bone aventure li doinst Diex		
1432|1433	Damoisele fet il me savriés vos a dire|quel part uns chevaliers o unes armes vermeilles s' en vet	que bonne aduãture luy dõnast dieu damoiselle fait il aues uous point ueu passer par cy ung cheua lier a unes armes uermeilles	921
1434|1435	? — En non Diex fet ele je le vos enseigneroie bien se je voloie|— Dites le moi fet il par covent	Eu nom dieu fait elle se ie uoul loie ie uoꝰ lenseigneroie biẽ dictes le moy fait il par tel conuenant	922
1436	que je soie vostre chevaliers el premier lieu ou vos me requerrois	que ie soie uosire cheualier au premier lieu|que uoꝰ me requerres	923|924
1437	— Se vos me creantés fet ele		
1438	que vos me sievrois de	se uous me ꝓmettes q̃ au pre	925
1439|1440	quel hore|que vos en semoigne je le vos enseignerai	mier lieu ou ie uous requesray uoꝰ me aideres ie uous lense: gneray	926
1441	Et cil li creante	et il tuy promet	927
1442|1443	dont il se repenti|puis molt durement tel hore fu	dõc de pups sen repentist	928
1444	Or alés fet ele tot cest chemin		
1445	si li mostre I		
1446	sentier estroit		
1447|1448	qui aloit al travers [d) de la forest|Si ne tornés fet ele de nule part	Oralles fait elle tout ce chemynen trauers de la forest sãs tourner de nulle part	929
1449	et quant vos avrois alé entor demie lieue	Quãt uous aures cheuauche enuiron dempe lieue	930
1450|1451	si verrois delés I|vivier trois paveillons tendus	si uerres de les une riuiere trois pauillons la dedẽs trouueres le cheualier	931
1452	La dedens troverois le chevalier		
1453	que vos querés	que uous demandes	932
1454	que l' en apele Arramant le Gros;	et len lappelle arre|ment le gras	933|934
1455|1456	si le conoistrois a ces enseignes|qu' il a en mi le front II	et le cõgnoistres a telles enseignes quil ha deux playes au frõt	935
1457	plaies		
1458|1459	Or vos en poés aler|mais que vos m' aiés dit vostre nom	or uous en poues aller mes q̃ mayes dist uostre nõ	936
1460|1461	Et il se nome molt a envis|et totes voies li dist	et il se nõme monlt ẽuiz	937
1462|1463	qu' il a non Lancelot del Lac|Alez a Dieu fet ele a	et dist quil a anq̃ lãcelot du lac	938
1464	Atant s' en part		
1465|1466	et s' en vet tot le chemin|qu' ele li avoit enseigné	A tant sen ua lancelot tout le chemyn quelle luy a enseigne	939
1467	si grant aleure com il plus puet del cheval traire		
1468|1469	tant que il atainst les chevaliers|que il sievoit	tant quil attaint le che ualiee	940
1470	Et cil lor i escrie		
1471	si haut	si luyesccie	941
1472	que bien porent oîr		
1473|1474	et maintenant li vient acorant li uns d' eus l' escu al col le lance el poing|et fu armés de totes armes	si haultq̃ bien le peultouie Seconde maintenãt lup uiẽt a lencontre lun de lautre lescu au col la lance au poĩg armes de toutes pieces	942
1475	Et Lancelos le fiert	et lancelot le fiert	943
1476	si que pour le hauberc ne remaint		
1477|1478	qu' il ne li met par mi le cors le fer del glaive|si l' empaint bien com cil	si duremẽt quil luy met le fer du glaiue parmy le coprs	944
1479	qui assés ot		
1480	et cuer		
1481	et force:		
1482	si le porte del cheval a terre	si le porte a terre	945
1483	et retrait son glaive a lui;		
1484|1485	si voit I|autre venir tot appareillié de joster	et uoit ung aultre uenir tout prest de iouster	946
1486	et il nel refuse pas ains li torne le chief del cheval	et il ne le reffuse pas	947
1487	et cil	et celny	948
1488|1489	qui vint acorant li done tel cop en l' escu|que tote sa lance vole en pieces	qui uiẽt accourãt luy donne tel coup sur son escu q̃ sa lance uolle en pieces	949
1490|1491	Et Lancelos|qui un poi porta sa lance bas	⁊ lancelot porte la siẽni ung pou plus bas	950
1492	l'ataint par desus l' arcon de la sele a	si la actaint	951
1493	si le fiert	⁊ le fiert	952
1494	si que les mailes del hauberc ne pueent soffrir le grant cop	si du remẽt|que les mailles du haubers ne peurẽt le coup souffrir	953|954
1495	que li glaives ne li voist par mi le cors	que le glaiue ne lui uoit ꝑmi le corps	955
1496	si que li fers pert d' autre part;		
1497|1498	si l' empainst|si durement	si quil porte luy	956
1499|1500	qu' il le porte a terre|et lui	et le cheual a terre	957
1501	et le cheval		
1502	Et lors dient cil	Et lors dient ceulx	958
1503	qui devant s' en aloient	qui deuãt sen alloiẽt	959
1504|1505	que molt joste bien li chevaliers quant|Il	que monlt iouste bien le cheualier	960
1506|1507	de lor meillors compaignons a ensi abatus|Et Lancelos laisse corre a els tos	Quant lanct lot eust rompu sa lance il mest la maina lespee	961
1508	qui encore estoient nuef;		
1509|1510	si ot l' espee traite|por ce	et lesse courre uers les aultres	962
1511|1512	que ses glaives estoit brisiés al chevalier|qu' il ot derrainement abatu ;	qui estoient uingt	963
1513	si lor detrenche lor escus	si leur despiece eseus	964
1514	et lor depiece lor hialmes	⁊ detrenche leurs heaulmes	965
1515	et lor ront les haubers sor les bras		
1516|1517	et sor les espaules;|si fet tant par sa proesce	et fist tant par sa proesse	966
1518|1519	que tuit cil|qui le voient s' en merveillent	que touo ceulx qni le uoiẽt en sont esmerueillies	967
1520	Et la ou il voit le chevalier as armes vermeilles	Et la ou il uoit le cheualier aux armes uermeilles	968
1521	si nel mesconoist pas ains li adresce par mi els tos	si luy adreche son cheual parmy tous eulx	969
1522|1523	et li done|si grant cop par mi le hialme	et lup donne tel coup sus le heaul me quil ne se peult tenir aux archons	970
1524	que cil est		
1525|1526	si estordis|qu' il ne se puet es arçons tenir ains vole a terre	mes uolle a terre	971
1527	Et Lancelos li va par desus le cors a cheval	et lancelot luy ua dõner	972
1528	tant que cil pert la vertu	si grãt coup sus le col tant quil pert sa foiche	973
1529	et la force tote a	et sa uertu	974
1530	Et lors sont li autre molt esmaié	Lors sont les aultres bienesmapes	975
1531|1532	kar bien cuident|que cil soit mors	car il cuident q̃ leur maistre soit moit	976
1533|1534	qui lor sires estoit;|si se metent en paine del vengier	Ei se mettent en paine de le uenger	977
1535	et corent sus a Lancelot tuit ensamble	et courẽt sus a lancelot	978
1536	Mais il nel truevent pas		
1537|1538	si esbahi|qu' il ne soit tos pres de soi deffendre;	mes ilz ne le treuuẽt pas esbahp mes est prest de se deffẽ die	979
1539	si lor abandone son escu	si leur habandonne son escu	980
1540	et tient l' espee		
1541	dont il lor done grans cops par la ou il les ataint ne onques		
1542	por pooir		
1543	qu' il aient ne li porent tolir terre ains se met par mi els maintes fois		
1544	quel gré		
1545|1546	qu' il en aient|Et de tant li avient il bien	et il ne a cõ	981
1547|1548	qu' il n' aconsieut chevalier a droit cop|qu' il ne face s' espee sentir en char nue ou il nel port del cheval a terre:	surct cheualier a cous quil ne luy face lespee sẽtie iusques enl a char ou quil ne le porte du cheual a terre	982
1549	si lor esrache les escus des cols		
1550	et les hialmes des testes		
1551	et lor decoupe poins		
1552	et bras a	Et les a	983
1553	et se hurte en els de cors		
1554	et de cheval ;		
1555	si en a V		
1556|1557	si atornés|qu' il gisent a terre	si bien attournes quil en pa cinq gisans sur terre tellement quilz ne se peuẽt releuer	984
1558	si conreé		
1559	qu' il n' ont pooir de relever		
1560	Quant li autre voient ce		
1561	si lor est avis que s' il i demorent plus il n' em pueent eschaper sans morir		
1562|1563	et por ce s' enfuient al plus tost|qu' il pueent vers la forest ou il la voient plus espesse	Et quant les aul tres uoiẽt q̃ leurs cõpaignons sont ainsy traicties ilz sen fuyent au plus tost quil peuẽt uers la foiest fa ou il la uiret plus espesse	985
1564	Et Lancelos ne les sieut mie granment ains retorne al chevalier	el lãcelot ne les poursuyuist pas ains retourne au cheualier	986
1565	qu' il ot abatu celui as armes vermeilles	qui portoit les armes uermeilles	987
1566	kar il voldra savoir	car il ueust scauoir	988
1567	qui il est	qui il est	989
1568	Et quant il i est venus		
1569	si trueve l' escuier		
1570	que il queroit		
1571|1572	que on avoit mis sor I|roncin a les mains liies triés le dos	et quãt il est uenu il treuue fescuyer quil quer oit monte sus ung rouchin les mains liees derriere le dos	990
1573	et vient a lui	sy uint alui	991
1574	si le deslie	et le deslie	992
1575	Et quant il se sent delivrés	et quãt il est deliure	993
1576	si li chiet as piés	si le mercie mõst	994
1577	et le mercie de Dieu ;		
1578	et Lancelos descent	et lance|descẽt a terre	995|996
1579	si li baille son cheval a garder	⁊ lup baille son cheual a garder	997
1580	puis vet al chevalier	puys sen ua au cheualier	998
1581	qui ja s' estoit relevés en son seant	qui ia estoit redrechie en son seant	999
1582|1583	si estordis|qu' il ne veoit gote	si estourdy quil ne uoit goutte	1000
1584	Et Lancelos li esrache le hialme de la teste	et fancelot luy arcache le heaul me de la teste	1001
1585	si felenessement	si fellõnessement	1002
1586	que cil flatist à terre des paumes	que celui flatist a ter re des pausmes	1003
1587	et de tot le viaire;	⁊ des genoul x	1004
1588	si saine del nes		
1589	et del front [a) trop durement		
1590|1591	Et Lancelos dist|qu' il l' ocirra s' i ne se tient	⁊ lui dit quil le occira sil ne se rent	1005
1592	por outré;		
1593	et cil est	Et celui est	1006
1594	si esmaiés a		
1595|1596	qu' il ne li puet respondre ains gist pasmés adens b|Et Lancelos le redrece	si esuanouy qͥl ne lui peut respondre mot aĩs gist tout pasme Lancclot le redrece	1007
1597|1598	si le trueve|si ensanglenté	si le treuue sisenglant	1008
1599|1600	qu' il cuide bien|que il soit mors	que bien cuide quil soit mort	1009
1601|1602	et lors se repent de ce|que tant li avoit fet mal;	Lors se repent de ce q̃ il lui a tant meffait	1010
1603|1604	si s' asiet les lui|por veoir	Si se rassiet emprez lui pour ueoir quil fera	1011
1605|1606	que il fera|Et ja se relevoient troi de cels	⁊ ia se releuoient trois de ceulx	1012
1607	qui a terre avoient geu	qui estoiẽt a terre	1013
1608	et Lancelos lor laisse core	⁊ lors leur couit sus lã celoi	1014
1609	et dit	⁊ seur dit	1015
1610	que mort sont	que mors sont se ilz ne se rẽdẽt	1016
