0	Einsi leissierent celui jor et toute la semainne 	AInsi passerent celluy iour et toute la sepmaine/ 	0
1|2	tant que Lanceloz fu gariz |et vient au chevalier 	tant que lancelot fut gari. si uint au cheualier 	1
3	qui avoit a non Carmadam et le mercie moult de ce 	qni auoit uen cramadin |et le mercie monlt de ce 	2|3
4|5	qu’il li avoit fait. « |Si m’aïst Diex, je ne fuisse mie 	quil luy auoit fait. Sire fait le cheualier ie ne feusses mie si ioyeux/ 	4
6	si liez por le millor chastel 	pour le meilleur chastel 	5
7	que li rois Artus ait comme de ce 	que le roy artus ait/ comme de ce 	6
8	que vos estes gariz. 	que uous estes gari/ 	7
9	Si m’an est grant honors avenue. 	si men est grant honneur aduenu/ 	8
10	quant tant avez demoré en mon ostel. « Biax sire, fait Lanceloz, je m’en voldrai demain aler, 	quant tant aues demoure en men hostel. Beau sire fait lancelot/ ie men uouldroie demain aller/ 	9
11|12	si vos demant congié. — Sire, fet il, jel vos otroi, |puis qu’il vos plaist,	si uous demande congie. Sire fait le cheualier ie le uous octroy puys quil uous plaist/ 	10
13	car outre vostre volenté ne vos retanroie je mie. 	car oultre uostre uoulente/ |ne uous retendroie ie pas/ 	11|12
14	Et alez, fait il, 		
15|16	que Nostre Sires vos conduie en quel que leu |que vos ailliez. — 	nostre seigneur uous cenduise en quel que lieu 	13
17	Diex le face », fait Lanceloz. 		
18|19	Cele nuit fist li chevaliers plus grant feste |qu’il n’avoit fait devant. Au matin 	que uous ailles/ dieu le fache fist lancelot. AU matin 	14
20	quant Lanceloz fu levez, la pucele vint a lui, 	quant lancelot fut leue/ la pu celle uint a luy/	15
21	et quant il la vit,	et quant il la ueist 	16
22	si li dist: « Bele douce amie, bien puissiez vos venir! je m’en voil aler a vostre congié. — Sire, fait ele, vos savez bien les couvenances 	si luy dit. Belle doulce amie bien soies uenue/ ie men ueult aller a uostre cengie. Sire fit elle uous sauez bien les cenuenances 	17
23	qui sont entre moi et vos 	qui sont entre uous et moy. 	18
24	et je ne sai 	Et ie ne scay 	19
25	quant je vos reverrai mes. 	quant ie uous uerray mes 	20
26	Et por ce vos demant je J. de voz joiaux 	si uous prie |qu il uous plaise de me laissier ung de uoz ioyaulx 	21|22
27|28	que je puisse garder |por l’amor de vos,	que ie puisse garder pour lamour de uous/ 	23
29	quant vos en serez 	quant uous en seres alle/ 	24
30	alez,si que je vos en aie plus en remanbrance. — 	si|que ie uous en aye plus en remembrance. 	25|26
31	Certes, damoiselle, fait il, volentiers. » 	Certes damoiselle fist il uoullentiers/ 	27
32	Lors prant une soie ceinture a membres d’or 	lors prent une sienne chaincture a membres dor/ 	28
33	qu’il avoit çeinte 	qu il auoit chaincte 	29
34	que la roine li avoit donnee 	que la roynecluy auoit dennee 	30
35	et dist: « Damoisele, tenez. Sachiez 	et dist/ tenes damoyselle sachies 	31
36	qu’il n’a el monde dame ne damoisele 	qu il ny a eu mende dame ne damoiselle 	32
37	a cui je la donnasse. » 	a qui ie la donnasse/ 	33
38	Et cele l’an mercie moult, 	et celle len mercie menlt 	34
39	si la prant joieuse et liee, 	si la print lyee |et iopeuse.	35|36
40	puis li donna J. fermail d’or 	et elle lui denne ung fermail dor/ 	37
41	et li prie 	si luy prie 	38
42	qu’il le port a son col 	quil le porte a son col 	39
43	por l’amor de lui, 	pour lamour de elle/ 	40
44	et il dist 	et celluy luy dist	41
45	que si fera il volentiers. 	que si fera il uoullentiers. 	42
46	Lors demande ses armes 	Lors demanda ses armes/ 	43
47	et l’an li aporte; 		
48	et quant il fu armez bien et bel, 	et quant il fut arme bien et bel/ 	44
49	si prant congié a touz cels de laienz 	si print cengie a tous ceulx de leans/ 	45
50	et puis monte en son cheval 		
51	et s’em part entre lui et Lyonel et la vielle 	et sen part entre lui et lyennel. 	46
52|53	qui les mainne tant amont et aval |qu’il vindrent au chastel 	Et sa uieille le maine tout droit au chastel 	47
54	que li. V. frere tenoient 	que les cinq freres tenoient |que le duc 	48|49
55	que li dus Karles lor peres guerreoit, cil a cui Gaheriez aidoit. 	karles leur pere guerrioit/ |cellny 	50|51
		a qui gaheriet aidoit/ 	52
56	Et quant Lanceloz i vint, il avoient ja perdu toute lor terre ne mes I. chastiax 	et quant lancelot |uint ilz auoient ia toute perdue leur terre 	53|54
		fors que ung chastel 	55
57	dont il n’osoient issir 	denc ilz nosoient issir. 	56
58	et a la derrienne bataille avoient il perdu la moitié de lor homes. 	Et a la derniere assemblee auoient ilz perdu la moictie de leurs hommes. 	57
59	Et quant la vielle ot laienz mené Lancelot, il demande la verité de la guerre; 	et quant la uieille olt seans amene lancelot/ il demanda la uerite de la guerre/ 	58
60	se li conte l’an les greingnors mençonges del monde 	si luy compta len les greigneurs mensonges du monde. 	59
61|62	et blasment le duc a merveilles |et Lanceloz cuida	Et luy blasmerent le duc a merueilles. Lancelot cuida 	60
63	que ce fust voirs: 	que ce fut uoir/ 	61
64	si jura son sairement 	si iura son serment 	62
65	qu’il ne lairoit jamés les V. freres devant 	que iames ne partiroit tant 	63
66	que li dus fust deseritez, 	que le duc seroit desherite/ 	64
67	et ansi fist Lioniax. 	et aussi fist lyonnel. 	65
68	Quant la vielle vit 	QUant la uieille uist 	66
69|70	qu’il l’orent ainsi juré, |si vint as V. freres 	qu il olt ainsi iure elle uint aux cinq freres 	67
71|72	et lor dist: « |Biax signor, il vos est mielz avenu 	et leur dist/ Beausseigneurs il uous est menlt bien aduenu 	68
73|74	que vos ne cuidiez, |car je vos ai ceanz tels Il. chevaliers amenez 	Car ie uous ay amene ceans telz deux cheualiers 	69
75	qui mestront vostre guerre a fin ainz I. mois. »	quilz mettrent uostre guerre a fin ains ung moys. 	70
76	Et cil demandent 	Et ceulx demandent 	71
77|78	qui il sont. « |Par foi, fait il, les nons ne poez vos ore pas savoir par moi, 	qui ilz sont/ les nens ne poues ores mie sauoir par moy/ 	72
79	car il le m’ont desfandu ; 	car il le me ont deffendu/ 	73
80	mais itant vos di je bien 	mes tant uous diz ie bien 	74
		que lun est le meilleur cheualier du mende 	75
81	que vos ailliez a aux 	pour ce uous loe ie |que uous alles a eulx/ 	76|77
82	et lor faites si grant feste 	et leur faictes si grant ioie 	78
83	com l’an doit faire a II. si prodomes. » 	comment len doibt faire a deux si preudommes. 	79
84	Et cil les vont maintenant veoir et lor font la greingnor joie del monde 	Et ceulx les uont maintenant uoir/|si leur font la gregneur ioye du monde 	80|81
85	et se prometent i del tout a lor servise; 	et se promettent du tout a leur seruice. 	82
86	si firent la nuit moult grant feste a l’un et a l’autre. 		
87	Et au matin les menerent oîr messe a une chapele 	Au matin les menerent ouyr messe a une chappelle 	83
88|89	qui laienz estoit. l. |poi aprés prime conmancerent a crier par le chastel : « 	qui leans estoit. ung pou aprez prime commencerent a crier/ or aux armes/ 	84
90|91	Or as armes ! Montez, seingnor chevalier,|car nostre annemi sont ja a noz murs. » 	or aux armes/ mentes seigneurs cheualiers noz ennemis sont en nos murs. 	85
92	Et li V. frere sont venu a Lancelot 	Et les .u. freres sont uenus a lancelot 	86
93	et li demandent 	Si luy demandent 	87
94	s’il voldra porter armes	sil uouldra porter armes 	88
95	et il dist 	Et il dist 	89
96	qu’il nel lairoit en nule manniere 	qu il ne lairoit en nulle maniere 	90
97	qu’il n’alast veoir	qu il ne uoise uoir 	91
98	conment cil defors sevent jouster, « 	comment ceulx de dehors scaiuent iouster. 	92
99	mais je voil, fet il 	mes ie uueil fist il 	93
100	que vos ailliez avant, 	que uous alles deuant/ 	94
101	et se? je voi 	et	95
102	que vos aiez mestier de mon cors, je vos secorrai. » 	se uous aues mestier de moy ie uous secourray 	96
103|104	Lors fait aporter ses armes, |et	Lors fist apporter ses armes/ 	97
105|106	quant il est armez et bien et bel, |si s’an vait dusqu’a la porte del chastel 	et quant il fut arme il sen ua iusques a la porte du chasteau 	98
107	et fait mener encoste lui son destrier, 	et fait mener empres lui son destrier 	99
108	puis monte as creniax 	puis mente aux creneaulx 	100
109	por veoir 	pour ueoir 	101
110|111	conment cil defors assembleront a ceaux dedenz,|et avez lui Lionnel. 	comment ceulx de dedens assemblerent a ceulx de dehors. 	102
112|113	Et li V. frere orent fait armer lor genz au mielz |qu’il pueent, 	Et les cinq freres auoient fait armer leurs gens 	103
114	puis issent fors contre lor ennemis et les reçurent assez bien 	puis issirent centre leurs ennemis |si commencerent la meslee moult doulloureuse/ 	104|105
115	a ce qu’il estoient poi de gent, 	dont il y eust maint ben cheualier mort 	106
116|117	et li autre en avoient moult; |si conmancerent la mellee moult dolereuse 	et enuerse a terre. ceulx du chasteau le faisoient bien 	107
118|119	dont il i ot maint chevalier mort et anversé a terre. |Si s’anfoïrent cil del chastel 	quant gaheriet et ses deux freres lesquelz estoient de la part du duc uindrent a la bataille 	108
120|121	tant que Gueheriez |et si dui frere vindrent a la bataille a tout grant planté de gent. 	atout grant plante de gens 	109
122|123	Si tost com il furent assemblé, |conmancerent a ferir et a abatre 	et si tost comme assemblez furent commencerent a ferir et a abatre cheualiers 	110
124	ne onques puis ne se tindrent li .V. frere, 	ne oncques 	111
125	ainz les couvint foir, 	puis ne se tindrent les cinq freres	112
126|127	ou il volsissent ou non : |si ont assez perdu a cele empainte. 	ains les cenuint fuyr uoulsissent ou non. 	113
128|129	Et quant Lanceloz vit |que li .V. frere furent desconfit, 	Et quant lancelot uist les cinq freres descenfiz: 	114
130	si dist a Lion	si dit a lyennel 	115
131|132	que or a il trop atendu ; |si descent des creniax et monte en son cheval 	quif a trop actendu. Il descent des creneaulx 	116
133	et Lion ausinc; 	et monte sur son destrier 	117
134	si s’an issent par mi la porte. 	et issist parmi la porte 	118
135	Et Lanceloz ne resgarde onques fors la 	puis regarda 	119
136	ou il voit la greingnor presse ; 	ou estoit la greigneueur presse 	120
137	si torne cele part 	si tourna celle part	121
138|139	et se fiert entr’aux|et si fiert le premier 	et frappa si durement le premier 	122
140	qu’il ataint 	quil encentra 	123
141	qu’il le rue mort, 	quil le iecta mort a terre. 	124
142	puis point outre 	puie point oultre 	125
143	et en abat I. autre, 	et en abat ung autre: 	126
144	ausi fait Lion. 	et aussi fist lyennel. 	127
145	Et Lanceloz ot mise la main a l’espee 	Apres lancelot mist la main a lespee 	128
146	et il ert entalantez de faire d’armes, 		
147	car grant pieça n’en avoit riens fait; 		
148|149	si conmance a ferir granz cox tout entor lui |et abat chevaliers et chevaux? 	si commence a ferir tout entour Il abat cheualiers et cheuaulx 	129
150	et occist	et occist 	130
151	quanqu’il encontre; 	quanquil encontre.	131
152	si fait tant em poi d’ore 	Si fait tant en peu de heure 	132
153	que nus ne l’ose atandre, 	que nul ne le ose actendre. 	133
154|155	car il occist |quanqu’il ataint. 	Et la 	134
156	Et la ou il encontre par aventure Gaheriet, 	ou il encontre par auanture gaheriet 	135
157	si li done tel cop par mi le hiaume 	si lui denne tel coup parmi le heaume 	136
158	qu’il li fait santir dusque el test, 	qu il lui fait sentir lespee iusques au test. 	137
159|160	mais ne l’a mie navré a mort. |Et cil vole des arçons, 	Et celui uolle ius des arcons. Lancelot passe oultre si encontre le duc en son uenir/ 	138
161	qu’il cuide bien morir. 	car len lui auoit bien menstre.	139
162|163	Et Lanceloz s’em passe outre, |que plus nel resgarda, 	et le duc uient a lui lespee drecee 	140
164|165	si choisi le duc en son venir, |que l’en li ot bien monstré, 	si le fiert si durement 	141
166	et il li vient l’espee adrecie contremont 		
167|168	et le fiert |si que anz el hiaume li fait le branc d’acier entrer plus de Il. doie, 	qu il lui i fist entrer lespee au heaume plus de deux dois 	142
169	mes ne l’a blescé mie en char. 	mais elle ne toucha pas a la char 	143
170	Et Lanceloz ne l’espargne de riens, 	Et lancelot ne espargne pas le duc/ 	144
171	ainz le fiert desus la destre espaule 	ains le fiert |si sur la destre espaulle 	145|146
172	si qu’il li tranche l’espaule et le poing senestre a tout l’escu. Il recuevre l. autre cop 	quil lui trenche atout le poing. |et puis recouure ung autre coup 	147|148
173|174	et li fait la teste voler |et cil chiet morz, 	si lui fait la teste uoller: denc se fut grant dommage.	149
175	dont il ert granz domages. 		
176|177	Et quant li autre voient le duc mort, |si tornent en fuie, 	Quant les autres uoient leur duc mort ilz sen fuient. Lancelot et les siens les chassent 	150
178	que plus n’i osent arester; 		
179|180	et Lanceloz et lij sien les enchaucent, |si prannent Guerehet et Agravain 	si prennent agrauain/ gueresches et plusieurs autres 	151
181	qu’il ne voloient torner del champ por lor frere Gaheriet 	qui ne uoulloient partir du champ |pour leur frere gaheriet 	152|153
182|183	qu’il i laissoient; |si pristrent tant des autres	lequel estoit abatu	154
184|185	com il voldrent. |Et li V. frere 	Et les cinq freres 	155
186	qui orent veu Gueheriet cheoir	qui auoient ueu cheoir gaheriet 	156
187	et qui bien connoissoient 	et qui bien congnoissoient 	157
188	qu’il avoient le tout perdu par sa prouesce le prannent 	qu ilz auoient le tout perdu |par sa proesse le prennent	158|159
189	et le font mener en lor chastel. 	et le fent mener en leur chasteau. 	160
190	Si ne fu onques si grant feste 	Si ne fut oncques si grant feste 	161
191|192	com il firent de Lancelot, |car il crioient tuit, 	comme ilz firent a lancelot. 	162
193|194	si com il passoit: « |Bien veingne li mieldres a chevaliers del monde!» 	car ilz crioient tous sicomme il passoit par la. Bien uiengne la fleur de terrienne cheualerie/ bien uiengne le meilleur cheualier de tout le mende 	163
195	Ensi crioient tuit grant et petit contre Lancelot 	AInsi crioient tous contre lancelot grans et petis 	164
196	et il avoit moult grant honte de ce 	et il auoit grant hente de ce 	165
197	qu’il disoient 	quilz disoient. 	166
198	et moult a li pesoit 	Et moult lui pesoit de ce 	167
199	qu’il le seingnorisoient tant, ja soit ce 	quilz le seigneurisoient tant. ia soit ce 	168
200	qu’il l’eust bien deservi.	quil leust bien desserui. 	169
201|202	Quant Lanceloz vient en mie la rue, |si la trouva toute portandue de dras de soie et de pailles 	Quant lancelot uint enmy la rue il la trouua toute tendue de draps de soie: 	170
203	et fu toute encortinee contre lui por honor de lui. 	et toute encourtinee pour lamour de lui. 	171
204	Si le reçoivent a si grant feste	Si le receurent a la plus grant ioie	172
205	com il pueent plus, 	quilz peurent. 	173
206	et il l’orent desarmé, 	Quant ilz le eurent desarme 	174
207	si li aportent I. robe de cendal vermeille tote fresche. 	si lui apporterent une robe de sandal uermeil toute fresche. 	175
208	Et quant il est vestuz et apparilliez, il demande a veoir les III. 	Et quant il est uestu |si demande a ueoir les trois prisenniers 	176|177
209	qui pris estoient, cels 	qui prins estoient et ceulx 	178
210	qui estoient armé tuit d’unne manniere 	qui estoient armez tous dune maniere: 	179
211	et il les avoit toute jor trop couvoitiez a veoir, 	car toute iour les auoit trop couuoitie a ueoir: 	180
212	car moult l’avoient bien fait en la bataille, 	car moult lauoient bien fait en la bataille. 	181
213|214	et|ce estoient li III. frere. 	et cestoient les trois freres. 	182
215	Et l’an les vait ! querre maintenant	et len les lui ua querre 	183
216|217	et quant il les vit venir, |si les connut bien, 	Quant il les uist uenir il les congneust bien. 	184
218	mais por ce 	mais pource 	185
219	qu’il ne voloit mie 	quil ne uoulloit pas 	186
220	qu’il le conneussent, les fist metre arriere.	quilz le congneussent les fist il mener arriere. 	187
221	Si est tant dolanz de ce 	Si est tant dollent 	188
222	qu’il a esté contre els en ceste bataille 	quil a este contre eulx en ceste bataille 	189
223	que il ne set 	qu il ne scait 	190
224	qu’il doie faire: 	que faire 	191
225	car moult amoit Gaheriet de grant amor, 	car moult aymoit gaheriet. 	192
226|227	et d’autre part il l’am poise moult |por amor de Gauvain lor frere: 	Et dautre part moult lui poise pour lamour de messire gauuain leur frere 	193
228	puis conmande a cels de laienz 	puis commande a ceulx de leans	194
229	qu’il lor ? facent tant d’onor 	quilz leur facent autant de honneur 	195
230	com il porront, « 	comment ilz pourront 	196
231	car je vos di, fait il, 	car ilz sont de hault lignage et bens cheualiers. |Et se ie eusse cuide 	197|198
232	qu’il sont moult prodome et de haut lignage et bon chevaje 	quilz eussent este contre uous ie ny eusse ia escu |prins pout eulx greuer. 	199|200
233	n’i eusse ja escu font cil oster de la prison	Lors les font ceulx oster de la prison 	201
		si les font mettre en une chambre coincte et belle 	202
		et font regarder les plaies de gaheriet 	203
234	et les font a metre en l por aux grever. » 	et et lui font tant de bien |comment ilz peuent.	204|205
235	Lors les oriez les en avoit. 	Si les tindrent moult honnourablement pour lamour de lancelot. |qui prie les en auoit. 	206|207
236	Cele nuit fu la joie et la feste moult grant el demander ; 	CElle nuit fut la feste |et la ioie grande au chasteau: 	208|209
237	si le couchent a aise et a moult grant onor. 	et se lancelot fut bien serui |ce ne fait pas a demander. 	210|211
238	Et l’andemain 	Si le couchent aise/ |et a moult grant honneur. Lendemain 	212|213
239	qu’il ot oïe messe, vint a vielle 	quant il eut ouy messe uint a la uielle 	214
240	qui laienz l’avoit amené 	qui leans lauoit amene	215
241	et li dist: « Dame, je e sui vers vos aquitez. il, par la riens 	et lui dit. Dame me suis ie a uous bien aquite. Sire oy. |Or uous prie fist il par la chose 	216|217
242|243	que vos plus amez Sire, fait ele, ofl. — |Or vos quue vos a home 	que uous aymez plus que uous a homme 	218
244	qui demant de moi 	qui de moy demande 	219
245	ne dioiz mon non ie ne faites savoir 	ne diez ne faictes sauoir 	220
246	qui je sui. 	qui ie suis. 	221
247	Et savez vos 	Et sauez uous 	222
248	por quoi je le di ? Cil III. chevalier prison sont frere mon signor Gauvain 	pour quoy ie le dis Ces trois cheualiers sont freres a menseigneur gau. 	223
249|250	et tant les aim|que je ne voudroie mie 	et ie ne uouldroie pour riens 	224
251	qu’il seussent 	qu ilz sceussent 	225
252	que je eusse esté contre aux, 	que ie eusse este encontre eulx/	226
253	car il m’an harroient par aventure; 	car ilz men herroient par aduanture/ 	227
254	et por ce ne voil je mie 	et pour ce ne uueil ie mie 	228
255	qu’il sachent mon non. » 	quilz sachent men nom/ 	229
256	Et ele dist 	et elle luy dist 	230
257	qu’ele nel descouverra ja a nul home. Il vient as .V. freres 	quelle ne le descouurira ia a homme uiuant. |Lors uint aux .u. freres/ 	231|232
258	et lor dit 	si leur commanda 	233
259	que li III. chevalier soient quite et mis fors de prison	que les troys freres feussent deliures/ 	234
260	et cil dient 	et ceulx dient 	235
261	qu’il le feront tot a sa volenté; « 	que sy feront ilz tout a sa uoullente. 	236
262	et ancore vos pri je, fait il, 	Et encor uous prie ie fist il/ 	237
263	que quant je m’en serai alez,	que quant ie men seray alle/ 	238
264	que vos retaingniez les III. freres çaienz 	que uous detiengnies les troys freres ceans 	239
265	et lor faites tant d’amor et d’onor 	et leur faictes tant de honneur 	240
266	que je vos en saiche gré; 	comment uous pourres/ 	241
267	car bien sachiez 	car bien sachies 	242
268	qu’il sont mi ami. » 	qu il sont mes amis. 	243
269	Et il dient 	Et ilz dient sans faille	244
270|271	que si feront il sanz faille. |Lors demande Lanceloz ses armes 	que si feront ilz. LOrs demande ses armes/ 	245
272	et cil dient? 	et ceulx dient 	246
273	qu’il demort encore,	quil demourra encore/ 	247
274	car trop a poi demoré avec aux; mes il dist 	mais il dist 	248
275	qu’il ne remaindroit en nule mannierea; 	quil ne remaindroit en nrulle maniere. 	249
276	si s’em part entre lui et Lion. 	Si sen part entre luy et lyonnel 	250
277|278	Et|quant il sont monté, li V. frere viennent a Gaheriet 	et quant ilz furent montes lez cinq freres uindrent a gaheriet/ 	251
279	et le metent fors de prison 	si le mettent hors de prison: 	252
280	et li font toute la joie 	et luy font toute la ioie 	253
281	qu’il li pueent faire a lui et a ses freresb. 	qu ilz peuent a luy et a ses freres. 	254
282	Et il demande maintenant	Et ilz demandent maintenant 	255
283	qui li chevaliers est 	qui est le cheualier 	256
284	par cui il ont esté desconfit 	par qui ilz ont este uaincus: 	257
285	et il dient 	et ceulx dient 	258
286	qu’il ne sevent, 	quilz ne scaiuent 	259
287	se Diex lor aïst. — 	se dieu leur aist. 	260
288|289	Par foi, fait Gaheriez, |ce ne puet estre, 	Par ma foy dist gaheriet ce ne peult estre/ 	261
290	car des voz fu il et avec vos vint il çaienz. — 	car des uoz fut il 	262
291	Par foi, font ? il, de notre gent ne fu? il pas, 	et auec uous uint il ceans par ma foy font il de nostre gent ne fut il mie/ 	263
292	mais il nos aidoit por l’amor d’une dame 	mes il nous aidoit pour lamour de une dame 	264
293	qui ceanz est, 	qui est ceans/ 	265
294|295	ne onques son non |ne nos vost dire	ne encques son nen ne nous uoullut dire/ 	266
296	ne onques ne le veismes. 	ne encques ne le ueismes/ 	267
297	Mais il nos pria tant de vos servir et de faire toute l’onor 	mes il nous pria molt de uous seruir et de uous faire toute lamour 	268
298	que nos porrions, 	que nous pourriens/ 	269
299	car il dist	car il dit 	270
300	que vos estiez moult si ami. » 	que uous estes menlt grandement ses amis. 	271
301	Lors se merveillent trop 	Lors se merueillent menlt tous ensemble 	272
302	qui ce puet estre, 	qui se peult estre/	273
303|304	si demandent de quel corsage ! il estoit |et de quel façon. « 	si demandent de quel corsaige il estoit, et de quelle facon. 	274
305	Par foi, fait il, ce est J. des plus biaux chevaliers del monde 	Par ma foy font il cest ung des plus beaux cheualiers du mende	275
306	et est I. poibrunez 	si est ung petit brunet/ 	276
307	et ne puet pas avoir plus de XXVI. anz 	et ne peult pas auoir plus de .xxu. ans/ 	277
308	et est tonduz de novel. »	et est nouuellement rez et tendu 	278
309	Et quant il oient cels paroles, 	Et quant ilz ouyrent ces ensaignes/ 	279
310	si sont plus desvoié que devant,	si sont plus esmaies et desuoyes que deuant 	280
311	si ne sevent que dire, 	et ne scaiuent |que dire/ 	281|282
312	si demorent laienz une semainne entiere et	ainsi demourerent une sepmaine entiere/ 	283
313	tant que Gueheriez fu auques gariz. 	tant que gaheriet fut pres de gari 	284
314	Lors s’am partirent tuit III. et demandent 	lors sen partirent tous trois |sy demandent 	285|286
315|316	quelz armes li chevaliers emporta, |quant il s’em parti 	quelles armes le cheualier emporta 	287
317|318	et il dient « unes noires |et un escu blanc a I. lion noir. » 	et il dient unes noires et ung escu blanc a ung lyon noir/ 	288
319	Et il se metent aprés tot le chemin 	et ilz se mettent aprez tout le chemin	289
320	que cil lor enseingnierent, 	que ceulx leur enseignent/ 	290
321	car il le cuident bien trouver as enseingnes 	car bien uraiment en cuident ouir nouuelles. 	291
322|323	que il porte.|Et Lanceloz a tant chevauchié, 	Et lancelot 	292
324|325	quant il s’en fu partiz |et il et Lion, sanz aventure trover 	qui sen fut parti entre li y et lyonnel sans aduanture trouuer 	293
326	qui a conter face, 	qui a compter fache 	294
327	qu’il jurent la nuit chies une veve dame 	car la nuyt uindrent cheulx une dame	295
328	qui bien les herberja. Au matin 	qui bien les herbega AU matin 	296
329	quant il orent oïe messe, 	quant ilz eurent ouy messe 	297
330	si se remistrent en lor chemin 	se misdrent en leur chemin/ 	298
331	et entrerent a ore de prime en une forest 	si entrerent a heure de prime en une forest 	299
332	qui duroit bien IlI. liues de lonc et une de lé 	qui duroit deux lieues de long et une de le/ 	300
333	et l’apeloient cil del païs Terique.	si lapelloient ceux du pays terque 	301
334	Et quant il orent chevauchié dusqu’a ore de midi, 	Et quant ilz eurent cheuauche iusques a tierce 	302
335	si lor greva et anuia, 	si leur greua monlt et ennuya/ 	303
336|337	car li soulauz iert chauz et ardanz |et lor armes furent eschaufees del souleil; 	car le soleil estoit trop ardant/ 	304
338	si furent si las et si travillié 	si furent si laz et trauailles/ 	305
339|340	qu’il les couvint a reposer |tant que li chauz fust trespassez. 	que a forche les cenuint reposer/ 	306
341	Lors mist chascuns pié a terre 	lors mist chascun pie a terre 	307
342	et osterent les seles a lor chevax et les frains? 	et osterent lez fraingz a leurs cheuaulx/ 	308
343	et les laissierent pestre de l’erbe par mi le bois,	si les laisserent paistre lerbe parmy le boys/ 	309
344|345	puis osterent les heaumes |et abatirent? lor vantailles 	puys ostent leurs heaulmes 	310
346	por recoillir le vent;	pour recueillir le uent/ 	311
347	si se couchent desor l’erbe souz l’ombre d’un pomier. 	si se couchent dessoubz lombre dung perron 	312
348|349	Et Lanceloz n’avoit onques dormi la nuit, |car trop avoit eu grant chaut. 	car lancelot nauoit onques la nuyt dormy 	313
350|351	Se li avint |qu’il s’andormi a ce 	si luy aduint ainsy	314
352|353	qu’il trova la froidor de l’erbe i|et la douçor del vant. 	quil se endormist. 	315
354	Et Lions veilla 	Et lyennel ueilla 	316
355|356	qui n’avoit pas talant de dormir |et ne demora gueres 	qui nauoit pas tallent de dormir/ puys ne demoura gaires 	317
357	qu’il vit venir tout le chemin ferré auques loing de lui Il. chevaliers armez 	qu il uist uenir au chemin ferre asses loing de luy deux cheualiers tous armes 	318
358	qui amenoient avec aux une damoisele 	et auec eulx une pucelle	319
359	et aloient grant joie faisant. 	si alloient trop grant ioie faisant 	320
360	Et quant il vindrent pres de Lion, 	Et quant ilz uindrent pres de lyonnel 	321
361	si resgardent derriers aux et tant que li uns d’els dist: « Par mon chief, veez ci venir un chevalier. 	si regarderent/ |par mon chief fait lun deux ues le cy uenir/ 	322|323
362	Et Lions esgarde loing par mi le bois 	et lyonnel regarde parmi le boys/ 	324
363	et voit aprés aux venir J. chevalier armé sor J. destrier tout noir; 	et uoit uenir apres eulx ung cheualier arme sur ung destrier/ 	325
364	mais ce ert li graindres de cors et de membres 	mes cestoit le greigneur de corps et de membres 	326
365	que Lionnel veist mes; 	quil ueist encques/ 	327
366	si resambloit en son venir foudre 	si sembloit en son uenir |que ce fut fouldre 	328|329
367	qui descent del ciel. 	qui deschendist du ciel, 	330
368	Et li uns d’aux li torne l’escu 	et lun deux tourne son escu uers luy |pour iouster a luy 	331|332
369	et cil le fiert 	et il le fiert si durement 	333
370	si qu’il li met le glaive par mi le cors 	quil luy mect le glaiue parmy le corps/ 	334
371	et abat lui et le cheval a terre,	si abbat a terre luy et son cheual 	335
372	puis traist l’espee 	puis traict lespee 	336
373	et lait corre a l’autre 	si laisse courre a laultre/ 	337
374	qui ne l’ose atandre,	qui ne le ose attendre: 	338
375	ainz s’en torna fuiant. 	aincois sen tourne fuyant 	339
376	Et il le vient ataingnant par derriere et ot haucie l’espee 	et il le uint attaindre par derriere/ |si olt haucie lespee 	340|341
377	por ferir; 	pour luy ferir.	342
378|379	et quant cil voit le cop, |si out paor de morir. 	Et quant celluy uoit le coup uenir il a si graut paour	343
380	si se laisse chaoir a terre, 	quil se laisse choir a terre/ 	344
381	et cil	et celluy 	345
382	qui ne pot son cop retenir fiert en l’arçon devant 	qui son coup ne peust retenir/ fiert en larchon deuant si durement 	346
383	si qu’il cope le cheval par mi l’eschine 	quil couppe le cheual parmi leschine sy 	347
384	si qu’il abat le chevalier et Ial le cheval; 	qu il abbat le cheual sur le cheualier 	348
385|386	puis a vient a la damoisele |qui faisoit trop grant duel 	qui se fut laissie choir/ puys uint a la damoiselle. 	349
387|388	et crioit: « Lasse, mes freres!» |Si la monte devant sor son cheval 	Sy la mente deuant soy sur son cheual/ 	350
389	et s’en torne a tout li tout le chemin	et sen retourne par le chemin 	351
390	qu’il estoient venu. 	quil estoit uenu. 	352
		QUant la pucelle 	353
391	Quant la damoisele s’an voit ainsi mener maugré suen,	si uoit |que celluy la maine ainsi maulgre elle/ 	354|355
392	si commance a crier : « Sainte Marie, aide !» 	si commence a crier saincte marie aide 	356
393	et fet si tres grant duel 	Si fait si grant deul 	357
394	que nus ne le veist 	que nul ne la ueist 	358
395	qui pitié n’en eust. 	qui pitie nen eust. 	359
396|397	Einsinc s’en vait li chevaliers |et enmoinne cele 	Et	360
398	qui ne fine de plourer et de duel faire. 		
399	Et quant Lion voit 	quant lyonnel uoit 	361
400	qu’il s’em part en tel manniere, 	que le cheualier sen part en telle maniere 	362
401	si dist 	si dist 	363
402	que or a il trop atandu,	que ores a il trop attendu/ 	364
403	quant il en voit einsi la damoisele mener; 	si ne le ueult pas ainsi laisser aller 	365
404|405	si ne l’an volt pas einsi laissier aler ne esveillier Lancelot, |car il a paor 	et si ne ose lan. esueillier pour ce 	366
406	que il nel tiengne a couart 	quil ne le tenist pour couart: 	367
407|408	ne il ne doutoit rien autant |comme lui. 	et riens ne doubtoit autant comme lui	368
409	Quant Lion est armez au mielz 	QUant lyonnel est arme au mieulx 	369
410	qu’il puet 	qu il peut 	370
411	et il est montez en cheval, 	si monte sur son cheual 	371
412	si prant son escu et sa lance 	et prent son escu et sa lance 	372
413	et laisse Lancelot dormant a 	si laisse lancelot dormant 	373
414	et s’an torne aprés le chevalier 	et sen tourne apres le cheualier. 	374
415	quanque li chevaux puet aler: 		
416	si l’aconsuit a l’avaler d’un tertre. 	Si la consuit a laualler dun tertre. 	375
417	Et quant il est pres, 	Et quant il est pres 	376
418	se li escrie 	si lui escrie 	377
419	qu’il est morz. 	quil est mort. 	378
420	Et cil le resgarde et voit 	Et celui le regarde |et uoit 	379|380
421	que joster le covient; 	que iouster le conuient	381
422	si met jus la damoisele 	si met ius la damoiselle 	382
423|424	et sache l’espee |et met l’escu devant soi 	et met lescu deuant son pis 	383
425	et ganchist le cheval au chevalier.	puis tire son espee 	384
426	Et cil li vient acourant 	et lyonnel uient a lui courant 	385
427|428	et le fiert |si que par mi l’escu 	et le fiert si durement parmi lescu et le haubert 	386
429	et par mi l’auberc li met le glaive sanz plus de mal faire. 	qu il lui met le glaiue |sans plus mal faire. 	387|388
430	Et cil l’ataint sor le hiaume 	Et celui lactaint sur le heaume 	389
431	et li donne tel cop de l’espee 	si lui denne tel coup 	390
432	qu’il le fant a destre partie: 	quil lui fent tout a destre partie. 	391
433	si l’eust occis sanz falile, 	Si leust occis sans faulte/ 	392
434	mes l’espee li torna en la main 	mais lespee lui tourna en la main: 	393
435	et li cox fu granz et de force feruz; 	et le coup fut si grant |que lyonnel cheut a terre tout estendu	394|395
436	si fu Lions si estordiz 	et se pasma de langoisse 	396
437	qu’il chiet a la terre touz pasmez. 	quil sentist. 	397
438	Et li chevalier remet l’espee el fuerre 	Et le cheualier remist lespee au fourreau 	398
439|440	et fait la damoisele monter el cheval Lion, |ou ele volsist ou non. 	et fist monter la damoiselle sur le cheual de lyonnel: uoulsist ou non: 	399
441	Si le contredist ele assez, 		
442|443	mais toutes voies li couvint il a fere |et il s’abaisse vers terre 	puis se abessa uers terre et print lyonnel 	400
444	et prant Lion par les espaules, tout ainsi com il estoit armez 	ainsi arme |comment il estoit 	401|402
445	et le trousse devant lui 	et le trousse deuant lui 	403
446|447	et l’amporte, |et anmoinne la damoisele en tel manniere. 	et lemporte et emmaine la damoiselle en telle maniere. 	404
448	Si se test ore atant li contes de lui 	Si se taist atant le compte de lui 	405
449	et retorne a Hestor des Mares. 	et retourne a hector des mares 	406
		Comme hector des mares se partist du chasteau de radigel 	407
		quant il eust marigart occis et uint deuant le chasteau de terriquen: 	408
		et fut par terriquant conquis et mis en prison auecques plusieurs autres. 	409
450	Or dit li contes 	OR dit le compte 	410
451|452	que quant Hestor |se fu partiz de Ragidel le chastel 	que quant hector fut parti de radigel le chasteau 	411
453	et il ot la damoisele » delivree des lion,	ou il auoit conquis marigart le roux et la damoiselle deliuree des lyons 	412
454	qui cousine germaine Lancelot estoit, 	qui cousine germaine estoit a lancelot 	413
455	que il chevaucha touz seus einsi 	qu il cheuaucha tout seul 	414
456	comme aventure le portoit 	ainsi que auanture le portoit	415
457	et tant que il vint en la forest 	tant qu il uint en la forest 	416
458	que l’en apeloit Terique, 	que len appelloit terriquen 	417
459	et ce fu endroit none. 	et se fut uers nonne: 	418
460	Lors encontra I. damoisele montee sor I. palefroi 	lors encontra une damoiselle montee sur ung pallefroy	419
461	qui faisoit mervilleux duel. Il la salue 	laquelle faisoit trop merueilleux deul. Il la salue: 	420
462|463	et ele lui ausi. « Damoisele, fait il, |car me dites 	et elle lui aussi. Damoiselle fist il or me dictes 	421
464	por quoi vos plourez. — Sire, fait ele, 	pour quoy uous plourez Sire fist elle 	422
465	por I. des bons chevaliers del monde — 	pour ung des meilleurs cheualiers du mende 	423
466	Et qui est cil bons chevaliers ? fait il. — Ce est, fait ele, Lion, le cousin Lancelot, 	que iay maintenant ueu mener trop uillainement a ung des plus desloiaulx cheualiers du mende. 	424
467	que uns des plus desleaux chevalier del monde l’anmainne. — 	Cest fist elle le pire de tous. Damoiselle par la foy |que uous me deuez 	425|426
468	Et qui est, fait il, cil desleaux chevaliers ? — 	qui est ce bon cheualier. Sire fist elle cest lyennel le cousin de monseigneur lancelot du lac. |Qui est fist il ce desloial cheualier. 	427|428
469	Ce est, fait ele, Tericam li sires de cel tertre 	Cest fist elle terriquen le seigneur de ce tertre lassus	429
470	qui l’aporta orandroit sor son cheval, 	qui le apporta orendroit dessus son cheual 	430
471	ne sai dont, 	mais ie ne scay dont:	431
472	et le fist despoillier devant moi tout nu en braies 	et le fist despouillier en sa chemise deuant moy 	432
473	et le fist tant batre a ses sergenz de poingnans espines 	et le fist tant batre par ses sergans despines poingnans 	433
474	qu’il m’an souvandra a touz les jorz de ma vie; 	quil men souuendra tous les iours de ma uie. 	434
475	et aprés le fist geter en sa prison, 	et apres le fist iecter en sa prison	435
476	si com j’ai veu: 	comme iay ueu. 	436
477	si en ai si grant pitié	Si en ay si grant pttie 	437
478	que je ne m’en puis tenir de plourer. — 	que ie ne men puis tenir de plourer 	438
479	Or me dites, damoisele, fait Hestor, 	OR me dictes damoiselle 	439
480	et se je cele part aloie, a quelz enseingnes connoistroie je le chevalier 	se ie alloie celle part |a quelles enseignes cengnoistroie ie le cheualier 	440|441
481	que vos dites ? — 	que uous dictes.	442
482	De l’aler. fait ele, 	De y aller |dit elle 	443|444
483	ne vos entremetez vos ja par mon lox, 	ne uous entremectez ia |par mon conseil	445|446
484	car il vos occirroit, 	car il uous occiroit 	447
485	s’il vos pooit tenir. 	sil uous pouoit tenir. 	448
486	Et neporquant l’an le puet bien connoistre a ce 	et a ce le peut on bien cengnoistre 	449
487	qu’il est li greingnors chevaliers dou monde 	car il est le greigneur cheualier du monde:	450
488	et porte unes armes noires. — 	et porte unes armes noires. 	451
489	Or vos commant, fait il, a Deu, 	Or uous commande ie a dieu damoiselle	452
490	que n’an quier plus oïr parler. » 	car ie nen puis plus ouir 	453
491|492	Et cele s’am part maintenant |et il chevauche cele part 	Et celle sen part incontinent et hector cheuauche celle part 	454
493	ou ele li ot enseignié; 	ou elle lui auoit enseignie. 	455
494	si a tant alé	Si alla tant	456
495	qu’il vint au tertre. 	quil uint au tertre 	457
496|497	Et lors trouva une tor haute et fort|qui estoit close 	et lors trouua une tour haulte et forte:	458
498	put entour de bons murs et de hauz et devant la porte a mains d’unne archiee avoit une fontainne 	et close tout entour de bons murs et haulx. |Deuant la porte a mains de une archiee auoit une fontaine 	459|460
499	qui sordoit pa tuel d’argent 	qui sourdoit par ung tueau dargent: 	461
500	et chaoit en I. perron de marbre et del perron aloit en J. vaissel de plom 	et cheoit en ung perron de marbre et du perron alloit en ung uaisseau de plomb: 	462
501	et pooit estre ausi granz com I. tonne. 	et pouoit estre aussi grant comme ung tenneau. 	463
502|503	Delez la fontainne avoit III. pins l’un delez l’autre|qui erent si grant et si haut 	Emprez la fontaine auoit trois pins lun empres lautre: et estoient si grans 	464
504	que des branches et des foilles estoit toute la fontainne couverte ; 	que des fueilles et des branches estoit la fentaine toute couuerte. 	465
505	si pandoient par mi les guiches dusqu’a XL. escuz et LX. hiaumes et LX. espees. Il resgarde les hiaumes et les escuz et les espees 	Si y pendoient par les guiges plus de xlu. glaiues|et plus de xlu. escus et bien xlu. heaumes et xlu espees. Il regarde les heaumes les escus et les espees 	466|467
506	et se merveille por	et se merueille	468
507	quoi l’an les i a mises, 	pour quoy len les y a mis 	469
508	puis resgarde les essarz a et voit l’escu Agloval et l’escu Saigremor le Desreé et le Keu le senechal et le Gocenain d’Estranglot et le Brandeliz, 	puis regarde les escus si uoit lescu de agloual |et lescu de sagremor le desree et celui de keux le seneschal et celui de gossentin destrangot: 	470|471
		et celui de monseigneur brandelis 	472
509	mes des autres ne puet il nus connoistre. 	mais des autres ne peut il nul congnoistre. 	473
510	Et il vait derriere la fontainne 	Et il regarde derriere la fontaine 	474
511	et troeve lestres escrites 	si treuue unes lettres escriptes 	475
512|513	qui dient: « |Ce sont i li non de ceaux	qui dient. Cy sont les noms de ceulx 	476
514	qui ceanz sont em prison 	qui ceans sont en prison 	477
515	et veez en la lor armeures. »	et ueez en la les armes/ 	478
516	Et il conmance a lire et troeve lestres 	et lors commenca a lire |si trouua les lettres 	479|480
517|518	qui disoient: « |El vintequatriesme an aprés le couronnement le roi Artu a conquis Teriquam de la Forest toz les chevaliers 	qui disoient ainsi. Au uingtquatriesme an aprez le couronnement du roy artus terriquen de la forest desuoiable a cenquis tous les cheualiers 	481
519|520	dont li non sont ci escrit. »|Et il conmance a lire les nons 	dent les noms sent icy escriptz. 	482
521	et an connoit ja assez et de tex i a 		
522	qu’il ne connoist mie ainsi 		
523	com il estoient la venu des estranges terres : 		
524	si i trove dusqu’a XXIIII. chevaliers de la meson le roi Artu sanz les V. 		
525	qui erent compaingne de la queste et sanz Lion. 		
526	Et quant il voit cel escrit, 		
527	sì s’esmerveille plus que de riens 	Si sen merueille plus que de riens	483
528	que il eust veu onques mes ; 	quil eust oncques ueu 	484
529	si ne croit mie 	et ne croit mie 	485
530	que ce soit voirs 	que ce soit uoir	486
531	que I. chevalier seul poïst tant de prodomes conquerre, 	que ung seul cheualier peult tant de cheualiers conquerre 	487
532	se il n’i avoit traïson.	se il ny auoit traison. 	488
533	Lors retorne a la fontainne 	LOrs tourne en la fentaine 	489
534|535	por faire boivre son cheval |qui grant mestier en avoit; 	pour faire boire son cheual.	490
536	et en ce qu’il trestornoit, 	Ainsi qu il retournoit 	491
537	si oit ouvrir l'uis de la porte de la tor 	si ost ouurir la porte de la tour:	492
538	et an voit issir le grant chevalier 	et en uoit issir le cheualier 	493
539	dont la damoisele li ot dit 	donc la damoiselle luy auoit parle/ sy crie a hector/ sire cheualier ie la uous deffens la fontaine/ par mon chief mal y abruuastes uostre cheual/ uous aues telle chose fait/ 	494
540	et fu toz couverz de fer ; 	que nul aultre ne osast faire/ 	495
541	si crie a Hestor : « Danz chevaliers, je la vos desfant, la fontainne. 	lors luy laisse courre le cheual. |Et quant hector le uoit 	496|497
542|543	Par mon chief mar i abuvrastes vostre cheval! Vos avez ce fait |que nus chevaliers n’osast fere. » 	si sen esbahist 	498
544|545	Lors laisse corre le cheval |et besse le glaive, 	et nen pourtant il luy adreche le glaiue/ 	499
546|547	et cil li vient |si roidement 	et celluy luy uint si uistement 	500
548	qu’il failli. 	quil le faillit/ 	501
549	Et Hestor l’ataint bas, 	et hector lattaint bas 	502
550	que molt i ot mise s’antante 	qui menlt y auoit mis son entente/ pour ce 	503
551	por ce que trop le redoutoit, 	que trop se redoubtoit/ 	504
552	si le fiert 	si le fiert sy durement	505
553	si qu’il le porte del cheval a terre tout anvers. 	qu il le porte du cheual a terre tout enuers 	506
554	Et quant il s’an quide outre passer, 	Et il cuide oultre passer/ 	507
555	et cil resaut sus em piez 	celluy ressault sus ses pies 	508
556	et prant Hestor par les espaules a II. mains 	et prent hector parmy les espaulles aux deux mains: 	509
557	et le trebuche del cheval si felonnessement 	et le trebuche ius du cheual si fellonneussement 	510
558	que a poi qu’il ne li a le col brisié, 	que a poy |quil na se col brisie/ 	511|512
559	puis le lieve contremont 	puys le lieue centrement 	513
560	et le trousse sor son col, 	et le trousse sur son col/ 	514
561|562	si l’amporte en sa tor |et commande a cels de laienz 	et lemporte puys commande a ceulx de leans 	515
563	qu’il le desarment, 	quilz le desarment/ 	516
564|565	et cil le font tantost. |Et il estoit ausi comme touz morz de ce 	et si font il tantost: et il estoit encore aussi 	517
		comment tont estourdi de ce 	518
566	qu’il l’ot abatu. 	que celluy lauoit abbatu. 	519
567	Mes quant il s’aperçoit 	Mais il se apperchoit 	520
568	et il se voit desarmé et an la main son anemi, si a tel duel 	et il uoit |quil est es mains de son ennemy/ 	521|522
569	qu’il voldroit bien estre morz, 	si uouldroit bien estre mort/ 	523
570	car il n’oti onques courouz 	car oncques neust couroust/	524
571	qui a cestui li tornast. 	qui a celluy luy tournast. 	525
572	Lors dist Teriquam: « Sire chevaliers, je vos tieng a molt prodome, 	LOrs luy dist terriquen/ sire cheualier ie uous tienn menlt a preudomme/ 	526
573	quar onques mais ne trouvai je chevalier 	car onques mes ne trouuay cheualier 	527
574	qui me poïst faire les arçons vuidier : 	qui les archens me peult faire uuyder/ 	528
575	si vos pris plus que chevalier 	si uous prise plus que cheualier	529
576	que je onques veisse et por la prouesce 	que ie encques mes ueisse/ |et pour la prouesse 	530|531
577	qui est en vos vos meterai je ja em prison, 	qui est en uous/ |ne uous mettray ie ia en prison 	532|533
578|579	se vos ne me volez fiancer |que vos de ceanz n’istroiz sanz mon congié.» 	se uous de ceans par uostre fiance ne yssies sans cengie. 	534
580	Et il dist 	Et il dist 	535
581	qu’il ne li fiancera ja, 	quil ne luy fianchera ia/ 	536
582	car il velt mielz estre a malaise o ses compaignons 	car il ueult mieulx estre a malaise |auec ses compaignons/ 	537|538
583	que avoir touz les biens del siecle avec lui. 	que auoir tous les biens du mende auecques luy/ 	539
584	Lors le fet mestre em prison avec les autres chevaliers ; 	lors le fait mettre en prison auec les aultres cheualiers. 	540
585	et quant il est laienz 	Et quant il est leans/ 	541
586|587	et cil de la meson le ror |Artu le voient venir, 	et ceulx de la maisen du roy artus le uoient uenir/	542
588	si conmancerent a plourer de pitié 	si commenchent a plourer de pitie. 	543
589	et Saigremor li Desraez li dist: « 	Et saigremor le desree luy dist/	544
590	Ha, Estor, certes je ne vos cuidai jamés veoir et	haa hector/ ie ne cuidoir iamais uoir leure |que ie uous ueisse ceans/ 	545|546
591	si vos ai je mainte foiz regreté, 	si uous ay ie bien regrette de 	547
592	puis que je ving ceanz em prison. 	puis que suys ceans en prison/ 	548
593|594	Mais por Deu, savez vos encore nule nouvele de Lancelot ? — |Certes, fait il, nenil. — 	mes pour dieu sauez uous encore nouuelle de lacelot. 	549
595	Ha, Diex, font i li autres, 	Haa dieu fist laultre 	550
596	tant ? nos perdons en sa mort !a 	tant nous pardons en sa mort: 	551
597|598	Se il fust vis, |encor eussions nos esperance d’eschaper de ceste prison; 	se il fut uif encore eussons nous esperance de issir hors de prison/ 	552
599	mais puis qu’il est morz, nos n’en istrons jamais, 	mes puis|qu il est mort nous nen istrens iamaiz 	553|554
600	car trop est cist aversiers de grant force et de tel pooir 	car trop durement est cest aduersaire de grant forche/ et de tel pouoir/ 	555
601	que nus ne porroit longuement durer a lui. 	que nul ne pourroit lenguement durer a luy/ 	556
602	Mais se Lanceloz fust vis, il n’eust ja a lui duree ne plus que Karados li Granz, li sires de la Dolerouse	mes ce lancelot feust uif il neust ia a luy duree neant plus |que karados le grant le seigneur de la douloureuse tour 	557|558
603	Tor qui fu frere a cestui deable. — Enon Dieu, fait Lionel, je l’ai hui chierement achatee, la mort de celui Karados, 	qui fut frere a cestuy deable. EN nom dieu fist lyonnel ie lay |huy cherement acchetee la mort de celluy karados/ 	559|560
604	car si tost com cil de ceanz sot 	car quant ceulx de ceans sceurent 	561
605	que je estoie cousins Lancelot, il me fist despoillier tot nu 	que iestoie cousin de lancelot/ ilz me firent despouller. 	562
606	et me fist tant batre d’espines poingnanz	et me ont batu tant douloureusement de espines pongnantz/ 	563
607|608	que je me poïsse bien baingnier en mon sanc. |Mais se Dex me sauve celui 	que ie me feusse en mon sang baigne mes se dieu me sauue cellui 	564
609	dont je me parti n’a pas tierz jor, 	donc ie me partiz ne a pas troys iours ien seroy uenge a ma uoulente/ 	565
610|611	g’en serai venchiez a ma volenté. » |Einsis est mis Hestor en prison avec ses autres compaingnons el Tertre de la Fontainne. 	et si ne demourra pas gramment. Ainsy est mis hector en prison auec les aultres compaignons. 	566
612	Si laisse ore li contes de lui et de cels 	Si laisse ores le compte |a parler de luy et de ceulx 	567|568
613	qui o lui sont et retorne a Lancelot 	qui auec luy sont/ |et retourne a lancelot 	569|570
614	que Lioniax ot leissié dormant. 	que lyennel auoit laisse dormant. 	571
		Comment la royne de sorestan/ 	572
		et morgram la fee firent emporter lancelot au chasteau de la charette/ 	573
		et comment une damoiselle le deliura de prison/	574
		et comment il uainquit le tournoiement dentre le roy de norgalles et le roy bandemagus 	575
		et comme apres le tournoiement une damoiselle le mena a corbenic. 	576
615	Or dit li contes	OR dist le compte 	577
616	que quant Lanceloz fu remés dormant aprés ce 	que quant lancelot fut demoure dormant	578
617	que Lyoniax s’en fu alez, ne demora mie gramment 	apres que lyonnel sen fut alle/ ne demoura pas gramment 	579
618|619	que i |par illuec passoit une bele dame 	que par illec passoit une belle dame 	580
620	qui estoit reine de la terre de Sorestan 	qui estoit royne de la terre de sorestan 	581
621|622	qui marchisoit a Norgales par devers Sorelois, |et menoit avec lui plus de LX. chevaliers armez, 	qui marchissoit en la terre de norgalles par deuers sorellois: et menoit auec elle plus de .xl. cheualiers armes/ 	582
623	si portoient par desus lui IIll. vallez a cheval I. tapiz sor IllI. lances por le chaut, 	si portoient .iiii. cheualiers ung drap dessus elle sur .iiii. lances pour le chault 	583
624	qui mal ne li feist. Ele resgarde le cheval Lancelot 	que mal ne luy feist. Elle regarde le cheual lan. 	584
625	qui pessoit 	qui pessoit. 	585
626	et pense 	Et pense	586
627	que la se gisoit aucun chevalier 	que la se gise aucun cheualier 	587
628	por soi reposer 	pour soy reposer/ 	588
629	et quide bien 	sy cuide bien	589
630|631	que soit des chevaliers aventureus de la maison le roi Artu. |Ele apele II. dames 	que ce soit ung des cheualiers aduantureux de la maisen du roy artus/ elle appelle deux dames 	590
632	dont l’une avoit non Morgue la fee 	donc lunne auoit a nom margam lafee/	591
633	et l'autre Sedile la roine, 	et laultre auoit a nom sibille lenchanteresse 	592
634	et ce estoient les III. fames ou monde 	Et cestoient les trois femmes du monde 	593
635	qui plus savoient d’anchantement et de charaies sanz la Dame del Lac. 	qui plus sauoient de enchantement sans la dame du lac.	594
636	Et por ce qu’eles en savoient tant, 	Et pour ce |quelle en sauoit tant sentre amoient elles 	595|596
637	tant s’entramoient eles 		
638	si qu’eles chevauchoient ensemble toz dis et buvoient et manjoient. 	si que elles cheuauchoient tousiours ensemble. |et buuoient et mengoient 	597|598
639	Et ele dist 	et elle dit 	599
640	qu’ele velt aler veoir 	que elle uouloit aller ueoir 	600
641	cui cil chevax est: 	a qui ce cheual estoit 	601
642	si fait touz les chevaliers arester et enmoinne o li les II. gentilz dames. 	Si fait tous ses cheualiers arrester/ |et emmaine auec elle les trois ieunes dames. Elles uont celle part 	602|603
643	Si vont cele part a cheval 		
644	et trouverent Lancelot 	et treuuent lancelot 	604
645	qui encore dormoit molt fermement. 	qui se dormoit fermement 	605
646	Et eles le resgardent moult longuement, eles le voient de si grant biauté 	Et celles le regardent moult longuement |et le uoient de si grant beaute 	606|607
647	qu’il ne resamble mie ,	quil ne resemble pas 	608
648	si com il dient, home charnel, 	sicomme elles dient homme mortel 	609
649	mes chose faée. 	mais chose faee 	610
650	Et la roine	Et la royne 	611
651	qui primes parole dist a chascunne compaigne: « 	qui premierement parle dit a ses compaignes. 	612
652	Par Dieu, dame, vos poez bien dire 	Par dieu dames uous pouez bien dire 	613
653	que onques mais ne veistes si bel tousel. 	que oncquesmais ne ueistes si belle chose 	614
654	Si m’aïst Diex, 	Si maist dieu 	615
655	a mon avis molt se porroit prisier la dame 	et mon auiz celle dame se pourroit moult priser 	616
656	qui de tel tousel avroit la seingnorie 	qui de tel cheualier auroit la seigneurie. 	617
657	et pleust ore a Dieu 	Et pleust ore a dieu 	618
658	que il m’amast autant com chevaliers 	qu il me aymast autant 	619
659	ama onques plus damoisele. 	que oncques cheualier aymast damie. 	620
660	Si m’aïst Diex, je m’en tandroie a plus riche 	Si maist dieu ie me tendroie a plus riche 	621
661	que se je avoie toutes les terres dou monde en mon demainne. — 	que se ie auoie toutes les terres du mende en men demaine 	622
662|663	Ha, dame, fait Morgue, molt seroit ore mielz emploiez en moi |qu’en vos, 	Haa dame dit morgain mieulx seroit emploie en moy que en uous: 	623
664	car je sui de millors genz 	car ie suis de meilleurs gens	624
665	que vos n’estes, 	que uous nestes ia soit ce 	625
666	encor soiez vos roine ; 	que uous soiez royne 	626
667|668	si sai plus cortoisie et honor |que vos ne savez, 	Si scay plus auoir courtoisie que uous: 	627
669|670	et |por ce m’ameroit il plus 	et pour ce me aymeroit il mieulx	628
671	et tanroit plus richement 	et me tendroit psus chierement 	629
672|673	qu’il ne feroit vos. — Enon Deu, I- |qui plus savoient uenchanteniens suns la dame der Eac. 	quil ne feroit uous. Eu nom dieu fist lautre celle 	630
674	Et la royne dist 		
675	que elle veult aler veoir 		
676	qui cils chevals est,		
677	si vait cele part tout a cheval 		
678	et trueve Lancelot 		
679|680	qui encore dormoit. |Et la royne dist a ses compaignes 	qui auoit nom sebille encores le deuroie ie mieulx auoir que uous 	631
681|682	que vous vous poés bien dire |que vous MN onques mais ne veistes nulle si bele cose. 	car ie suis plus belle et plus gente et plus enuoisiee que uous nestes. 	632
683	Or vous dirai 		
684	que nous ferons, fait la royne. 		
685	Esveillons le. — Enon Dieu, fait Morgains, 		
686	ensi ne le ferons nous mie, 		
687	mais je vous dirai 		
688	que oh en face. Faisons faire une biere chevaleresce,		
689	si l’enportons, ch’est li mieldres cors 		
690	que jou y voie, 		
691	et le portons. el chastel de la charete. — 		
692	Par foy, font Lors comniandent a lors chevaliers 		
693	qu’il aillent colper der bois; 		
694|695	et cil si firent,|si orent tost fait une litiere. 	si le sauroie mieulx seruir a sa uoulente 	633
696	Et les dames 		
697	si orent tost Lancelot si enchanté 		
698	qu’il n’a pooir de soi lever. 	que uous ne sauriez. 	634
699	Lors firent encortiner la fait l’autre dame 		
700	qui avoit a non Sedile, 		
701	encor le devroie je mielz avoir 		
702	que nule de vos, 		
703	car je sui plus bele et plus anvoisie et plus jone de vos, 		
704	si le savroie mielz servir 		
705|706	et avoir a ma volenté, |et 	Et pource me semble il 	635
707|708	por ce me samble il|que vos vos en devez bien taire 	que uous uous en deuez bien taire. 	636
709	et moi parler. — 	et moy parler. 	637
710	Or vos dirai, fait la roine, 	Or uous diray fait la royne 	638
711	que nos ferons: esvillons le et nos offrons toutes a son servise 	que nous ferons. Esueillons le |et nous offrons toutes a sen seruice. 	639|640
712	et cele 	et celle 	641
713	qu’il voldra tenir remaingne a son servise avec lui. — Ennon Deu, fait Morgue, 	quil uouldra retenir demeure auec lui. |Par dieu fist morgain 	642|643
714	einsi nel ferons nos mie, 	ainsi ne ferons pas 	644
715|716	car se nos l’esveillons, |espoir il ne daingneroit panre nule de nos II. 	car se nous lesueilliens il ne daigneroit prendre nulle de nous trois. 	645
717	et ainsi serions nos honnies, 	ainsi seriens nous honnies 	646
718|719	s’il nos refusoit. Mes ge vos dirai |que l’an face: faisons faire I. biere chevaleresce 	sil nous refusoit: 	647
720|721	et ce est li mielz |que je i voie, 	mais ie uous diray 	648
722	et l'anchantons 		
723|724	si qu’il ne se puisse esveillier devant que nos voudrons, |si le couchons anz	que nous ferons Faisons faire une biere cheualerresse 	649
725|726	et l’an faisons porter. avec nos au chastel de la Charete, |et ce est li mielz 	et le faisons porter iusques au chasteau de la charrecte cest le mieulx 	650
727	que je i voie, 	que ie y uoie: 	651
728	car quant nos l’avrons an nostre pooir, il fera plus tost 	car quant nous laurens en nostre pouoir il fera plus tost 	652
729	quanque nos voudrons. — 	quanque nous uouldrens. 	653
730	Par foi, font eles, vos dites le miels. » 	Par dieu font elles uous en dictes le mieulx. 	654
731	Lors conmandent a lor chevaliers a couper del bois 	LOrs commandent a leurs cheualiers a coupper du bois 	655
732	tant qu’il aient une biere chevaleresce 	tant quilz aient une biere cheualerresse 	656
733|734	et il le firent errent einsi |com eles l’orent conmandé : 	Et il le font incontinent. 	657
735	si orent tost faite la biere 	Si eurent tost faicte la biere 	658
736	et les dames firent lor anchantement. 	et les dames firent leur enchantement. 	659
737|738	Siont Lancelot tel atorné |qu’il n’a pooir de soi relever 	Si ont lancelot tellement attourne 	660
739|740	tant com eles volsisent|et firent encortiner la biere d’unne coute pointe 	quil na pouoir de soy esueillier. apres firent encourtiner la biere de une coutepointe: 	661
741	et mestent a la biere le cheval Lancelot devant et. I. palefroi derriers; 	et misdrent a la biere le cheual de lancelot deuant: |et ung pallefroy derriere. 	662|663
742	si l’emporterent en tel manniere 	Si lemporterent en telle maniere 	664
743	et chevaucherent 	et cheuaucherent si asprement 	665
744	si que, ançois que nuiz fust, vindrent au chastel de la Charete 	que ains quil feust nuit uindrent au chasteau de la charrecte 	666
745	et il estoit ainsi apelez 	qui ainsi fut appelle pour ce	667
746	por ce que Lanceloz i passa an charrete celui 	que lancelot y passa en la charrecte celui 	668
747	jor que Meleagant enmena la roine Genievre el reaume de Gorre, 	iour |que meleagant emmenoit la royne genieure au royaume de gorre 	669|670
748	ainsi com li contes vos a devisé.	ainsi comme le compte uous a deuise. 	671
749	Quant il furent venu au chastel 	Quant ilz furent uenus au chasteau 	672
750	et il orent Lancelot descendu, 	et ilz eurent lancelot descendu 	673
751|752	si le firent mestre en une bele chambre fort |et oscure 	si se firent mettre en une belle chambre forte et seure	674
753|754	ou il|a n’avoit que I. huis et Il. fenestres de fer. 	ou il nauoit que ung huis et deux barres de fer. 	675
755	Maintenant desfirent lor anchantement 	MAaintenant desfirent leurs enchantemens: 	676
756|757	et il s’esveilla tantost |et resgarda tout entor lui et vit grant planté de chandeilles 	et il sesueilla tantost et uist moult grant clarte entour lui. 	677
758	et il se conmança a saingnier et dist a soi meesme: « Sainte Marie, 	Si se commenca a seignier |et dit a soy mesmes. Saincte marie 	678|679
759	ou sui je ? Par foi, ce est anchantement 		
760|761	que je voi, |car orandroit je me couchai desouz l’ombre d’un pomier en une forest. 	ou suis ie ie me conchay soubz sombre dun pommier.	680
762	et or me sui ci trouvez 	or me suis cy trouue/ 	681
763	ne sai en chastel ou en forteresce ou en tel leu	ne scay en chasteau ou en forteresse et en tel lieu 	682
764	ou je ne connois home ne fame. 	que ie ny congnoiz homme ne femme. 	683
765	Par foi, 	Par ma foy fist il 	684
766	ou je sui enfantosmez 	ou ie suis enchante/ 	685
767	ou je ne sai que dire de moi. » 	ou ie ne scay que dire de moy. 	686
768	Lors li sovient de Lion 	Lors lui souuient de lyonnel 	687
769	qui delez lui ert couchiez, 	lequel estoit empres lui couchie. 	688
770	si resgarde entor lui	si commenca a regarder entour lui 	689
771	por savoir 	pour ueoir 	690
772	s’il le trouvast; 	sil le trouueroit. 	691
773	et quant il voit 	Et quant il uoit 	692
774	qu’il n’i est mie, 	quil ny est pas 	693
775	si est tant dolanz 	si est tant dollent 	694
776	qu’il ne set 	quil ne scait 	695
777	qu’il doie dire, 	quil doit faire. 	696
778	et dist 	si dit a soy mesmes	697
779	que deable l’ont aporté ça. 	que dyables lauoient porte iusques la. 	698
780	Aprés ne demoura gueres 	APrez ce ne demoura gaires 	699
781	qu’il vit l’uis de la chambre ouvrir; 	qu il ueist luis dune chambre ouurir 	700
782	si entra laienz une damoisele 	si entra leans une damoiselle 	701
783	qui li aporta a mengier a grant planté. Il la salue, 	qui lui apportoit a mengier a grant plante. 	702
784	quant il la voit venir 	Quant il la uoit uenir il la salue: 	703
785	et ele ausi lui. « Damoisele, fait il, par la riens ou monde 	et elle aussi lui. Damoiselfe fait il par la chose 	704
786	que vos plus amez, dites moi 	que uous plus aymez dictes moy 	705
787	ou je suis. — Sire, fait ele, vos estes el chastel de la Charrete 	ou ie suis. Sire fist elle uous estes au chasteau de la charrecte 	706
788	qui siet a l’antree de Gorre. » 	qui siet a lentree de gorre. 	707
789	Et il se seingne de la merveille 	Et il se seigne de la merueille 	708
790	que il a. « Sainte Marie, fait il, 	quil a. Haa saincte marie dit il 	709
791	qui m’i amena ? — Sire, fait ele, 	qui me y amena. 	710
792|793	ce ne vos dirai je mie; |mais mengiez 	Ce ne uous diray ie pas mes: mengez 	711
794|795	et efforciez vos |et vous couchiez 	et uous couchez en ce lit 	712
796	quant vos plaira en cel lit 	qui est emprez uous 	713
797	qui assez est biax et riches. — 	lequel est assez beau et riche. 	714
798|799	Et de Lion, dame,|car me dites nouveles, 	Haa damoiselle de lyonnel me dictes nouuelles 	715
800	se vos savez. — 	se uous en sauez riens 	716
801	Si m’aïst Diex, sire, fait ele, je 	Si maist dieu dit elle ie ne scay 	717
802|803	ne sai |ou Lioniax est 	qui est ce lyonnel: 	718
804	ne onques n’en or parler a mon esciant 	et oncques nen ouy parler. 	719
805|806	et |por ce ne vos en sai ge dire voir ne mançonge. » 	et pource ne uous en sauroie ie dire nulles nouuelles. 	720
807	Quant il oit 	Quant il 	721
808	que il est einsi del tout desvoiez, 	ot que ainsi est du tout desuoie il ne scait 	722
809	si ne set que dire, 	que dire: 	723
810|811	mais toutes voies manjue|et s’asiet 	mais toutesuoes mengut pource 	724
812	por ce qu’il n’avoit de tot le jor mangié: 	quil nauoit de tout le iour mengie.	725
813	si manjue dolanz et courouciez. 	Si mengue dollent et courrouche/ 	726
814	Et quant il a mangié, 	et quant il eust menge 	727
815	si vient laienz I. vallez 	si uint leans ung uarlet 	728
816	qui le deschausclce 	qui le deschausse 	729
817	et il i se couche maîntenant en J. lit 	et il se couche maintenant en ung lyt 	730
818	qui estoit faiz en mi la sale. 	qui estoit fait emmi la salle/ 	731
819	Si dormi mauvesement toute la nuit, 	si dormit la nuyt menlt mauueisement/ 	732
820	quar onques ne fina de penser a lui et a Lionel, 	car encques ne fina de penser a luy et a lyonnel 	733
821	si pensa toute la nuit 	Si passa en telle maniere toute la nuyt 	734
822	que onques ne dormi ne reposa. a A l’andemain aprés ore de prime, 	qu il ne dormist ne reposa. LEndemain apres heure de prime/ 	735
823	quant li solauz fu levez, vindrent a lui les III. dames 	quant le solleil fut leue uindrent a luy les .iii dames 	736
824	qui laienz l’orent. aporté et furent vestues et acesmees si richement 	qui leans le auoient fait aporter/ |si furent uestues si richement/ 	737|738
825	que nule mielz. 	que nul ne ueist oncques mieulx.	739
826	Et quant eles furent entrees en la chambre, 	Et quant en la chambre furent entrees 	740
827	si parla cele des Ill. 	si parla celle 	741
828	qui roine estoit : « Sire chevaliers, vos estes en nostre prison, 	qui royne estoit |et dist Sire cheualier uous estes en nostre prison/ 	742|743
829	mais d’itant vos est il bien avenu 	mes de|autant uous est il bien aduenu/ 	744|745
830	que la raençon sera legiere. — Dame, fait il, dites la 	que la raencon sera legiere. Dame fist il dictes la/ 	746
831	et se je me puis, je me raiembrai. — Sire, fait ele, la raençon est tele 	et se ie puis ie y mettray remede. Sire fist elle la raencon est telle, 	747
832	qu’il couvient 	quil cenuient 	748
833	que vos preingniez laquele 	que uous preigniez celle de nous trois 	749
834|835	que vos voldroiz de nos Ill. |qui vos plaira; 	qui mieulx uous plaira. 	750
836|837	et|se vos ne le volez faire 	Et se uous ne le uoulles faire/ 	751
838	et vos soiez si orguilleux 	et uous soyes si orguilleux 	752
839	que nule de nos ne vos plaise, 	que nulle de nous ne uous plaise/ 	753
840	vraiement sachiez 	uraiement sachies 	754
841	que vos n’istroiz jamais de ceanz, 	que uous nystres iamaiz de ceans/ 	755
842	ainz i seroiz touz dis em prison. » 	ains y seres tousiours en prison. 	756
843	Quant il oit 	Quant il ot ce 	757
844	que cele li part tel geu 	quelle luy parle tel ieu 	758
845	qu’il ne feroit en nule manniere, 	quil ne feroit en nulle maniere/ 	759
846	si le tient a molt grant despit; 	si le tinst a menlt grant despit/ 	760
847	si respont touz courouciez: « Dame, sui je donc si a vos 	et luy respont tout courouchie/ suis ie |si a uous 	761|762
848	qu’il couvient 	quil cenuiengne 	763
849	que je face amie, voille ou non, 	que ie faches amye uueilles ou non: 	764
850	ou que je remaingne em prison ? — 	ou que ie demeure en prison. 	765
851|852	Oïl, fait ele. — |Ja Diex ne m’aïst, fait il, 	Ouy fist elle Ia dieu ne maist fit il se ie naymeroie mielux 	766
853|854	se je mielz |n’amoie estre em prison XX. anz 	a estre en prison .xx. ans/ 	767
855	que je de nule de vos Ill. feisse m’amie, 	que ie feisse de nulle de uous mamie/ 	768
856	car trop me seroie abessié, 	car tant me seroie abessie	769
857	que tuit cil 	que tous ceulx 	770
858	qui sont fors Deu ne me porroient amender. — Voire, fait ele, 	qui sont fors dieu ne le me pouroient amender. Uoire fit elle 	771
859	si avez vos ce dit. 	aues uous ce dit/ 	772
860	Par mon chief, mar le deistes ! Onques chose ne deistes 	par mon chief mal le distes/ |car oncques chose ne dictes 	773|774
861	qui tant vos coustast 	qui autant uous coustast/ 	775
862	conme ceste fera. » 	comme ceste chose uous fera/ 	776
863	Et il dist 	et il dit 	777
864	qu’il ne l’an chaut; 	quil ne luy en chault 	778
865	si se revait couchier en son lit assez plus courrouciez que devant 	si sen reua coucher en son lyt plus courouchie |que deuant/ 	779|780
866	et dist a soi meismes 	si dist a soy mesmes 	781
867	qu’il voldroit mielz estre morz 	qu il uouldroit mieulx estre ars: 	782
868	que il sa dame la roine	qu il laissast sa dame la roine 	783
869	qui est fontainne de biauté lessast por cels vielles pranre. 	qui est fontaine de beaulte/ |pour ces uieilles prendre. 	784|785
870	Et celes s’em partent dolentes et couroucies de ce 	Et celles sen partent dollentes et courouchees de ce 	786
871	qu’il les a ainsi refusees	que ainsi les auoit reffusees. 	787
872|873	et le menacent moult |et dient 	Si le menachent menlt et dient 	788
874	que por ceste parole n’istra il jamais de prison la 	que pour ceste parolle/ |ne ystra il iamaiz de prison 	789|790
875|876	ou il est; |ne Morgue ne l’avoit mie coneu 	ne morgain ne lauoit pas cengneu/ 	791
877	por ce qu’il avoit esté tonduz novelement. « 	pour ce |quil auoit este tendu nouuellement. 	792|793
878	Par foi, fait la reine, 	Par ma foy fist la royne 	794
879	or i puet estre .X. anz 	or y peult estre .x.ans/ 	795
880	qu’il n’en istra, 	car il nen istra pas	796
881	s’il ne prant I. de nos III. — 	se il ne prent lunne de nous troys. 	797
882	Par foi, font les Il., ce volons nos bien. »	Par ma foy font elles ce uoullons nous bien.	798
