0	Et Lanceloz ot toute jor chevauchié las et travilliez de ce 	Et lancelot ot toute iour cheualchie las et traueillies de ce 	0
1|2	qu’il|ot le jor fait 	quil ot le ior fet. 	1
3|4	et ses chevaux se doloit si durement |que del poindre 	Et sez cheuals fu si lasses 	2
5	qu’il ot le jor fait 		
6	que des petites plaies 		
7	qu’il avoit 		
8	a 		
9|10	que a painnes pooit il aler |que le pas. 	que a paines pooit il aler plus que le pas. 	3
11	Lors resgarde arriere lui 	Lors regarde derriere lui.	4
12	et voit venir. J. chevalier armé et une molt bele dame avec lui. Il le saluent, 	et voit uenir vn cheualier arme. |et cheualchoit aueques lui vne bele dame. 	5|6
13	quant il viennent pres, 	Et quant il vindrent pres de lui 	7
		si le saluent. 	8
14	et il a molt grant paor de quenoissance; 	Et il ot grant paour de connissance. 	9
15	si respont basset 	Si respont 	10
16	que Diex les beneie. « 	que boine auenture lor doinst diex. 	11
17	Biaux sire, fait la dame, 	Biau sire fet la dame 	12
18|19	qui estes vos ? — J. chevaliers sui, |ce poez veoir. — 	qui estes vous. Dame fet il vns cheualiers sui ce poes ueoir. 	13
20	Si m’aïst Diex, fait ele, chevaliers estes vos tel a mon esciant 	Si mait diex fait elle cheualiers estes vous au mien escient. 	14
21	qu’il n’a vostre pareil ou monde: 	tel |quil na vostre pareil el monde. 	15|16
22	si le sai par or̈r dire et par veoir et je vos pri par la riens 	Si le sai par oir dire. et par ueoir |Si vous proi par la riens el monde 	17|18
23	que vos plus amez el monde	que vous plus ames 	19
24	que vos hui veingniez herbergier o moi en un mien chastel 	que vous hui |mais uenes herbergier auec moi a vn mien castel 	20|21
25|26	qui ci pres est, |par couvant 	qui ci pres est. par couent 	22
27	que je vos mousterrai demain la plus bele riens 	que iou vous mousterrai demain la plus bele riens 	23
28	que vos onques veissiez. » 	que vous onques ueissiez 	24
29	Et il dist 	Et il dist 	25
30	qu’il i ira volentiers par cest couvant. « 	quil yra uolentiers par tel conuent. |Ore vous en uenes 	26|27
31	Or en venez donc, fait ele. — Alez, fait il, 	dont fait elle. |Ales deuant fait il 	28|29
32	et je vos suirrai. » La dame s’an vait avant 	et ie vous sieurrai. |Lors sen uait la dame deuant et li cheualiers apres 	30|31
33	et cil aprés 		
34|35	qui greingnor mestier eust de repos |que de chevauchier; 	qui greignor mestier eust de repos que de cheualchier.	32
36	si ont tant alé 	Si ont tant ale 	33
37	qu’il vindrent en J. valee et voient el fonz del val I. chastel bien fait et bien seant	quil vindrent a vne ualee. |Si voient el fons du ual vn castel fort et bien seant 	34|35
38	dont li mur estoient fort et grant et menuement crenelé. 	et dont li mur estoient haut et fort |et menuement kernele 	36|37
39	Quant il vindrent au chastel, 	Et quant il vindrent au castel 	38
40|41	si estoit ja grant nuit |et la dame apele celui 	si estoit ia grant su os el nuit. et la dame apele celui 	39
42	qui la porte gardoit 	qui la porte gardoit 	40
43	et li dit 	et li dist 	41
44	qu’il ouevre la porte	quil oeureche la porte. 	42
45	et cil si fait. 	Et cil si fait erranment 	43
46|47	Et il antrent anz |et chevauchent dusqu’au mestre palais ; 	Et il entrent ens et cheualchent iusques au maistre palais 	44
48	et quant cil de laienz voient 	Et quant cil de laiens voient 	45
49	que lor dame vient,	que lor io dame vient 	46
50	si li saillent a l’encontre o cierges et o tortiz, 	si saillent a lencontre as cierges et as tortis. 	47
51	car autrement n’i veissent pas por la nuit 	quar autrement ne la ueissent il pas la nuit 	48
52	qui trop ert oscure. 	qui trop est obseure. 	49
53	Si descendent la dame 	Si descent la dame 	50
54	et ele dist 	et lor dist. 	51
55	qu’il ne s’entremetent de lui, « 	quil al ne sentremetent ia de li. 	52
56	mais je vos pri, fait ele, 	mais iou vous pri 	53
57	d’onorer cel chevalier 	fet elle donorer chest cheualier 	54
58	et de servir, 	et de lui seruir. 	55
59	car je vos di, fait ele, 	Car ie vous di 	56
60	qu’il est li plus prodons del monde et le millor chevalier». 	quil est li plus preudoms del monde et li mieldres cheualiers. 	57
61	Et le descendent maintenant 	Et cil le descendent maintenant 	58
62	et li ostent l’escu del col, 	si li Ostent lescu de son col 	59
63	puis le moinnent amont 	et puis le mainent amont 	60
64	et le desarment. 	et le desarment. 	61
65	Et la dame le resgarde 	et la dame vit 	62
66	et voit le vis gros et anflé 	quil ot le vis gros et enfle 	63
67	et le nes escorchié et sanglant des cox 	et le nes escorcie |et sanglent dez colps 	64|65
68	qu’il ot donnez et receuz ; 	quil ot donne et receus 	66
69	si li fait aporter eve chaude a laver son col et son vis	Si li fait aporter eue chaude a lauer son col et son vis 	67
70	qui touz estoit nerciz des mailles del haubert. 	qui tous estoit noircis des mailles del hauberc 	68
71	Et quant ele resgarde l’escu, 	Et quant elle regarde son escu 	69
72	si dist oiant touz ceus de laienz : « 	si dist oiant tous ceuls de laiens. 	70
73|74	Ha, escuz,|tant avez hui esté resgardez et desirrez d’estre tenuz de maîntes beles puceles! 	ha : escus tant aues este hui regardes et desires destre tenus as mains de mainte bele pucele. 	71
75|76	Si m’aïst Diex, |bien se puet celui vanter 	Si mait diex bien se puet vanter cils 	72
77	qui vos porte,	qui vous porte. 	73
78	que onques chevalier tel merveilles ne fit en I. jor 	conques cheualiers ne fist teus merueilles en vn iour 	74
79	com a hui fait cist. 	comme cils a hui fetes. 	75
80	Et beneoiz soit Diex 	Et beneois soit diex 	76
81	qui le me donna acointier,	qui le me fist encontrer. 	77
82	car il ne me poïst mie greingnor honor avenir de ce 	Car il ne me peust mie greignor honor auenir |que de ce 	78|79
83	qu’il est venuz a mon hostel. » 	quil est uenus en mon ostel.	80
84	Lors entre en sa chambre et aporte robe de cendal a vestir a Lancelot; 	Lors entra la dame en sa cambre |et aporta vne robe de cendal a uestir a lancelot 	81|82
85	et quant il est vestuz, 	Et quant il est uenus 	83
86	si le fait seoir 	si le fait seoir. 	84
87	et li dist: « Sire, reposez vos,	Et li dist. Sire reposez vous. 	85
88	car si maist Diex vos le devez bien faire, 	quar si mait diex vous le deues bien faire 	86
89	car asez avez esté travilliez. » 	quar asses aues hui este 	87
90	Et ele conmande a cels de laienz 	traueillies.Et elle commande a ceuls de laiens 	88
91	qu’il apareillent a mengier, 	que il appareillent a mangier 	89
92	car il en est tans 	quar il en est tamps. 	90
93	et il si font. 	Et cil |si font puis quele lot commande. 	91|92
94	Quant il furent assis a la table, 	Quant il furent assis a la table 	93
95	si vint laienz I. vallez 	si vint laiens vns ualles. 	94
96	qui dist a la dame: « Dame, mes sires est venuz. — De par Deu, fait ele, di li 	qui dist a la dame. Dame mesires uient |De par dieu fait elle. Di li 	95|96
97	qu’il viengne mengier 	que il uiegne mangier 	97
98	et qu’il ne demort mie, 	et quil ne demeurt mie. 	98
99	car il a çaienz I. chevalier 	Car il a chaiens. j. cheualier 	99
100	a cui je voil	a qui iou uoel 	100
101	que il face grant joie. » Li vallez vient a son signor	quil face ioie|Et li ualles uient a son seignor 	101|102
102	et li dist ce 	si li dist ce 	103
103	que sa dame li mandoit. 	que sa dame li mande. 	104
104	Et il se desarma maintenant 	Et il se desarme maintenant. 	105
105	et ausint firent tuit li autre; 	et ausssji firent tuit li autre |qui auec lui estoient venu. 	106|107
106	si vint el palais soi disieme de chevaliers 	Si vint el palais soi dizime de cheualiers, 	108
		Et quant la dame le uoit uenir 	109
107	et la dame se leva encontre lui et ansi fist Lanceloz. 	si se lieue scase encontre lui |et aussi fist lancelot. 	110|111
108|109	Et li sires li conmande molt tost |qu’il se rasiet 	Et li sires lez refait asseoir 	112
110	et il si fait. 	Et il si font 	113
111	Quant il furent assis 	Quant il furent assis au mengier ensi 	114
112	et il orent un poi mengié, 	com vous poes oir. 	115
113	si li dist la dame: « Sire, faites joie a vostre oste, 	Si dist la Sdame a son seignor. Sire faites ioie a vostre oste. 	116
114	car bien sachiez 	quar bien Ne sachies 	117
115	que a plus prodome de lui ne poez vos faire honor. — Prodom, fait il, dame? 	que a plus preudomme de lui ne le poes vous faire. Preudomme fait li sires. Dame 	118
116	Qu’est ce	que est ce 	119
117	que vos dites ? 	que vous dites 	120
118	Certes je ne di mie 	Certes iou ne di mie 	121
119	qu’il ne soit prodom et vaillanz. 	quil ne soit preudom et uaillans. 	122
120	mais il a molt a faire en I. prodome, plus 	mais il i a plus a faire en vn preudomme 	123
121	que je ne cuidoie hui 	que iou ne quidoie hui matin.	124
122	matin.Si ai tant apris en cest jor d’ui 	Si ai tant apris en ce iour de hui 	125
123	que je cuit 	que iou ne quit pas 	126
124	qu’il ait el monde 	quil ait el monde 	127
125	que I. prodome.	que. j'. seul preudomme. 	128
126	Mais celui 	Et celui	129
127	que je di ai je bien hui veu esprouver entre chevaliers 	que iou di ai iou hui ueu si bien esprouer entre cheualiers	130
128	que puis que chevalerie fu establie, ne cuit je 	que puis que cheualerie fu establie. ne quit iou mie 	131
129	que hons mortex feist tels merveilles 	que hom morteus feist autant de merueilles 	132
130	com il a hui faites. » 	comme il a hui faites. 	133
131	Lors li demande la dame 	Lors li demande la dame aussi 	134
132	ausi 	comme sele nen seust riens. |ne 	135|136
133	comme s’ele n’i eust mie esté: « Sire,	que se elle Lni eust mie este. Sire 	137
134	ou fu ce 	ou fu ce 	138
135	que veistes celui chevalier 	que vous ueistes celui cheualier 	139
136	que vos dites ? —	que vous dites 	140
137	Ce fu, fait il, a l’assembles le roi Baudemagu et del roi de Norgales. — 	Che fu fait il a lassamblee del Roy baudemagu et del Roy de norgales. 	141
138	Ha, sire. 	ha : sire fait elle	142
139|140	quiex greingnors merveilles pooit il faire |que li autre faisoient ? — 	quels merueilles pooit il faire nient plus que li autre. 	143
141|142	Quelz, dame ? |Ce ne vos avroie je ouan conté. 	Queles : dame fait li sires iou ne vous auroie en. i. 	144
143	Par foi, ja Diex ne m’aïst 	an aconte par moi les merueilles 	145
144	se je savoie pas raconter ce 	que il fist. 	146
145	que je li vi faire, 	Et porcoi sire fait elle. pour ce fet il 	147
146	ne vos ne m’en creriez mie, 	que vous ne men creries mie 	148
147	se je vos juroie sor sainz, 	se iou vous disoie lez meruelles |quil fist. 	149|150
148	car il vos sambleroit merveilles. » 	Neis se iou le vous iuroie sor sains. |quar ce uous sambleroit mencoigne. 	151|152
149	Et cele cui il plest? a escouter ce 	Et cele a qui il plaisoit moult a oir ce 	153
150	qu’ele ot veu et meesmement devant celui 	que elle meisme ot ueu de ses iels |Et meesmement deuant celui 	154|155
151	qui ce avoit fait dist au signor: « 	qui lot fait. Dist a son seignor	156
152|153	Biau sire, |toute voies an diroiz vos aucunnes beles jostes devant cest prodome 	Biau sire toutes uoies nous dirois vous aucune de sez beles ioustes deuant cest preudomme 	157
154	qui çaienz est herbergiez 	qui chaiens est herbergies 	158
155	si qu’il le sache a dire,	Si quil le sache a dire 	159
156	quant il venra en son païs. — Biaux cox, fait li sires, vos am puis je dire plus de M., 	quant il vendra en son pais: |Biaus cops fet li sires vous en puis iou bien dire 	160|161
		et beles ioustes autresi plus de mil. 	162
157|158	car je l’aloie touz jorz sivant |por veoir les merveilles 	Car iou laloie tous iours sieuant pour lez merueilles 	163
159	qu’il faisoit: 	que il faisoit. 	164
160	si li vi occirre a V. cox V. chevaliers 	Si li vi ocirre a. v. cops. V. cheualiers 	165
161	et V. sergenz si vistement 	et lor cheuaus si vistement 	166
162	qu’il fandoit pres que a par mi les chevax et les chevaliers et de moi meesmes vos di je 	quil fendoit parmi cheuaus et cheualiers 	167
163	qu’il fandi mon escu en I. moitiez	et moi meisme fendi il men escu en deus moities 	168
164|165	et trancha ma sele |et coupa mon cheval par mi les espaules,	et trencha ma sele et mon cheual par lez espaulles. 	169
166	et tot a J. sol cop. — Sire, fait la dame, 	et tout a vn seul cop. Sire fet la dame 	170
167	dont ne cuit je mie 	dont ne quit iou mie 	171
168	que vos receussiez l’autre cop. — Je, dame ? fait li sires. 	que vous atendissies uolentiers lautre cop. Iou : dame fet li sires 	172
169	Qu’est ce 	que est ce 	173
170	que vos dites ? 	que vous dites. 	174
171	Si m’aïst Diex, je n’atandisse l’autre cop por toute la terre le roi Artu,	Si mait diex iou natendisse lautre cop pour toute la terre au roy artus. 	175
172	car aprés s’espee ne me couvenist il ja mire fors la mort,	Car apres sespee ne conuient il ia mire|que la mort. 	176|177
173	ne il n’a mie au mien esciant home si hardi el monde,	Ne il na mie al mien essient homme si hardi el monde 	178
174	s’il avoit hui veu ce 	sil auoit hui ueu ce 	179
175	qu’il avoit fait, 	quil a fait 	180
176	que jamais l’atandist a cop.» 	qui iamais latendist a cop. 	181
177	Et la dame s’ancommance a rire. « 	Et la dame sen commence a rire. 	182
178	Encore vos dirai je greingnors merveilles, fait li sires, 	Et li sires li dist Dame encore vous dirai iou greignors merueilles 	183
179	que je li vi abatre a J. retrous de lance IIIl. chevaliers : 	quar iou li vi abatre a. j. troncon de lance. iiij. cheualiers |Et	184|185
180	ce ne fist onques ne home ne deables. — 	ce ne fist onques hom. mais deables. 	186
		Quant li sires ot conte lez grans meruelles a sa dame 	187
		que il auoit ueu faire a lancelot. 	188
181	Or me dites, fait la dame, 	Si li dist la dame. Sire or me dites 	189
182	que feriez vos,	que feries vous 	190
183	se vos teniez celui en vostre ostel ? — 	se vous tenies celui cheualier en vostre ostel 	191
184	Certes, dame, fait il, 	qui a hui fait ces grans proeces |que vous me dites. 	192|193
185	se la force en estoit moie, il ne se partiroit ja de moi, 	Certes fait il. il ne se partiroit iamais de moi |se la force en estoit moie	194|195
186	ainz le tandroie avec moi, 		
187	car plus riche tresor ne porroie je mie tenir. — 	quar plus riche tresor ne porroie iou tenir. 	196
188	Et s’il i avoit, fait la dame, esté en tel manniere 	Et sil y auoit este fait la dame en tel maniere 	197
189|190	que vos nel conneussiez, |que feriez vos ? — Je n’avroie jamais joie, fait il ; 	que vous ne leussies mie conneu. Iou nauroie fait il iamais ioie 	198
191	et s’il le savoient	Et se cil de chaiens fait il le sauoient 	199
192	et il nel me disoient, il n’am porroient eschaper sanz mort. — En non Dieu, fait ele, 	et il nel me disoient. il nen porroient escaper sans mort. Enon dieu fet elle 	200
193	donc nel vos celerai je plus, 	dont nel uous celerai ie plus 	201
194	ainz le vos dirai, 	ains le vous dirai 	202
195	car je ne voil mie avoir vostre haine. 	quar iou ne voel mie auoir vostre haine 	203
196	Si saichiez 	Si sachies 	204
197	que ce est cil prodom 	que chest cils proedoms 	205
198	qui delez vos siet. » 	qui deles vous est 	206
199	Et il le resgarde. « Monstrez moi, fait il, son escu, 	Et il le regarde |si li dist moustres moi son escu. 	207|208
200	car par ce le connoistrai je bien. » 	quar par ce le connistrai iou bien. 	209
201	Et ele conmande 	Et elle commande 	210
		que on li aport.	211
202	que l’an li aport. « Dame, dame, fait Lanceloz vos me dites ore tant de honte en vostre ostel 	Qant lancelot voit ce |si dist Dame vous me feres ore en vostre ostel tant de honte 	212|213
203	comme vos voldrez; 	comme il vous plaira. 	214
204	mais se je quidasse 	mais se iou quidaisse 	215
205	que vos fussiez si pooir 	que uous fuissies si vilaine. iou ne fuisser anuit entres en uostre ostel pour pooir 	216
206	que vos eussiez. — 	que vous eussies. 	217
		ha : sire uous em poise il donques 	218
207	Ha, sire, faît la dame, poise il ja plus parlé, 	Certes fet il dame yoil. |Dont nen sera ia plus parle fait elle 	219|220
208	puis qu’il vos poise, 	des |quil uous anoie. 	221|222
209	et sachiez que honor. » 	Et sachies |que iou le faisoie pour vous honorer. 	223|224
210	Lors s’en vait li sires en une chambre connoist bien 	Lors sen uait li sires en vne cambre 	225
211	et en a trop grant joie. 	ou li escus lancelot pendoit. |Et si tost comme il le vit. 	226|227
212	Lors revient est touz suens a faire son commandement; 	si le connut bien. |si en ot moult grant ioie. 	228|229
213	et il l’an 	Et	230
214	Cele nuit fu couchiez a aise, 	puis sen reuint arriere a lancelot 	231
215	si se reposa, 	et li dist 	232
216|217	car Quant il fu esvilliez, |si estoit ja li soulaux granz piece fresche et nouvele 	quil est tous siens a faire sa uolente. 	233
218|219	et il la prant et la vesti. |Quant il mengiers aprestez. 	et il len mercie moult. 	234
220|221	Quant il orent mengié et les tables li prie |qu’il remaingne huimés 	Cele nuit fu lancelot moult bien aisies de tout ce 	235
222|223	et il dist |qu’il ne le montez el 	que a lui apartint	236
224|225	cheval, il prant son escu |et demande l. glaive « Dame, vos souvient il del couvenant 	Et quant il fu hore de cochier 	237
226|227	que nos eusmes vos pri je, fait il |que vos vos en aquitoiz 	si li fist faire son lit en vne cambre tout par soi. 	238
228|229	si com vos vilainne, je ne fusse anuit entrez en vostre hostel |por vos il donques ? — Dame, oîl certes. — 	Si le fist la dame couchier moult honorablement et moult a aise. 	239
230	Dont n’an sera je le faisoie par amors 	Et il se reposa moult uolentiers. 	240
231|232	et vos quidoie faire grant |ou li escuz estoit, 	quar a merueilles estoit: las et traueilliez 	241
233	et si tost com il l’a veu, 	et dormi bien iusques a prime 	242
234|235	si le arriere |et fait Lancelot trop grant feste 	Et quant il sesueilla. la dame li ot appareilliet robe de lin fresce et nouele 	243
236|237	et dist |qu’il mercie molt. 	et il le uesti. 	244
238	assez estoit las et travilliez,	et quant il fu appareillies 	245
239	et dormi dusque vers prime. avoit levez a; 	si oi messe. |et lors fu li mangiers aprestes. 	246|247
240	et la dame li ot apparillié robe de lin fu vestuz et aparilliez 	Et	248
241	et il ot oi messe, 	quant il orent mangiet |et lez tables furent leuees 	249|250
242	si fu li furent levees, Lanceloz demande ses armes 	si demanda lancelos sez armes |et li sires li prie 	251|252
243	et li sires feroit en nule manniere. 	quil remaigne hui mes et li dist |quil ne le feroit en nulle maniere. 	253|254
244	Et quant il est touz armez	Et quant il fu appareillies 	255
245	et et l’an li aporte. 	et montes sor son cheual. |si prent son escu et son glaiue. 	256|257
		Et puis dist a la dame de laiens. Dame vous souient il del couenant 	258
		que vous me feistes 	259
246	Lors dist a la damoisele de laienz: entre moi et vos ? — Sire, fait ele, ofl bien. — Dont devez faire. » 	quant vous me trouastes en la forest. Sire fet elle oil bien. |Dont vous prie iou fait il 	260|261
		que vous vous en aquites 	262
		si comme vous deues faire.	263
247	Et ele dist 	Et elle dist 	264
248	que si fera ele volentiers.	que chou fera elle moult uolentiers. 	265
249	Lors fait enseler J. palefroi 	Lors fait enseler. i . palefroi 	266
250	et dist a I. vallet 	et dist a vn uallet 	267
251	qu’il la sive. « Dame, fait il, 	quil le sieue. Dame fait li sires 	268
252	ou devez vos aler ? — Sire, je manrai cest seignor a Corbenic 	ou deuez vous aler. Sire fait elle iou men irai vn |poi auec cest cheualier a corbenyc. 	269|270
253	que je li ai en couvant a monstrer la plus bele riens del siecle. — Alez donc, fait li sires, 	quar iou li a en conuent a moustrer la plus bele riens del siecle. |Ales dont fait li sires 	271|272
254	et pensez dou revenir. » 	et penses de tost reuenir. 	273
255|256	Ele se part atant de laienz |et aquielt sa voie ou Lanceloz, 	Lors sen part de laiens entre la dame et lancelot. 	274
257	si fu molt bien enmuselee por le souleil 		
258	qui mal ne li feist. 		
259	Einsi chevauchent dusque aprés none tant 	et cheualchent iusques apres nonne tant	275
260	que il viennent en une valee 	que il vindrent en vne ualee. 	276
261	et voient devant aux el fonz del val J. petit chastel molt bien seant, 	et puis voient deuant euls el fons dun Val. j . petit chastiel. moult bien seant 	277
262	car il est clos tout entor d’eve parfonde et de bons murs batilliez. 	quar il ert tout entour clos dune eue parfonde et de boins murs bateillies.	278
263	Quant il vindrent pres, 	Quant il vindrent auques pres 	279
264	si encontrerent une damoisele 	si encontrerent vne damoisele 	280
265	qui dist a la dame : « Dame, 	qui dist a la dame 	281
266	ou menez vos cel chevalier? » 	ou menes vous chel cheualier 	282
267	Et ele dist : A Corbenic. — Voire, dame, fet la pucele, en non Deu, donc ne l’amez vos gueres, 	et elle li dist a corbenic. voire fait elle |dont ne lames vous gaires 	283|284
268	car vos l’amenez en tel leu 	quar vous le menes en tel lieu 	285
269	dont il ne puet partir sanz honte et sanz domage. » 	dont il ne se partira ia sans honte et sans damage. |ce ne quit iou mie fait la dame. 	286|287
270	Tant ont alé 	Lorse sen uont tant 	288
271	qu’il viennent au chastel 	que il vienent au point 	289
272|273	et troevent le pont |par ou on	ou on passoit leue	290
274	passoit,si entrent enz, 	si entrent el castel 	291
275	et quant il viennent en la maistre rue, 	et quant il vienent en la rue 	292
276	si li conmance l’an a dire: « Sire chevaliers, la charrette vos atant. » 	si commencent cil de laiens a dire Sire cheualiers la charrete: vous atent	293
277	Et il respont basset 	Et il respont basset. 	294
278	que s’il li couvient entrer, ce n’est? pas la premiere foiz 	se il y entre ce nert pas la premiere fois 	295
279	qu’il i a antré. 	quil y aura entre. 	296
280	Et il chevaucherent toutes voies tant 	si cheuauchent toutes voies 	297
281	qu’il aprochierent de la maistre tor ; 	tant quil aprocent de la mestre tour. 	298
282	si la prise molt, 	si le prise moult lancelot. 	299
283	car c’est la plus bele et la plus fort 	quant il le voit de pres quar cestoit la plus bele et la plus riche |quil eust onques mais ueue a son escient. 	300|301
284	qu’il onques veist a son esciant. Il resgarde sor destre 	Quant lancelot fu aprocies de la tor. |si escoute sor destre 	302|303
285	et ot une voiz de fame assez pres de lui, 	et oit vne vois de femme asses pres de lui |qui crioit 	304|305
286	ce li ert avis. Il vet cele part 	ce li est auis.|et il sen uait cele part 	306|307
287	et voit 	et voit 	308
288	que c’ert la damoisele 	que ce est la damoisele 	309
289	que mes sires Gauvain vost geter de la cuve, 	que mesires Gauuain uolt geter hors de la cuue 	310
290	mes il he pot, 	mais il ne pot. 	311
291	et ele crioit: « Sainte Marie, 	Et elle crie sainte marie 	312
292	qui me getera de ci ?, 	qui me getera de ci.	313
293	Et quant ele voit venir Lancelot, 	Et quant elle voit uenir lancelot. 	314
294	si dist: « 	si li dist 	315
295	Ha sire, getez moi de ceste eve 	ha : sire pour dieu getes moi de ceste cuue 	316
296	qui m’art !» Il vient a la cuve 	ou iou arc toute. |Et lancelot sen uait a la cuue 	317|318
297	et la prant par les braz 	et prent la damoisele par lez bras 	319
298	et la met fors, 	et le met hors de la cuue aussi legierement |comme sil ne li greuast noient. 	320|321
299	Et quant ele se voit delivre, 	Et quant cele se uoit deliure 	322
300	si li chiet as piez 	si li chiet as pies. 	323
301|302	et li baise la jambe |et le soler 	si li baise la iambe et le soler si li dist 	324
303|304	et li dist: « |Ha, sire, beneoite soit l’eure 	ha : sire beneoite soit leure 	325
305	que vos fustes nez, 	que vous fustes nes	326
306	car vos m’avez gité de la greingnor dolor ou fame fust onques. » 	quar vous maues gete de la greignour dolor 	327
307	Mais maintenant conmance la sale a emplir de dames et de chevaliers 	ou femme fust onques|Quant lancelot ot getee la damoisele de la cuuee ensi 	328|329
308	et si assemblent tuit cil de la vile por veoir la damoisele 	com vous poes oir |Lors commencent a assambler entour lancelot tout cil de la uille. dames et cheualiers por veoir la damoisele 	330|331
309	et la mainnent en une chapele 	si lenmainent en vne capele 	332
310	por randre graces a Nostre Seingnor. 	pour rendre graces a nostre seignor. 	333
311	Lors moinnent Lancelot en I. cimetiere desouz la tor 	Et lors enmainent lancelot en vne cymentiere desouz la tour 	334
312	et li monstrent I. tombe molt riche 	et li moustrent vne tombe moult riche.	335
313	ou il avoit lestres escrites 	ou il auoit lettres escriptes 	336
314|315	qui disoient: « |Ja ceste tombe ne sera levee devant 	qui disoient ia ceste tombe ne sera leuee 	337
316	que li lieparz i mestra main, 	deuant ce que li lupars 	338
317	de qui li granz lions doit issir,	de qui li grans lyons istera y uenra 	339
318	et cil la levera legierement, 	Et cil la leuera legierement 	340
319	et lors sera engendrez li granz lions en la bele fille au roi de la Terre Forainne. » 	Et cils grans lyons sera: engendres en la bele fille le roy de la terre foraine. 	341
320	Quant il a les lestres leues, 	Cuant lancelot ot les lettres leuees. 	342
321	si n’entant pas 	si nentent mie ce 	343
322	qu’eles vuelent dire et cil 	que elles uoloient dire. |Et cil 	344|345
323	qui entor lui sont li dient: « Sire, nos cuidons bien	qui entor lui estoient li dirent Sire nous quidons bien 	346
324	que ce soiez vos 	que ce soies vous 	347
325	dont ces letres parolent, 	dont ces lettrez parolent. 	348
326	car nos savons bien par la damoisele 	Car nous sauons par la damoisele 	349
327	que vos avez delivree 	que vous aues deliuree. 	350
328	que vos estes li mieldres chevaliers de touz cels 	que vous soies li mieldres cheualiers 	351
329	qui or sont. — 	qui ore soit. 	352
330	Que volez vos 	Que uoles vous fait lancelot |que iou vous face. 	353|354
331	que je face? Je sui pres de faire totes voz volentez. — Nous volons. font il, 	Iou sui tous pres de faire vostre volente |Nous uolons font il 	355|356
332	que i vos levez ceste tombe 	que vous leues ceste tombe 	357
333|334	et veoiz |qu’il a desouz. » 	et regardes quele chose il a desouz 	358
335	Et il met la main au plus gros chief et la lieve trop legierement 	Et il met maintenant la main au plus gros chief si le lieue assez legierement. 	359
336	et voit dedenz le plus hideuz serpent et le plus felon par samblant 	et voit desouz le plus hideus serpent 	360
337	dont il oïst onques parler. 	dont il oist onques mais parler. 	361
338|339	Et|quant il voit Lancelot, 	Et quant li serpens voit lancelot 	362
340	si li gete feu si ardant 	si li giete fu ardant 	363
341	qu’il li brule tout son haubert et ses armes 	si que il li brulle son hauberc |et sez armes. 	364|365
342	et se lance fors de la tombe en mi le cimetiere 	et puis se lance hors de la fosse en mi la cymentiere 	366
343	si que li arbrisel 	si que li arbrissel 	367
344	qui dedenz estoient conmencierent a ardoir por l’ardeur dou feu. 	qui el cymentiere estoient commencierent a ardoir |pour le fu 	368|369
		quil getoit. 	370
345	Et cil de laienz tornent en fuie 	Et cil |qui illuec estoient commencierent tout ae à fuir 	371|372
346	et montent as fenestres en haut 	et montent as fenestres en haut 	373
347	por veoir 	pour ueoir	374
348	conment il sera 	comment il en auendra a lancelot. 	375
349	et Lanceloz gete son escu l devant son vis, 	Et il giete son escu |deuant son viss. 	376|377
350	puis s’adresce cele part 	et sadrece cele part 	378
351	ou il vit le serpent comme cil 	ou il voit le serpent. |comme cil 	379|380
352	qui ne doute aventure 	qui ne doute nulle auenture 	381
353	qui avenir li puisse. 	qui auenir li puist. 	382
354	Et li serfald]panz li giete feu envenimé 	Et li serpens li giete fu envenime 	383
355	si qu’il li art son escu par defors 	si quil li brulle tout son escu deuant. 	384
356	et Lanceloz le fiert par mi le piz del glaive 	Et lancelot le fiert el pis del glaiue. si durement 	385
357	si qu’il li met el cors et fer et fust. 	quil li met el cors fer et fust. 	386
358	Et il conmance a batre a la terre de ses eles comme cil 	Et li serpens commence a batre la terre de ses elles |comme cils 	387|388
359	qui est navrez a mort, 	qui ert naures a mort. 	389
360	et ll met la main a l’espee 	Et lancelot met main a lespee 	390
361	et li donne grant cop la	et li donne. j. tel cop 	391
362	ou il le puet ataindre 	quil li fait la testevoler a terre a 	392
363	tant qu’il li fait le chief voler.	Quant lancelot ot ocis le serpent. |qui longement ot este desouz la tombe del cymentiere.	393|394
364	Lors viennent? avant li chevaliers 	Lors viennent auant li cheualier 	395
365	qui ja estoit armez 	qui ia estoient arme 	396
366	por aidier a Lancelot; 	pour aidier a lancelot. 	397
367	et quant il voient 	Et quant il uoient 	398
368	qu’il l’a ja occis, 	quil a le serpent ocis. 	399
369|370	si le reçoivent a grant joie |et conmancent li sain a sonner. 	si mainent trop grant ioie. 	400
371|372	Maintenant viennent laienz chevaliers, dames et damoiseles tant |que ce n’est se merveille non a	si quil font tous lez sains del chastel sonner	401
373	et li dient 	et li dient 	402
374	que bien soit il venuz sor touz ceaux dou monde ; 	que bien soit il uenus sor tous lez cheualiers del monde : 	403
375	si le moinnent el maistre palais 	si le mainent el maistre palais 	404
376	et le desarment. A cels paroles issi de laienz J. granz chevalier. 	puis le desarment.|Ensi con desarmoit lancelot 	405|406
377	et amenoit o lui grant compaingnie 	si issi de vne cambre vns grans cheualiers|si amenoit aueques lui grant compaignie de cheualiers. 	407|408
378	et estoit I. des plus biaux hom 	Et il estoit vns dez plus biaus hommes 	409
379	que Lanceloz eust onques veu, 	que lancelot eust onques ueu 	410
380	puis qu’il parti de Kamaalot, 	puis quil se fu partis de camaalot 	411
381	et molt resambloit bien gentil home. 	et moult resambloit bien gentil homme. 	412
382	Et quant cil de laienz le voient venir, 	Et quant cil de laiens le virent 	413
383	si se lievent encontre lui 	si se leuerent - 	414
384	et dient a Lancelot: « Sîre, veez ci le roi	et dient a lancelot. Sire uees chi le Roy. |Quant lancelot entent 	415|416
385	qui vient. » 	que ce estoit li roys. 	417
386	Lors se dresce Lanceloz 	si se drece encontre lui 	418
387	et dist 	et li dist A 	419
388	que bien soit il venuz 	que bien soit il uenus. 	420
389	et il li rant son salu 	Et li roys li a rendu son salut.	421
390	et li gete les braz au col 	puis li giete sez bras au col. 	422
391|392	et li dist: « Sire, |tant vos avons desirré a veoir et a avoir 	Et li dist Sire tant vous avons desire : 	423
393|394	que Deu merci or somes nos saisi de vos. |Et sachiez 	que ore vous auons. 	424
395	que nos en avions grant mestier, 	Si en auiemes moult grant mestier. 	425
396	car tant a esté nostre païs deserté et essillié et li povre home perdu lor gaingnage 	quar tant a este nostre pais essillies et desertes |que li poure homme y ont perdu lor gaaingnages. 	426|427
397	qu’il ert des ores mais bien droit, 	si est des ore mais bien tamps 	428
398	s’il plest a Nostre Seingnor, 	puis quil plaist a nostre seignor 	429
399	que lor pertes soient restorees 	que lor pertes soient restorees. 	430
400	et lor biens restabli 	Et lor bien 	431
401	dont il ont esté grant piece soufraiteux. » 	dont il ont este grant piece souffraiteus.	432
402	Lors s’asiet li uns delez l’autre 	Lors sassieent ensamble. 	433
403	et li demande li rois 	si demande li roys a lancelot 	434
404	dont il est 	dont il est	435
		et comment il a a non 	436
		Et il dist 	437
		quil est de la maison le roy artu et de sez cheualiers. 	438
405	et conment il a non. — Lancelot del Lac, fait il. — 	et a a non lancelot del lac. |Et li roys li dist 	439|440
406	Or me dites, fait li rois, li rois Bans, li prodom 	Or me dites douls sires. |En ne fu li roys bans 	441|442
407	qui morut de duel, ne fu il vostre peres? — Sire, fait Lanceloz, oïl. — 	qui morut de duel uostres peres. Sire fet lancelot oil. 	443
408	Par foi, fait li rois, 	Par foy fait li roys 	444
409	dont sui je touz aseur 	dont sui iou tout asseur. 	445
410	que par vos ou par chose 	que par vous ou par cose 	446
411	qui de vos istra sera cil pais delivrez des estranges aventures 	qui de vous istera cils pais deliures des estranges auentures 	447
412	qui i aviennent jor et nuit. » 	qui y auienent nuit|et iour. 	448|449
413	Lors vint avant une dame de si grant aage 	Atant vint illuec vne dame de si grant aage 	450
414|415	que bien pooit avoir C. anz;|si apele le roi, 	que elle pooit bien auoir. C ans 	451
416	si li dist: « Sire, je voil a vos parler. » Li rois se part de Lancelot 	Si apela le roy et li dist. Sire iou voel a vous parler a conseil |Et li roys sen part de lancelot 	452|453
417	et commande a ses chevaliers 	et commande a sez cheualiers 	454
418	qu’il li facent compaingnie 	quil li facent com paignie. 	455
419	et il dient 	Et il dient 	456
420	que si feront il. 	que si feront il. 	457
421	Lors s’en vait o la dame en une chambre a et ele li dist, 	Lors sen uait li roys auec la dame en vne cambre |si sassieent sor vne couce. 	458|459
422	quant il fu assis: « Sire, 	et lors li dist la dame. Sire 	460
423	que porrons nos fere de cest chevalier 	que porrons nous faire de cest cheualier 	461
424	que Diex nos a amené ? — Je ne sai, fait il, 	que diex nous a amene. Iou ne sai fait li roys 	462
425	que l’an an doie faire 	que on en face. |fors ce 	463|464
426|427	fors qu’il avra ma fille a faire sa volenté. — |An non Dieu, fait la dame, je sai bien 	que on li donra ma fille a faire sa uolente. Enon dieu fait la dame. iou sai bien 	465
428	qu’il ne la voldra mie panre, 	quil ne la volra mie prendre 	466
429	quant l’an li offerra, 	quant on li Offera	467
430	car il aimme tant la roine, la fame le roi Artu, 	quar il aime tant la royne genieure la femme au roy artus	468
431	qu’il ne voldroit avoir nule autre, 	quil ne voldroit auoir nulle autre. |Et 	469|470
432|433	et par ce couvandra il|que Pan le face si saigement 	por ce conuendra il con le face si sagement 	471
434	qu’il ne s’en aperçoive. — 	quilne sen aperchoiue. 	472
435	Or an esploitiez, fait li rois, 	Or en esploities fait li roys. 	473
436	si com vos voudrez, 		
437	car il covient	quar il conuient 	474
438	qu’il soit fait. — 	que ce soit fait. 	475
439	Or ne vos entremetez plus, fait la dame,	Or ne vous en entremetes plus fet la dame. |mais laissies ment conuenir. 	476|477
440	car j’en vendrai bien a chief. » 	quar iou en vendrai bien a chief |se dieu plaist. 	478|479
441	Lors entre li rois en la sale 	Lors sen reuint li roys en la sale 	480
442	et vient a Lancelot 	et se rassiet deles lancelot 	481
443	por faire lui compaingnie; 	pour faire lui compaignie	482
444	si parolent li uns a l’autre 	Si parlerent li uns a lautre de maintes choses. 	483
445	et s’entracointent au plus bel 	Et sacointerent li vns de lautre le plus 	484
446	qu’il pueent. 	quil pueent. 	485
447	Si li demande Lanceloz 	Si demande lancelot au roy	486
448	conment il a non 	comment il a a non. 	487
449	et il dist 	Et il dist 	488
450	que l’an l’apele Pellés de la Terre Foreinne. Endementres 	quil a a non li roys pelles de la terre foraine Ndementres 	489
451|452	qu’il parloient einsi, |si resgarde Lanceloz 	quil parloient ensi. si esgarde lancelot 	490
453	et voit laienz entrer par une fenestre le coulon 	et voit entrer vn colon parmi vne des fenestres |Et ce fu cils 	491|492
454|455	que mes sire Gauvain. avoit veu autre foiz |et portoit en son bec I. encensier d’or molt riche. 	que mesires Gauuain ot ueu a lautre. fois. si portoit. i. encensier dor moult bel et moult riche. 	493
456	Et si tost com il fu laienz entrez,	Et si tost	494
457	si fu li palais repleniz de totes les bonnes odors 	comme il fu laiens entres. fu li pales emplis de toutes boines odors 	495
458	que cuers d’ome porroit penser. 	que cuers domme porroit penser 	496
459	Et lors se turent par laienz, 	Et lors se teurent il tout par laiens. 	497
460	qu’il n’i ot celui 	si quil ni ot celui 	498
461	qui mot deist, 	qui mot deist. 	499
462	ainz s’agenoillierent, 	Aincois sagenoillerent tout. 	500
463	quant il virent le coulon venir.	quant il virent le colon uenir. 	501
464	Et il entra maintenant en une chambre. 	Et il entra en vne cambre. 	502
465	Lors saillent li sergent et metent les napes sus les dois, 	Lors saillirent li sergant |et misent lez tables et lez napes.	503|504
466|467	si s’asieent li un et li autre |sanz ce 	si sassieent li vn et li autre. Sans chou 	505
468	que nus i deist mot 	que nus en desist mot. 	506
469	ne nus n’i fu apelez. 	ne nus ni fu apeles pour mangier. 	507
470	De ceste chose se merveille molt Lanceloz, 	et de ce sesmerueilla moult lancelot. 	508
471	si fait autel come li autre 	Si fait aussi comme li autre font. 	509
472|473	et l s’asiet devant le roi |et voit 	et sassiet deuant le roy. 	510
474|475	qu’il sont tuit em prieres et en oroison |et il fait autel 	et uoit que tout li autre sont en proieres et en orisons. 	511
476	comme li autre font. 		
477	Aprés ce qu’il furent assis ne demora gueres 	Apres ce que li roys fu assis. |si ne demora gaires 	512|513
478	qu’il vit issir d’unne chambre une damoisele 	que Lancelot uit issir la damoisele 	514
479	que mes sire Gauvain ot tant resgardee,	que monseignor Gauuain eut tant regardee 	515
480	si fu si bele et si avenanz de toutes choses 	et fu si bele et si auenant des toutes choses.	516
481	que Lanceloz meesmes dist bien 	que lancelot meismes dist. 	517
482|483	que onques mais a fame ne vit si grant biauté, |se ne fu en sa dame la roine 	quil onques mes ne vit femme de si grant biaute fors que sa dame la royne 	518
484	et dist 	Et dist 	519
485	que voir li disoit cele 	que voir disoit cele 	520
486	qui laienz l’avoit amené. Il resgarde le vessel	qui laiens lauoit amene. |Et il regarda vn uaissel. 	521|522
487	que la damoisels tenoit entre ses mains 	que la damoisele tenoit entre sez mains 	523
488	qui est li plus riches a sou esciant 	qui ert li plus riches a son escient 	524
489	qui onques fust veuz par home mortel 	qui onques fust ueus par homme mortel. 	525
490	et estoit fait en samblant de galice : 	Si estoit fais en samblance de calice. 	526
491	si li est avis, 	Si li est auis 	527
492	et bien le croit, 	et bien le croit	528
493	que ce soit sainte chose et dingne; 	que che soit sainte chose et digne. 	529
494	si conmança les mains a joindre encontre et a encliner le piteusement. 	Si commencha sez mains a ioindre encontre |et lenclina piteusement 	530|531
495	Et ausi com la dame passoit? par mi les dois s’agenoille chascuns devant le saint vessel 	Et ensi comme la damoisele passoit parmi lez rens sagenoilla chascuns deuant le saint uaissel. |Et aussi fist lancelot	532|533
496	et il si fait ausi. 	comme li autre faisoient. 	534
497	Maintenant furent les tables raemplies de touz les biax mengiers 	Et maintenant furent lez tables ao raemplies de tous lez biaus mangiers 	535
498	que l’an savroit deviser 	que len sauroit deuiser. 	536
499	et li palais fu raempliz de si bonnes oudors 	Et li palais fu aemplis de boines odours aussi 	537
500	com se toutes les bonnes espices i fussent del monde espandues. 	comme se toutes lez espisses del monde y fuissent espandues. 	538
501	Quant la damoisele fu une foiz alee par les dois. 	Quant la damoisele fu alee vne fois par deuant lez dois 	539
502	si s’an torne droit a la chambre 	si sen retorna droit en la cambre 	540
503	dont ele estoit venue. 	dont elle estoit issue 	541
504	Quant ele s’an fu alee, li rois Pellés dist a Lancelot: « 	Et quant elle sen fu alee. |Li roys pelles dist a lancelot. 	542|543
505	Certes, sire, je avoie molt grant paor 	Certes sire fet il ie oi moult grant paour. 	544
506	que la grace Nostre Seingnor ne fausist a cest cop tot 	que la grace de nostre seignor ne vous fauslsist a cest endroit vous :	545
507	ausi 	aussi 	546
508|509	com ele fist avant ier, |quant mes sire Gauvain fu çaienz. » — 	comme elle fist lautre iour a monsegnor Gauuain. 	547
510	Biau sire, fait Lanceloz, il n’est mie mestier que Nostre Sires 	quant il fu chaiens. Sire fait lancelot il nest mie mestiers que nostre sires |qui	548|549
511	qui tant est debonnaires soit toz jorz couroueiez a ses pecheors. » 	si est deboinaires soit tous iors courocies a ses pecheours |quar malement lor iroit 	550|551
		ANsi furent serui laiens par la grace de nostre seignor de tous lez biens 	552
		que cuers domme porroit deuiser. 	553
512	Quant li rois ot mengié par loisir, 	Et quant li roys ot mangie tout par loisir. 	554
513	si leverent les napes 	si leuerent lez napes. 	555
514	et li rois demande a Lancelot 	Et li roys demande a lancelot 	556
515	qu’il li samble del riche vesse! 	quil li samble de cel riche vaissel 	557
516	que la damoisele aporta. « Il me samble, fet il, 	que la damoisele portoit. |Certes sire fait il moult est biaus 	558|559
		et riches	560
517	que de damoisele ne vi je onques si bele; 	Et de la damoisele di iou |que onques mais ne ui si bele. 	561|562
518	de dame ne di je mie.» 	Mais de dalpasoame ne di iou mie. 	563
519	Quant li rois entant ceste parole, 	Quant li roys entent cele parole 	564
520	si pense tantost a ce 	si pense maintenant a ce 	565
521	qu’il ot oï de la roine Genievre 	quil auoit oi dire de la royne genieure. 	566
522	et bien croit 	Et bien croit 	567
523	que ce soit voirs 	que che soit voirs ce 	568
524|525	que l’an li|ot dit. 	que la dame li ot dit. 	569
		Et cele auoit a non brisane et estoit maistresse a la bele pucele 	570
526	Si vient a Brisane, la mestresse sa fille, cele 	qui la fille le roy estoit.|quant li roys ot entendu le response 	571|572
		que lancelot li auoit fait	573
		si nen dist plus 	574
527	qui devant avoit 	aincois se lieue 	575
528	a lui parlé, 	et se part moult cortoisement de lui. |Et sen vient a la dame 	576|577
		qui estoit mais- tresse sa fille. 	578
529	et li conte ce 	Et li dist ce 	579
530	qu’il ot respondu de sa fille. « Sire, fait ele. iel disoie bien. 	que lancelot li auoit dit. |Et elle dist Sire iou le vous disoie bien. 	580|581
531	Or m’atandez l. poi 	Ore matendes vn poi.	582
532	et je irai a lui parler. » Ele vient a Lancelot 	et iou irai a lui parler. |Et elle sen uait a lancelot.	583|584
533	et li conmance a demander noveles del roi 	Et li commence a demander noueles del roy artus. 	585
534	et li dist teles 	Et il len dist noueles teles 	586
535	com il les set de la roine. « Sire, fait ele, ce ne vos demant je mie, 	comme il lez sauoit. |De la royne sire faielle ne di iou mie 	587|588
536	qu’il n’a gueres 	quil na gaires 	589
537	que je la vi sainne et joieuse. » 	que iou le laissai saine et haitie. 	590
538	Et il tressaut touz de joie, 	Et il tressalt tous de ioie. 	591
539	quant il l’oit parler ; 	quant il loy parler.	592
540	se li demande 	Et il li demande 	593
541|542	ou ele la vit. « Sire, fait ele, |ci pres a Il. liues 	ou il lar uit. Sire fait elle iou la ui chi pres a. iij. lieues 	594
543	ou ele gerra anuit. — Dame, fait il, vos me gabez! — 	ou elle gerra anuit Dame fait il vous me gabes 	595
544	Si m’aïst Diex, fait ele, no fas; 	Si mait diex sire fait elle non fais. 	596
545	et por ce que vos m’en creoiz mielz, venez o moi 	Et pour chou |que vous men crees de miex Venres: vous auec moi 	597|598
546	et je la vos monsterrai. — 	sil vous plaist. |Et iou le vous mousterrai 	599|600
547	Certes, dame, fait il, volentiers. » 	Certes fait il volentiers. 	601
548	Lors envoie querre ses armes 	Lors envoie querre ses armes. 	602
549	et cele vait? endementres au roi 	et sen uait endementres au roy : 	603
550	qui l’atandoit en la chambre. Il li demande 	si li dist |comment elle auoit esploitie 	604|605
551	conmant ele a esploitié. « Faites tost, fait ele, vostre fille monter 	et li dist faites tost vostre fille monter. |Et lenuoies a la casse: le plus prochain castel 	606|607
		que vous aies. 	608
552	et l’anvoiez a la Quasce au plus tost 	Et le faites couchier ou plus riche lit 	609
553	que vos porrez, 	que len porra faire. 	610
554	et je irai aprés entre moi et Lancelot 	et nous cheualcherons entre moi et lancelot apres. 	611
555|556	et li ferai antandant, |quant nos serons la,	Et quant nous serons la : Iou li ferai entendre 	612
557	que ce est la roine. 	que ce est la royne Genieure. 	613
558	Et je ai aparillié J. tel boivre	Et iou ai vn boire appareilliet 	614
559	dont je li donrai 	que iou li donrai. 	615
560	et puis qu’il en avra beu et la force li sera montee el cervel, 	Et puis quil en aura beu |et la force len sera montee el ceruel. Iou nen dout mie 	616|617
561	ge ne dout mie 		
562	qu’il ne face ma volenté tote 	quil ne face ma volente. 	618
563	et ansi porra avenir 	Et ensi porra auenir chou 	619
564	quanque nos alons querant.» Li rois fait sa fille aparillier 	que nous alons querant. |Lors fait li roys sa fille appareillier. 	620|621
565	et li baille XX. chevaliers 	Si li baille. XX. cheualiers 	622
566	qui la conduiront au chastel de la Quasse. 	qui le conduiront el castel de la casse. 	623
567	Et quant il vindrent la	Et quant il vindrent la,	624
568	et il furent descendu, 	et il furent descendu. 	625
569	si firent faire en une sale le plus riche lit 	si firent faire en vne sale le plus riche lit 	626
570	que l’an pot 	que len pot. 	627
571	et s’i coucha la damoisele, 	et y coucha on la damoisele. 	628
572	puis que cil voldrent 	puis|que cil le voldrent 	629|630
573	qui ? laienz l’avoient amenee. 	qui illueques lorent amenee. 	631
574	Et Lanceloz ot prises ses armes 	Et lancelot ot prises sez armes 	632
575	et monta en son cheval 	et fu montes sor son cheual 	633
576|577	et s’em part |et il laisse cele 	et sen part. et laisse la dame 	634
578	qui l’i avoit amené, ? 	qui illuec lot amene 	635
579	si chevauchent tant entre lui et Brisanne 	Si cheualcherent tant entre lui et brisane. 	636
580	que il vindrent au chastel de la Quasse. 	quil vindrent au castel de la casse. 	637
581	Quant il i furent venu, 	Et quant il furent uenu. 	638
582	si estoit nuiz oscure 	si fu nuis obscure. 	639
583	ne la lune n’ert pas encore levee. Il descendent 	Ne la lune ne fu pas encore leuee. Il descendirent maintenant de lor cheuaus. 	640
584	et Brisane le moinne en I. chambre 	et brisane maine maintenant lancelot en vne cambre 	641
585	ou li chevalier estoient; 	ou li cheualier estoient. 	642
586	et quant il le voient venir, 	Et quant il le voient uenir. 	643
587	si se drecent encontre lui 	si se drecent encontre lui. 	644
588	et dient 	et li dient 	645
589	que bien soit il venuz, 	que bien soit il uenus. 	646
590	si le desarment. Laienz avoit molt grant clarté, 	Si le desarment. |Et laiens auoit moult grant clarte.	647|648
591	car il i avoit bien dusqu’a XX. cierges alumez. 	quar il y auoit bien. XX. cierges alumes. 	649
592	Et Brisane 	Et brisane 	650
593	qui ot une soue pucele acointie de ce 	qui ot vne soie pucele acointie de chou 	651
594	qu’ele voloit faire li ot baillies les poisons 	que elle voloit faire |Si li ot bailliet lez puisons 	652|653
595	et li dist: « 	si li dist. 	654
596	Quant tu orras 	Et quant tu orras 	655
597	que je demanderai boivre, 	que iou demanderai a boire 	656
598	si en aporte plainne coupe et le donne a Lancelot 	si en aporte plaine cope |et puis le donne a lancelot 	657|658
599	ne nul autre ne li aporte 	et nul autres boire ne li aporte mie deuant ce 	659
600	tant com il voille boivre » 	quil voelle boire. 	660
601	et ele dist: « Volentiers. » 	Et cele dist volentiers. 	661
602	Quant Lanceloz fu desarmez, 	Quant lancelot fu desarmes:	662
603	si ot talant de boivre a ce qu’il ot eu chaut a venir: 	si ot moult grant talent de boire a chou |quil ot eu trop grant chaut au uenir. 	663|664
604|605	si demande |ou est sa dame la roine. » Sires, fait ele, ele est en cele chambre 	Si demanda pour sa dame la royne. Sire fait brisane elle est en cele autre cambre. 	665
606	et est ja endormie au mien esciant. » 	Et sest ia endormie au mien escient. 	666
607	Et il demande le vin et la damoisele	Et ile demande le vin. |Et la damoisele	667|668
608	a cui il avoit esté conmandé aporte le boivre 	a qui elle Ot donne le boire : 	669
609	qui plus estoit clers 	qui plus estoit clers	670
610	que fontainne et de coulor a vin. La coupe n’ert pas grant, 	que fontaine |et estoit de colour a vin. 	671|672
611	si fu toute plainne; 	et la coupe niert pas grant. 	673
612	et il ot talant de boivre et la dame li dist: « Sire, buvez tout, 	Et il ot talent de boire |Et la dame li dist. Sire beues tout. 	674|675
613	car il ne vos fera ja se bien non, 	quar elle ne vous fera |se bien non.	676|677
614	car je cuit 	quar iou quit 	678
615	que vos ne beustes onques mais de tel. » 	que vous ne beustes onques mais de tel. 	679
616	Et il prant la coupe et la boit toute plainne 	Et il prent la coupe |et le boit toute plaine. 	680|681
617	et troeve la poison bonne et douce, 	et trueue la puison boine et douce 	682
618	si en demande encore autant 	si en demande encore autant 	683
619	et cele li aporte 	et cele li aporte 	684
620	et il boit tout outre.	et il le boit tout outre. 	685
621	Lors est envoisiez et plus emparlez 	Auant lancelot ot beu lez puisons |si fu plus enuoisies et plus emparles 	686|687
622	qu’il ne selt; 	quil ne sieult. 	688
623	si dist a Brisane 	Si demande a brisane 	689
624	conment il porra veoir sa dame la roine. 	comment il porra parler a sa dame la royne.	690
625	Ele le resgarde	et elle le regarde. 	691
626	et voit ja 	et uoit 	692
627	qu’il est touz muez, 	quil est ia tous mues. |si	693|694
628	car il ne set ou il est 	quil ne set |ou il est ne 	695|696
629	ne conment il vint laienz, 	comment il vint laiens. 	697
630	ainz cuide vraiement estre en la cité de Kamaalot 	Ains quide estre uraiement en la cite de camaalot. 	698
631	et li est avis 	Si li sanble 	699
632	qu’il parole a une dame 	quil parolt a vne dame 	700
633	qui toz dis faisoit compaingnie a la roine, 	qui tous iours soloit tenir compaignie a la royne 	701
634	des lors que la dame de Meloaut fu morte. 	puis que la dame de mallehaut fu morte. 	702
635	Et quant ele le voit si afolé 	Et quant elle le voit si afole 	703
636|637	et qu’ele connoist bien |qu’il porra estre legierement deceuz, 	et que elle porra bien faire de lui sa volente. 	704
638	si dist: « Sire, ma dame puet ja bien estre endormie. 	Si li dist. Sire madame la royne puet bien ia estre endormie. 	705
639	Que demorez vos tant 	que demores vous tant 	706
640	que vos n’alez a li ? — 	que vous nales a lui. 	707
641	Por ce, fait il,	Por chou fait il 	708
642	qu’ele ne me mande mie, 	que elle ne me mande mie. 	709
643	n’i voil je mie aler : 	ni voel iou pas aler 	710
644|645	mais|s’ele me mandoit, je i iroie. — Enon Dieu, fait ele, vos en orrez. par tans noveles. » 	Mais se elle me mandoit iou y iroie uolentiers. Enon dieu fait elle vous en orres par tans noueles. 	711
646	Lors entre en la chambre et fait samblant 	Lors entre en vne cambre. |et fait samblant 	712|713
647	qu’ele ait parlé a la roine, 	que elle ait parle a la royne	714
648	puis vient a Lancelot	puis sen reuint a lancelot 	715
649	et li dist: « Sire, ma dame vos atant et vos mande	et dist Sire madame: vous mande et atent 	716
650	que vos ailliez a li parler. » 	que vous aillies a lui parler. 	717
651	Et il se fait maintenant deschaucier 	Et il si fait. |Lors se descauche 	718|719
		et se despoille 	720
652	et entre en la chambre em braies et en chemise et vient au lit 	puis entre en la cambre en braies et en chemises |et sen vint au lit 	721|722
653	et se couche avec la damoisele. conme cil 	et se couche auec la damoisele comme cil 	723
654	qui cuide 	qui quide 	724
655	que ce soit la roine. 	que ce soit sa dame la royne. 	725
656	Et cele 	Et cele 	726
657	qui riens ne desirroit fors avoir celui de cui terrienne chevalerie estoit enluminee le reçoit liee et joieuse 	qui riens ne desiroit fors dauoir celui de qui terriene cheualerie estoit enluminee. le rechoit lie et ioieuse. 	727
658	et il li faisoit tel joie 	Et il li fait autele ioie 	728
659	et tel feste com il faisoit a sa dame la roine. 	comme il feist a sa dame la rovne |se il la tenist. 	729|730
660	Einsinc sont mis ensemble le millor chevalier et le plus bel 	ANsi sont mis ensamble li mieldres cheualiers et li plus loiaus 	731
661	qui or fust et la plus bele pucele et de haut lignage 	qui qa ce tamps fust. et la plus bele pucele et del plus haut lingnage. 	732
662|663	qui fust alors; |si se desirrent par diverses entancions, 	qui fust au tamps de lors. si sentredesirent par diuerses entensions. 	733
664	car ele ne le fait mie tant por la biauté de celui 	Car elle ne le fist mie tant pour la biaute de lui ne pour escauffement de char 	734
665	ne por luxure ne por eschaufement de char come ele fait por le fruit recevoir 	comme elle fist por le fruit recheuoir 	735
666	dont toz li païs doit venir a sa premiere biauté, 	dont tous li pais deuoits reuenir en sa premiere biaute 	736
667	qui par le dolereux cop de l’espee as estranges ranges avoit esté desertez et essilliez, 	qui par le dolerous cope de lespee auoit este desertes et escillies. 	737
668	si com il devise apertement en la Queste del Graal. 	Si comme li contes a deuise apertement en lystoire del saint Graal. 	738
669	Et cil la desirroit tout en autre manniere, 	Et cil la desiroit tout en autre maniere. 	739
670	car por sa biauté ne la couvoitoit il pas, 	quar por sa biaute ne la conuoitoit il pas. 	740
671	mais il cuida 	mais il quidoit 	741
672	que ce fust sa dame la roine 	que ce fust sa dame. 	742
673	et par ce fu il eschaufez 	Et pour ce fu il escauffes. 	743
674	qu’il la connut ausinc 	si la connut aussi 	744
675	com Adam fist sa fame, 	comme adam fist sa feme. 	745
676	mes non mie en tel maniere, 	Et non mie en tel maniere.	746
677	car Adam connut sa famei leaument et par le conmandement Nostre Signor; 	quar adam connut sa femme loiaument. et par le commandement nostre seignor.	747
678|679	et cil connut ceste ? em pechié|et en avoutire et contre Deu et encontre Sainte Eglyse, 	Et il connut ceste en pechie et en auoltire. 	748
680	et neporquant li Sires 	Et pour ce|que li sires 	749|750
681	en 	en 	751
682	qui tote pitié abite 	qui toute pities habite 	752
683	et qui ne juge mie selon les faiz as pecheors resgarda ceste assamblee 	et |qui ne iuge mie tout dis selonc les mesfais as pecheors regarda cele assamblee selonc le preu a ceuls del pais 	753|754
684	selonc le preu a ceus del païs com cil 	comme cil 	755
685	qui ne voloit mie 	qui ne voloit mie	756
686	qu’il fussent touz dis en essil: 	quil fussent tous iors en escil. 	757
687	si lor donna tel fruit engendrer et concevoir 	si lor donna tel fruit a engendrer et a conceuoir. 	758
688	que por la flor de virginité 	que pour la flor de uirginite. 	759
689|690	qui iluec ! fust corrumpue |et violee fu recouvree une autre flor 	qui illuec fu corrompue. fu restoree vne autre fleur. 	760
		dont grans biens vint al pais. 	761
691	de cui bien et de cui tandror » mainte terre fu replenie et rasouagie; 	Car de la douchour |qui de la flour issi fu toute la terre raemplie ensi 	762|763
692|693	qu’ausinc com l’Estoire del saint|Graal nos fait antandant, 	comme lestoire del saint Graal le nous a deuise 	764
		et fait entendant. 	765
694	de ceste flor perdue fu restorez Galaad, li virges, li tres bons chevaliers, 	Oue de ceste fleur perdue fu restores Galaad li uirgenes li bons cheualiers. 	766
695	cil 	cil 	767
696	qui les aventures del saint Graal mist a fin 	qui lez auentures del saint Graal mist a fin. 	768
697	et s’asist el perilleus siege de la Table Reonde	Et sassist el siege perilleus de la table roonde	769
698	ou onques chevaliers ne s’estoit assis 	ou onques cheualiers ne sassist 	770
699|700	qui ne fust morz. |Et tout	quil ni fust mors ou mahaignies 	771
701	ainsi com li nons de Galaad avoit esté perduz en Lancelot par eschaufement de luxure, 	Et tout aussi comme li nons de Galaad |auoit estes perdus en lancelot par escauffement de luxure. 	772|773
702	tout ansi fu recouvrez en cestui par atenance de char : 	tout aussi fu il recoures par cestui par abstinence de char 	774
703	car il fu virges en volenté et en oevre jusqu’a la mort, 	Car il fu uirgenes en volente et en oeure iusques a la mort ensi 	775
704	si com l’estoire le devise. 	comme lestoire le deuise. 	776
705	Einsine fu recouvree flor pour flor, 	Et enssi fu recouree fleur pour fleur 	777
706	car en sa nessance fu flor de pucelage estainte et maumise: cil 	quar en sa nascence fu fleurs de puselage estainte. |Et cils 	778|779
707	qui puis fu flor et mireor de chevalerie, il fu restorez par le conmun assamblement; 	qui puis fu flors et mireors de toute cheualerie fu restores par le commun assamblement. 	780
708	et se virginitez fu empirie en ce 	Et se vir ginites fu corrompue|par ce 	781|782
709	qu’il fu conceuz, bien en fu li mesfaiz amandez en sa vie par sa virginité 	quil fu conceus. |Bien en fu li mesfais amendes en sa vie par sa virginite 	783|784
710|711	qu’il randi sainne |et antiere a son Sauveor, 	quil rendi saine et entiere a son salueour. 	785
712	quant il trespassa del siecle, 	quant il trespassa de cest siecle 	786
713	et par les granz biens 	et por lez grans biens	787
714	qu’il fist en sa vie, 	quil fist en sa vie fu li pechies pardones et estains de son conceuement. 	788
715	Si se taist ores li contes de lui 	Si se taist ore li contes a parler de ce.	789
716	et retorne a Lancelot 	et retorne a parler de lancelot 	790
717|718	qui toute la nuit jut o la damoisele ; |se li toli le non 	qui iut toute la nuit auec la damoisele a si li toli le non 	791
719|720	a cui ele ne pot puis vraiement recouvrer, |car	ou elle ne pout plus uraiement recourer. 	792
721|722	se l’an la poïst au soir apeler pucele, |cil nons li fu i changiez en damoisele a l’andemain. 	Quar len la pooit nomer au soir pucelle. cil nons li fu muez a lendemain en damoisele sanz doute. 	793
723	Quant » li jorz aparut, 	OR dist li contes 	794
724	si s’esveilla Lanceloz 	que quant lancelot se fu esueillies au matin |que li y iors apparut 	795|796
725	et resgarda entor lui, 	si regarda tout entor lui. 	797
726	mes il ne vit point de clarté, 	mais il ne vit point de clarte 	798
727	car toutes les fenestres estoient si estoupees 	quar toutes lez fenestres estoient si estoupees 	799
728	que li soulauz n’i pooit entrer poi ne grant. 	que li solaus |ni pooit entrer poi ne grant 	800|801
729	Lors se merveille 	Et lors sesmerueille 	802
730	ou il est et taste tout entor lui 	ou il est et taste tout entour lui. 	803
731	et troeve la damoisele; 	si trueue la damoisele. 	804
732	se li demande 	si demande	805
733	qui ce est, 	qui chou est. 	806
734	et il estoit ja revenuz en son mimoire, 	Et il estoit ia reuenus en son memoire. 	807
735	car la force de la poison estoit faillie, 	Car la force de la puison estoit faillie dez 	808
736	des lors que il connut la damoisele charnelment. 	lors que il connut la damoisele carnelment. 	809
737	Et ele li dist: « Sire, je sui J. damoisele, fille au roi Pellés de la Terre Foreinne. , 	Et elle li dist. Sire iou sui Vne damoisele. fille au roy pelles de la terre forainne. 	810
738	Quant il l’antant,	Et quant il entent ceste parole 	811
739	si perçoit maintenant 	si apercoit maintenant |s 	812|813
740	comment il a esté deceuz; 	quil a este deceus. 	814
741	si saut dou lit tant dolanz 	si saut erranment hors del lit |si dolans 	815|816
742	que nus plus 	comme nuls plus 	817
743	et prant sa chemise et ses braies	et prent sa chemise |et sez braies 	818|819
744|745	et se vest |et chauce 	et se uest et chauce 	820
746	et prant ses armes. 	et prent sez armes. 	821
747	Quant il fu touz 	Et quant il est tous armes 	822
748	armez, il vient a la chambre 	si sen reuint en la cambre 	823
749	ou il avoit geu et ouvre les fenestres ; 	ou il ot geu |si oueures lez fenestres. 	824|825
750	et quant il voit cele 	Et quant il a ueu celle de par 	826
751	par cui il a esté deceuz, 	qui il a este deceus. 	827
752	si est tant dolanz 	si est tant dolans 	828
753	qu’il cuide bien issir del sans ; si panse 	quil quide bien issir del sens. |si pense 	829|830
754	qu’il s’en vengera orandroit sanz plus atandre. 	quil sen uengera orendroit sans plus atendre. 	831
755	Lors traist l’espee 	Lors trait lespee 	832
756	et vient vers la damoisele 	et vint uers la damoisele 	833
757	et dist trop durement iriez: « Damoisele. vos m’avez mort: 	et fu trop dolans et trop durement iries. |Et dist damoisele vous maues mort. 	834|835
758	si couvient 	Si conuient 	836
759	que vos en muiriez, 	que vous en muiries 	837
760	car je ne voil 	quai iou ne voel mie 	838
761	que jamais decevoiz home en tel manniere 	que vous iamais deceues homme en tel maniere 	839
762	com vos m’avez deceu. » 	comme vous maues deceu. 	840
763	Lors dresce l’espee contremont 	Lors hauce lespee. 	841
764	et cele 	Et cele 	842
765	qui grant paor a de morir li crie merci a jointes mains 	qui moult grant paor a de morir. li crie merci a iointes mains. 	843
766	et dist: «	Et li dist ha	844
767	Ha, frans chevaliers, ne m’oci mie por cele pitié 	por dieu sire ne mocies mie. |ains aies de moi pitie. pour ytelle pitie 	845|846
768	que Diex out de Marie Madelainne !» 	que diex eut de marie magdalaine. 	847
769	Et il s’areste touz trespensez 	Et il saresta tous cois. |et fu tous trespenses. 	848|849
770	et la voit la plus bele riens 	et voit |que cest la plus tres bele rienz 	850|851
771	qu’il onques mais veist 	quil onques mais eust ueue 	852
772	et il trambloit si durement d’ire et de mautalant 	Et il trambloit si durement de ire et de mautalent 	853
773|774	que a poinnes pooit il tenir s’espee|et se test 	quil auoit. 	854
775|776	et pense |qu’il fera, 	que a paines pooit il tenir sespee. 	855
777|778	ou s’il l’ocirra |ou s’il le laira vivre. 	Si pense sil locirra ou non. 	856
779	Et cele li crie toutes voies merci 	Et cele li crie toutes uoies merci. 	857
780	et est devant lui a genouz toute nue en chemise 	et est deuant lui a genouls toute nue en sa chemise. 	858
781	et il resgarde ses ieuz et son vis et sa bouche 	Et il regarde sez iex et sa bouche et son vis 	859
782	et voit en lui tant de biauté 	et voit en lui tant de biautes 	860
783	qu’il en devient touz esbahiz. 	que il deuint tous esmaris. 	861
784|785	Lors dist tant dolanz que nus plus: « Damoisele. je m’en irai |si vaincuz et si recreanz com cil 	Lors dist tant dolans comme nus plus. DAmoisele fait lancelot iou men irai si uaincus et si recreans comme cil 	862
786	qui ne s’ose de vos vengier, 	qui ne sose de vous uengier 	863
787	car trop seroie cruex et desloiax, 	quar trop seroie desloiaus 	864
788|789	se si grant biauté destruioie |com il a en vos.	et crueus se ie si grant biaute destruisoie 	865
790	Si vos pri 	Si vous prie 	866
791	que vos me pardoingniez ce 	que vous me pardonnes ce 	867
792|793	que je tres m’espee sor vos, |car ire et mautalant le me fist faire. — Sire, fait ele, je le vos pardoing 	que iou le vous pardoins par ensi. 	868
794	par si que vostre courouz me pardoingniez. » 	que vous uostre courous me pardoignies	869
795	Et il li otroie, 	Et trais mespee sour vous. |Car ire et maltalens le me fist faire. Sire fait elle il li otroie 	870|871
796	puis qu’il voit 	puis quil voit 	872
797	que dire li couvient; 	que faire li conuient. 	873
798	si remet s’espee el fuerre 	si remet sespee el fuerre. 	874
799	et la commande a Deu. 	et las commande a dieu.	875
800	Quant il vient a la cort aval, 	Et quant il vint en la cort aual. 	876
801	si troeve son cheval enselé ;	si trueue son cheual ensele 	877
802	si le fist Brisane apareillie celoz le trouvast, 	et li auoit fait brisane apparellier |por ce quil le trouast prest 	878|879
803|804	quant il vandroit aval,|quar ele savoit 	quant il uendroit en la cort aual. 	880
805	por ce que Lanbien 	Car elle sauoit bien.|quil ne demoroit pas laiens 	881|882
806	qu’il ne remandroit s’apercevroit de la decevance. 	si tost comme il sapercheuroit de la deceuance. 	883
807	Quant il est montez et laienz, 	Quant lancelot fu montes 	884
808	si tost com il Il a pris son escu et I. gl. arbre, 	et il ot pris son escu 	885
809	si s’em part dolanz et courrouciez 	si sen part dolans et corocies. 	886
810	et entre en 	Et il ot pris vn glaiue 	887
811	qu’il trova apuié a I. son chemin 	quil troua apoiet à vn mur. |Si sen entre en son chemin. 	888|889
812	et vait pansant si durement 	et sen uait pensant si durement 	890
813	qu’il ne set de lui conroi.	quil ne set de lui nul conroi prendre. 	891
814	Et li rois de la Quasse por veoir sa fil s fu matin venuz au chastel conté 	Et li roys pelles |se fu matin leues 	892|893
815	conment Lanceloz s’en estoit alez. 	et sen fu uenus au chastel de la casse |pour ueoir sa fille. 	894|895
816	Quant il vint 	Car on li auoit ia conte 	896
817	que l’an li avoit ja la, 	comment lancelot sen estoit ale. |Et quant il y uint 	897|898
818|819	si la troeve malade |et deshaitie de la paor 	si le troua malade et deshaitie de la paour 	899
820	que Lanceloz li ot faite 	que lancelot li ot faite 	900
821	qu’il ne l’oceist;	quil ne locesist. 	901
822	si conta son pere. einsi 	Si conta a son pere	902
823	com il li 'estre de li 	comment il len estoit auenu. 	903
824	et de Lancel. pit avenu. 	Et quant il sot vraiement lestre de li et de lancelot. 	904
825	Quant il sot vraiement rement et plus honorer que devant. 	si le fait garder moult hautement et plus honorer |quil nauoit fait deuant. 	905|906
826|827	Et ne demora pas ist garder molt chieIII. |mois 	Si ne demora pas. iii. mois 	907
828	qu’il sot 	que il sot bien 	908
829	qu’ele estoit enceinte et par les usiciens 	que elle estoit enchainte o par les fisiciens |qui li disoient et par la damoisele 	909|910
830	qui li ue ce ert voirs : 	qui li dist |que cestoit voirs	911|912
831	si en furent si lié 	Si en furent cil del pais si liet 	913
832	que nul plus et strent et par la damoisele 	que nul plus et en firent moult grant ioie. 	914
833	qui dist ll del païs en firent grant joie. 	OR dist li contes 	915
834	Quant Lanceloz 	que quant lancelos 	916
		se fu partis de la damoisele. 	917
835	se fu partiz de la damoisele, si erra tout le jor entier molt dolanz et courouciez et toz jorz aloit demandant nouveles de Lion son cousin. 	si cheualcha toute iour moult dolans et moult corouchies. |Et tous iors aloit demandant pour lyonel son cousin. 	918|919
836	Quant il ot erré i dusqu’aprés vespres, il resgarda devant lui 	Et quant il ot . esre tote iour iusques au uespre |si regarda deuant lui 	920|921
837	et vit en I. montaigne l. molt bel chastel; il torne cele part, 	et uoit vne montaigne deuant lui ou il ot vn moult biau castel |Si torna cele part 	922|923
838	car il ert tans de herbergier. 	quar il iert bien tamps de herbergier. 	924
839	Quant il est venuz dusqu’au chastel, 	Et quant il est uenus au castel	925
840	si troeve I. chevalier 	si troua a lenmui i . cheualier 	926
841	qui li dist: « Sire chevaliers, 	Si li dist sire cheualiers par chi 	927
842	par ci ne poez vos passer, 	ne poes vous mie passer 	928
843	se vos ne volez jouster. » Lanceloz pensoit si durement 	se vous ne voles iouster a moi |Et lancelot pensoit si durement 	929|930
844	qu’il n’antandi pas a ce 	quil nentendoit pas chou 	931
845	qu’il dist; 	quil disoit. 	932
846	si s’an vait sus le pont 	si sen vait par desore le pont 	933
847	ne onques ne laisse son penser. 	ne onques ne laissa son penser 	934
848	Et cil chevaliers li vient son glaive aloingnié	Et li cheualiers sen uait uers lui le glaiue alongie	935
849	et le fiert si durement 	et le fiert si durement 	936
850	qu’il li fait la sele widier 	quil li fist la sele widier. 	937
851	et le porte tout envers dedenz le fossé. 	et le porta |el fosse tot enuers. et. iiij ualet 	938|939
852	Et Illl. vallez 		
853	qui estoient sus la bretesche li conmancent a crier: « 	qui estoient desous la bertesche li commencent a crier. 	940
854	Ha, sire chevaliers, or vos poez bien baingnier ! » 	ha sire cheualiers. |ore vous poes baignier. 	941|942
855	Et li chevaliers del chastel prant le destrier Lancelot, 	et li cheualiers du castel prist le cheual lancelot 	943
856	si entre dedanz la vile; 	si sen entre dedens la porte. 	944
857	et maintenant fu la porte close. 	et on li clost la porte. 	945
858	Et quant Lanceloz voit 	Et quant lancelot voit 	946
859	qu’il est chaüz en l’eve, 	que il estoit cheus en leue 	947
860	si est touz esbahiz, 		
861	car il ne set 		
862	comment il est chaoiz, 		
863	si sant 	si sent 	948
864	qu’il afonde. 	quil afonde-.	949
865	Lors aert a Il. poinz J. arbre 	Si ahiert as . ij. mains .i. arbre 	950
866	qui devant lui estoit 	qui deuant li estoit.	951
867	et fait tant 	et fait tant 	952
868	qu’il est issuz del fossé et venuz a terre seche, son escu a son col, son glaive en son poing. 	quil est issus del fosse son escu a son col sa glaiue en son poing. 	953
869	Et cil de la bretesche li dient: « Sire chevaliers, aillors vos couvient querre ostel, 	Et cil de la bretesche li dient sire cheualiers |ailleurs vous couient il querre ostel. 	954|955
870	car çaienz ne metrez vos huimais le pié,	quar chaiens ne meteres vous hui |mais le piet. 	956|957
871	mais demain 	mais demain 	958
872	se vos reveniez 	se vous reuenes 	959
873	et nos poons recevoir chevalier pescheor, nos vos recevrons volentiers. » 	se nous deuons echeuoir cheualier pescheour nous vous receuerons volentiers. 	960
874	Quant il voit 	Quant lancelot voit ce 	961
875	que cil le vont i einsi gabant, 	que cil le uont ensi gabant 	962
876	si est molt dolanz; 	si en est moult dolans	963
877|878	lors lor dist: « |Biau seingnor, et de mon cheval 	Lors lor dist biau seignor. 	964
879|880	car me dites nouveles, |se vos les savez. — 	et de mon cheual me dires vous nulle nouele 	965
881	Par foi, font il, de vostre cheval ne savons nos riens, mais de celui 	Par foy font il de vostre cheual ne sauons nous riens. |mais de celui 	966|967
882	que vos avez perdu savons nos bien. 	que vous aues perdu sauons nous bien 	968
883	qu’il est çaienz et dahaiz ait 	quil est chaiens et dehait ait 	969
884	qui cheval vos donna, 	qui cheual vous donna : 	970
885	car certes il nel poïst noauz amploier. » 	quar il ne le peust mie auoir pis enploiet. 	971
886	Quant il voit 	Et quant il voit 	972
887	qu’il n’i prandra plus, 	quil ni prendera plus 	973
888|889	si est assez plus dolanz |que devant 	si est asses plus dolans que deuant. 	974
890	et vient desouz en la valee	Si sen uait desouz le castel en la ualee |et sassiet deles vne fontaine auques pres del castel 	975|976
891|892	et s’asiet auques pres dunne fontainne desouz IlII. arbrisiax, |si met son glaive delez lui 	si auoit entour la fontaine. iiij. arbrissiaus. si met sa glaiue deles lui. 	977
893	et s’asiet desus son escu; 	et sassiet deles son escu 	978
894	si est tant dolanz	si est tant dolans 	979
895	et courrouciez 	que nus plus |et atent ensi iusques a la nuit	980|981
		ANsi fu lancelos a la fontaine. 	982
896	tant que la nuiz soit venue. 	et atendoit la nuit pour ce|que trop grant honte auoit de ce 	983|984
897	Quant li tans fu aprés ce J. poi acoisiez 	quil nauoit point de cheual.|Et quant li tamps fu. i. poi obscurcis 	985|986
898	et la lune fu levee, 	et la lune fu leuee. 	987
899	si resgarde Lanceloz 	Si regarda lancelot 	988
900	et voit venir IlI. chevaliers armez, 	et vit uenir. iij. cheualiers armes. 	989
901	si descendent a la fontainne	si descendent a la fontaine 	990
902	et ostent lor armes, 	et osterent lor armes 	991
903	si s’asieent desus l’erbe vert. 	et sassieent sor lerbe uert.	992
904	Aprés ce ne demora mie granment que IIII. escuier vindrent 	Apres che ne demora mie granment |quil vit venir. iiij . escuiers	993|994
905	qui amenerent la damoisele avec aux qui Lancelot avoit gari de l’anvenimement 	qui amenoient auec euls vne damoisele. |Et quant lancelot lez pot bien auiser. 	995|996
		si connoist 	997
		que cest la damoi sele 	998
906	qu’il avoit pris l’autre jor a la fontainne 	qui lauoit gari de lenuenimement |quil auoit pris lautre iour a la fontaine: 	999|1000
907	et an plouroit molt durement 	Et elle ploroit moult durement 	1001
908	et les clamoit larrons et traïtres. 	et lez clamoit larrons et traitres. 	1002
909	Quant Lanceloz le voit plourer, 	Et quant lancelot le vit plorer 	1003
910	si est molt dolanz, 	si en est moult dolans. 	1004
911	car il n’amoit nule fame plus de li fors la roine. Il se pense 	quar il namoit nulle femme plus de li. fors seulement la royne Genieure. 	1005
912	qu’il li aideroit sauve s’onor, 	Si se voloit leuer|por aidier. 	1006|1007
913	quant il se porpense 	mais il se porpensa 	1008
914	qu’il atandra encore 	quil atendroit encore 	1009
915	tant qu’il voie 	pour ueoir 	1010
916	que cil voldront faire. 	quil voldroient faire. 	1011
917	Quant il l’ont descendue del cheval, 	Quant cil orent la pucele descendue del cheual 	1012
918	si se lievent li III. i chevalier 	si se lieuent li troi cheualier. 	1013
919	et dient 	Et li dient 	1014
920	que bien. soit ele venue 	que bien soit elle uenue	1015
921	et ele lor dist 	Et elle lor dist 	1016
922	que mal soient il trové comme desloiaux chevaliers et larrons. « 	que mal soient il troue comme desloial cheualier et larron. 	1017
923	Ha, damoisele, fait li uns, vos direz ce 	ha : damoisele fait li vns vous dires ce 	1018
924	que vos voudrez, 	que vous uoldres . 	1019
925	mais desloiaux ne larrons ne somes nos mie. — 	mais desloial ne larron ne sommes nous mie .	1020
926	Si estes voir, fait ele. 	Si estes fait elle. 	1021
927	Quel greingnor desleauté poez vos faire 	Quele desloiaute poes vous faire greignor 	1022
928	que prandre damoisele en murtre et an repost et de mestre main a li estre son gré ? 	que de prendre vne pucele en murdre |et en repost 	1023|1024
929	Ne greingnor larrecin ne poez vos faire 	et de metre main a lui et outre son gre. 	1025
930	et tout ce avez vos fait de moi 	Et tout ce aues vous fait de moi. 	1026
931|932	qui en murtre et en traïson |me venistes prandre en la meson mon frere 	quar en murdre et en traison me uenistes querre et prendre en la maison mon frere. 	1027
933	et m’en avez amené sanz le seu de lui. 	et men aues amenee |sans le seu de lui. 	1028|1029
934|935	Et cuidiez vos |por ce 	Et quidies vous pour chou 	1030
936	que je sui en vostre saisine 	que iou sui en vostre saisine 	1031
937	que je vos aimme plus tost ? 	que iou vous en aime plus tost. 	1032
938|939	Certes nenil, |ainz voudroie mielz 	Certes nenil ains voldroie mieus 	1033
940	que vos fussiez trainez a la queue de mon roncin; 	que vous fuissies traines a la keue de mon palefroi	1034
941	car trop seroie avillie, 	quar trop seroie auillie 	1035
942|943	se je laissoie le millor chevalier del monde |et le plus prodome a	se iou laissoie le meillour cheualier del monde et le plus uaillant 	1036
944	cui j’ai m’amor donnee por I. si vil chevalier et si recreant	a qui iai mamor donnee pour vn si vil cheualier |et si recreant 	1037|1038
945|946	com vos estes. — Damoisele, fait il, |se vos n’estes amee, 	comme vous estes. Damoisele fait li vns	1039
947	que vos vaut ? 	que vous vaut 	1040
		se vous estes samie. 	1041
948	Certes ce ne porroit pas estre 	Certes ce ne porroit pas estre 	1042
949|950	que li mieldres chevaliers del monde |et li plus prodom eust mise s’amor en vos,	que li mieudres cheualiers et li plus loiaus del monde eust mise samor en vous 	1043
951	car trop la porroit mielz amploier. — 	quar trop le porroit mieuls emploier. 	1044
952	Certes, fait ele, sire chevaliers, cil 	Certes fait elle sire cheualiers cils 	1045
953|954	qui est ore le millor chevalier dou monde ne tient pas|s’amor a mal emploie en moi, 	qui ore est li mieldres cheualiers del monde ne tient pas samor a mal enploie en moi 	1046
955	ainz m’aimme bien 	ains maime bien	1047
956|957	et amera tant|com il me savra en vie, 	et amera tant comme il me saura en vie. 	1048
958	et je l’an serai si vraie	Et iou li serai si vraie. 	1049
959|960	que ja chevalier tant? |conme je vive, ne se porra venter 	que ia nus ne se porra vanter 	1050
961	que jou li face compaigniea; 	que iou li face compaignie |pour lui laissier. 	1051|1052
962	et se je bien voloie faire si grant desloiauté 	Et se ie bien voloie faire si grant desloiaute 	1053
963	que j’en vousisse I. mestre en son leu, 	que iou en volsisse metre vn autre en son lieu. |ia ne mait diex 	1054|1055
964	ja 	se iou : 	1056
965	si m’aïst Diex si mauvais chevalier 	si maulais cheualier 	1057
966	com vos estes n’i metroie, 	comme vous estes y metoie. 	1058
967	ainz i mestroie tel 	ains y meteroie tel 	1059
968	dont l’an ne me devroit mie blasmer.» 	dont len ne me porroit mie blasmer. 	1060
969	Lors se courrouce li chevaliers 	Lors se corouce li cheualiers 	1061
970|971	et dist a la damoisele : « |Et por Deu, 	et dist a la damoisele. Damoisele dites moi por dieu 	1062
972|973	car nos dites or |qui est cil chevaliers 	qui est cils boins cheualiers 	1063
974	qui tant est prodom et	qui	1064
975	qui si loiaument vos aimme ? — 	si loiaument vous aime. 	1065
976|977	Certes, fait ele, il ne faît mie a nommer devant |si noiant home 	Certes fait elle il nest mie a nommer deuant si caitif homme 	1066
978	com vos estes et neporquant por vos grever plus, vos dirai je 	comme vous estes. |Et nonpourquant pour vous plus agreuer dirai iou 	1067|1068
979	qui il est: 	qui il est 	1069
980	ce est mes sire Lanceloz del Lac, 	Si vous di |que chou est mesires lancelot del lac. 	1070|1071
981	c’est cil 	Chest cil 	1072
982	que vos n’oseriez atandre a cop pour tout le reaume de Logres. — 	qui vous noseries atendre a cop pour tout le royaume de logres. 	1073
983	Celui? fait li chevaliers. 	Celui fait li cheualiers a male heure 	1074
984	A mal eur soit il ore le millor chevalier dou monde!	soit il ore li mieldres del monde. 	1075
985	Certes il ne le porroit pas estre, 	Certes il nel porroit pas estre. 	1076
986	car il fu filz au plus mauvais roi et au plus failli de cuer 	Car il fu fils au plus maluais roy et au plus failli 	1077
987	qui onques portast couronne et bien monstre en la fin 	qui onques portast coronne. |Et bien moustra en la fin	1078|1079
988	qu’il estoit noianz ; 	quil ert maluais. 	1080
989	car li rois Claudas mes cousins le deserita de toute sa terre 	quar li roys claudas |qui est mes cousins germains le desireta de toute sa terre 	1081|1082
990|991	si|qu’il s’anfor et morut de duel. 	si quil senfui et morut de paour et de duel. 	1083
992	Et por ce di je 	Et pour chou di iou 	1084
993	que de si mauvés roi ne porroit pas issir le millor chevalier del monde. — 	que de maluais roy ne porroit pas issir li mieldres cheualiers del monde. 	1085
994	Ha, dant mauvais chevaliers, fait ele, 	ha : dans cheualiers 	1086
995	si m’aïst Diex, 	fait elle si mait diex 	1087
996|997	s’il fust ja ci. |ja ceste parole 	se il fust chi. ia ceste parole ne vous fust issue de la goule 	1088
998|999	ne vos issist mais de la goule, |car vos n’eussiez cuer del dire por tote la terre le roi Artu. — Damoisele, fait il, vos diroiz ce 	quar vous nen eussies pas le cuer del dire pour toute la terre au roy artus . Damoisele fait il vous dires chou 	1089
1000|1001	que vos plaira|et je vos escouterai, 	quil vous plaira et iou Ieassal vous escouterai. mez toutes voies uous prie iou 	1090
1002|1003	mais toutes voies vos di je |que vos façoiz ma volenté debonnairement 	que vous fachies ma uolente deboinairement. 	1091
1004	et ne soiez pas si vilainne 	Et ne soies pas si vilaine 	1092
1005	qu’il vos couviengne faire force, 	quil le vous conuiegne faire par force. 	1093
1006	car je ne vos ameroie ja puis ; 	Car iou ne vous en ameroie ia de miex 	1094
1007	et vos veez bien 	Et vous uees 	1095
1008	qu’il estuet 	que il estuet 	1096
1009	que vos le façoiz, 	que vous le fachies.	1097
1010	car la force n’est pas vostre 	quar la force nen est pas uostre. 	1098
1011	et mes voloirs i est. — 	et mes voloirs y est. Sire fait elle 	1099
1012	Fi, fait ele, par male aventure 	che soit ore par male auenture. 	1100
1013	ainz fusse je arse ou noie 	aincois fusse iou noiie. 	1101
1014	que je par si mauvais home fusse honnie, 	que iou pour si maluais homme |comme vous estes fuisse honnie.	1102|1103
1015|1016	quar si m’aïst Diex, |pis ne porroie je faire. » 	Car si mait diex pis ne porroie iou mie faire 	1104
1017	Et il conmande as chevaliers et as escuiers 	Et il commande as cheualiers et as escuiers le 	1105
1018	qu’il se traient en sus, 	quil se traient arriere 	1106
1019|1020	car il velt touz seus remanoir avec cele|qu’il aimme 	quar il veult tous seuls demorer auec la damoisele. 	1107
1021	et dont il cuide bien faire sa volenté sanz contredit.	quar il en quide bien faire sa volente sans contredit. 	1108
1022	Quant cil s’an sont d’iluec alé, il prant la damoisele et la giete souz lui 	Quant cil se furent trait arriere.|si prent li cheualiers la damsoisele 	1109|1110
1023	et dist 	et le giete desouz lui et dist 	1111
1024	qu’il li fera a force, 	quil' li fera a force 	1112
1025	s’ele ne li veult otroier debonnairement. 	se elle ne le veult otroier deboinairement 	1113
1026	Et ele s’escrie: « 	Et elle sescrie a haute vois 	1114
1027|1028	Ha, gentils hom Lanceloz,|por quoi n’estes vos ci ? 	ha : gentils homs lancelot porcoi nestes vous yi. 	1115
1029	Si vengissiez moi et vos de la honte 	si uengissies moi |et vous de la grant honte 	1116|1117
1030	que cil lerres vos velt faire. » 	que cils lerres VOus veult faire. 	1118
1031	Lors conmance a guenchir et a detordre soi au plus 	Lors commenche a guenchir soi et a detordre au plus 	1119
1032	qu’ele ! puet 	que elle puet. 	1120
1033	et il la tient molt estroit entre lui et la terre. 	et il le tient moult a destroit entre lui et la terre. 	1121
1034	Et cele se rescrie: « 	Et celle sescrie en haut. 	1122
1035	Ha, Lanceloz, biaux douz amis, li vostre secors me tardera moult, 	ha : lancelot biaus douls amis |li vostres secors me tardera moult ce mest auis. 	1123|1124
1036	ce m’est avis. » 		
1037	Et Lanceloz 	Et lancelot 	1125
1038	qui bien ot veu ce	qui bien ot ueu chou 	1126
1039	qu’il orent fait 	que cil orent fait. 	1127
1040	et antandues toutes les paroles 	Et ot bien entendu lez paroles 	1128
1041	qu’il disoient se dresce? en estant, 	que cils auoit dites |Si se lieue en estant 	1129|1130
1042	ce li est avis 		
1043	que trop porroit huimais demorer; sì prant son escu 	si li est auis que trop porroit demorer |si prent son escu 	1131|1132
1044	et traist s’espee 	et trait sespee 	1133
1045	et dist a cele 	et dist a cele 	1134
1046	qui le regrete : « Damoisele, n’aiez paor, 	qui si durement le regretoit. Damoisele naies paour 	1135
1047	car je ne sui mie trop loing de vos 	quar iou ne sui mie trop loing de vous. 	1136
1048	et mal vos a li chevaliers courroucie, 	et mar vous a li cheualiers corochie. 	1137
1049	qu’il en morra. » 	quar il en morra |se iou 	1138|1139
		puis yuant lancelot uoit 	1140
		que cil force uoloient faire a la damoisele 	1141
		si en fu moult coroucies.	1142
1050	Lors s’en vait vers aux grant pas, 	Lors sen uait uers euls grant pas 	1143
1051	et quant cil le voit venir, 	Et quant cil |qui tenoit la damoisele le uoit venir. 	1144|1145
1052	si a grant paor de mort 	si ot paour de mort 	1146
1053	et crie: « Aide aide! — 	Si crie aide aide. 	1147
1054	Par mon chief, fait il, aide ne vos avra mestier, 	Par mon chief fait lancelot ia aide ne vous aura mestier. 	1148
1055	car vos en morrez 	quar vous en morres. 	1149
1056	et il est bien droiz, 	et tout cil 	1150
1057	quant ceste damoisele voliez honir a force. » 	qui ceste damsolisele voles honir a force. 	1151
1058	Lors hauce l’espee 	Lors hauce lespee 	1152
1059	et cil velt foïr, 	et cil volt fuir 	1153
1060	mais il ne puet, 	mes il ne pot. 	1154
1061|1062	car Lanceloz le fiert |si de l’espee	quar lancelot le fiert si de lespeé 	1155
1063	qu’il li tranche l’espaule senestre, 	quil li trence lespaulle senestre. 	1156
1064	et cil chiet a la terre 	Et cil chiet a terre 	1157
1065	qui navrez se sent a mort. 	qui naures se sent a mort 	1158
1066	Et li autre acourent 	Et li autre acueurent 	1159
1067	por lui aidier	por lui aidier. 	1160
1068	et Lanceloz lor laisse corre. l’espee traite, 	Et lancelot lor cort lespee traite. 	1161
1069	si en occist IlI. tantost a ce 	si en ocist tantost. ij. a ce 	1162
1070	qu’il les troeve desarmez; 	quil estoient desarme.	1163
1071	et li autre tornent an fuie a ce 	Et li autre tornent en fuies 	1164
1072	qu’il ont paor de morir 	quar il auoient paour de mort	1165
1073|1074	et s’an vont plus |que le pas vers la montaingne. 	et sen uont plus que le pas vers la montaigne. 	1166
1075	Et Lanceloz prant le millor des III. chevax 	Et lancelot prent le meillor dez. iij. cheuaus 	1167
1076	por ce qu’il avoit le suen perdu 	por ce |quil auoit le sien perdu. 	1168|1169
1077	et lesse les autres aler par la 	Et laisse lez autres aler la 	1170
1078	ou il vuelent; 	ou il volent. 	1171
1079	puis vient a la damoisele	Et puis sen vient a la damoisele 	1172
1080	qui ert toute esbahie 	qui ert toute esbahie 	1173
1081	dont Lanceloz pooit venir 	dont lancelot pooit uenir. 	1174
1082	et li demande: « Biaux sire, 	Si li demande biau sire. 	1175
1083	qui rescousse m’avez, estes vos Lanceloz ? » 	qui rescousse maues estes vous lancelot	1176
1084	Et il dist oil 	Et il dist oil. 	1177
1085	et oste son hiaume, 	Si oste son heaume pour ce 	1178
1086	por ce qu’ele le quenoisse mielz.	que elle le connoisse miex. 	1179
1087	Et quant ele set 	Et quant elle set 	1180
1088	que ce est il, 	que ce est il. 	1181
1089|1090	si est tant liee|que nule plus ; 	si est tant lie que nulle plus. 	1182
1091	si li giete les braz au col et li fait la greingnor joie 	Si li giete sez bras au col |et li fait la greignor e ioie 	1183|1184
1092	qu’ele puet 	que elle puet. 	1185
1093	et li demande 	Si li demande 	1186
1094	quele aventure l’a illuec amené et a quel ore. 	quele auenture la illuec amene a tel heure. 	1187
1095	Et il li conte? 	Et il li fcontel 	1188
1096	conment il avoit perdu son cheval 	comment il auoit perdu son cheual. 	1189
1097	ne ne pooit el chastel entrer, 	et comment il ne pot el chastel entrer. 	1190
1098	et	et 	1191
1099	por ce estoit il venuz souz les arbrisiaux 	por ce estoit il uenus souz lez arbrisiaus. 	1192
		Quant lancelot ot dit a la damoisele sauenture. 	1193
1100	tant que il fust jorz. » Sire, fait ele, vos ne manjastes anuit 	Si li dist la damoisele. |Oire vous ne mangastes anuit. 	1194|1195
1101|1102	ne ier par aventure. — |Vos dites voir, fait il. — 	ne hier par auenture. vous dites voir fet il . 	1196
1103|1104	Or vos dirai, fait ele, |que nos ferons. Montons sor noz chevax 	Et elle li dist. Sire or montons sor nos cheuaus. 	1197
1105	et alons chies une moie cousine 	et en alons nous chies vne moie cousine 	1198
1106	qui ci pres maint a pres de demi liue et illec trouverons a mengier et a boivre 	qui chi pres maint a mains de demie lieue. |Et illueques trouerons nous a mangier et a boire 	1199|1200
1107|1108	et biaux liz a noz voloirs. » |Et il dist 	et aurons biaus lis pou dormir. et il dist 	1201
1109	que ce velt il bien, 	que ce veult il bien 	1202
1110	car ausint ne feroient il riens illuec. 	quar aussis ne feroit il riens illuec : 	1203
1111	Quant il sont monté, 	Et quant il sont monte 	1204
1112	si tornent a destre del chemin 	si tornent a destre del chemin. 	1205
1113	et vont tant 	Si vont tant 	1206
1114	qu’il viennent a l’entree d’un petit boschet, 	quil en Vienent a vn petit plaissie	1207
1115	si voient illuec une maison batillie close de fossez 	Si trueuent illuec vne maison bateillie et close. 	1208
1116	et troevent le pont levé. La damoisele huche le portier 	et. uueuent le pont leue. |Et la damoisele huche le portier. 	1209|1210
1117	et cil 	Et cil 	1211
1118	qui bien le connoissoit ist fors em braies et an chemise, 	qui bien le connoist ist hors en braies et en chemises 	1212
1119	si avale le pont. 	et auale le pont	1213
1120	Et la damoisele li dist: « Va tost, 	Et la damoisele li dist va tost 	1214
1121|1122	si esveille ma cousine |et li di 	si esueille ma cousine. et li di 	1215
1123	que je li amaing I. chevalier 	que iou li amain vn cheualier 	1216
1124	de qui ele sera molt liee, 	de qui uenue elle sera moult lie 	1217
1125	quant ele le connoistra». 	quant elle le connistra. 	1218
1126	Cil cort por faire son conmandement 	Cils cuert faire son commandement.	1219
1127	et Lancelot entre lui et la damoisele passent le pont	Et lancelos et la damoisele passent le pont 	1220
1128	et descendent en mi la cort. 	et descendent en mi la cort. 	1221
1129	Et ne demora gueres 	Et il ne demora gaires 	1222
1130	que li sires de laienz et la dame furent revestu et apparillié; 	que li t sires et la dame furent apareilliet 	1223
1131	si issent fors de la chambre 	et issent hors de la cambre 	1224
1132	et font cierges alumer 	et font le fu alumer 	1225
1133	por veoir cler. 	por ueoir. 	1226
1134|1135	Si viennent a la damoisele |et li font trop grant joie 	et font a la damoisele moult grant ioie. 	1227
1136	et ele dist a sa cousine 	Et elle dist a sa cousine 	1228
1137	qu’ele la lest ester 	que elle le laist ester.	1229
1138	et face joie au chevalier 	et face ioie au cheualier 	1230
1139	qu’ele a amené, « 	que elle a amene 	1231
1140	car bien saichiez, fait ele, 	quar bien sachies fait elle 	1232
1141	que a plus prodome de lui ne poez vos servir. » 	que plus preudomme ne porries vous mie herbergier. 	1233
1142	Et cele demande	Et la dame li demande 	1234
1143	qui il est 	qui il est. 	1235
1144	et ele dist 	et elle dist 	1236
1145	que c’est Lanceloz del Lac. 	que cest mesires lancelot e del lac. 	1237
1146|1147	Lors li font tuit molt grant joie |et le font desarmer. 	Lors li font moult grant ioie et le font desarmer 	1238
1148	Et la damoisele dist 	et la damoisele li dist 	1239
1149	que l’an lor apareille a mengier, 	que elle face apareillier a mangier 	1240
1150	car il ne mangierent anuit, 	car il ne mangierent anuit. 	1241
1151	et li sires de laienz le dist a ses genz 	Et li sires de laiens le dist a ses sergans 	1242
1152	qui bien en firent son conmandement, 	et il firent bien son commandement. 	1243
1153	car il distrent 	Si dient	1244
1154	que tout ert prest.	que tout est prest. 	1245
1155	Si fait mestre les tables 	Si firent metre la table 	1246
1156	et mengierent 	et mangierent tant	1247
1157	tant com lor plost; 	comme il lor plot. 	1248
1158	puis s’alerent couchier 	puis alerent couchier 	1249
1159	et dormirent. Au matin J. 	et dormirent iusques a lendemain au matin |vn 	1250|1251
1160|1161	poi aprés prime se leverent cil de laienz |et demanderent a la pucele 	poi apres prime demanderent cil de laiens a la damoisele 	1252
1162	quele aventure l’avoit ersoir amenee a tele ore, 	quele auenture lauoit laiens amenee a tele heure. 	1253
1163	et cele lor conta 	Et elle lor conta 	1254
1164	conment il lor estoit avenu 	comment il lor estoit auenu . 	1255
1165	et conment I. chevaliers l’eust honnie, 	Et comment vns cheualiers leust honnie. 	1256
1166	se ne fust Lanceloz 	se ne fust lancelot 	1257
1167	qui l’an garda 	qui len garda. 	1258
1168	et li dist 	Et il dient 	1259
1169	que moult li a Diex aidié selonc les aventures 	que bien li a diex aidie. selonc lez auentures 	1260
1170|1171	qui avenues li sont. |Quant Lanceloz fu vestuz 	qui li sont auenues, Nuant lancelot fu uestus et apareillies 	1261
1172	et apparilliez, il vint en la sale 	et il vint en la sale|si salua son m ste. 	1262|1263
1173|1174	et salua son oste et dist |que bon jor li donnast Diex. « Sire, fait Lanceloz, faites moi mes armes aporter, 	Et cil dist 	1264
1175	car je ne voil plus demorer. » 	que boine auenture li doinst diex 	1265
1176	Et cil commande	Et lancelot li dist 	1266
1177	que a l’an les aport, 	quil li face aporter sez armes.|Et on li aporte. 	1267|1268
1178	mais ainz le fist mangier tout par loisir; 	mais aincois que il sarmast manga il vn poi. 	1269
1179|1180	aprés li fait baillier ses armes |et il les prant »,	et puis sarma. 	1270
1181	Ét quant il fu armez, li sires li demande 	et li sires li demande 	1271
1182	ou il velt aler 	ou il veult aler. 	1272
1183	et il dist 	Et il dist Ias al 	1273
1184	qu’il voldroit estre au chastel 	quil voldroit estre a. i. castiel	1274
1185	qui est laissus en I. montaingne. « De la aler, fait li sires, vos garde Diex ! je nel vos loeroie en nule manniere, 	qui siet en cele montaigne. |De la aler fait li sires vous gart diex. 	1275|1276
1186	car plus a de V. 	quar iou nel vous loeroie en nulle maniere. 	1277
1187|1188	anz |que chevaliers n’i pot antrer 	quar il a plus de. v. ans passes que nus cheualiers ni alast 	1278
1189	qui ne moreust ou fust emprisonnez. — 	quil ne morust |ou quil ni fust enprisones. 	1279|1280
1190|1191	Comment fu ce dont? fait Lanceloz. Il covient |que vos le me diez. — 	comment est ce i fait lancelot. dites le moi. Sire fait cil. il y a. j. an	1281
1192	Et jel vos dirai volentiers. Il a I. an 		
1193	et plus c’uns chevaliers garde l’antree 	et plus que vns cheualiers garda lentree 	1282
1194	que nus n’i antre	si que nus ni entra sans son congie. 	1283
1195	qu’il a ne conqueist par prouesce d’armes, 	Et est si preus et si poissans as armes	1284
1196	et por ce ne vos loeroie je en nule manniere a aler cele part, 	que onques homs ni pot uenir de cest pais. ne dautre |que il ne le conqueist. 	1285|1286
1197	car vos n’am porriez partir sanz bataille. — Enon Deu, fait Lanceloz, je ne lairoie en nule maniere 	Et pour chou ne lo iou mie |que vous y aillies. Enon dieu fet lancelot iou nel lairoie en nulle maniere 	1287|1288
1198	que je n’i alasse, 	que iou ni alaisse 	1289
1199	car je i perdi mon cheval ersoir ne sai en quele manniere. — 	quar iou y perdi hier soir mon cheual |si ne sai en quel maniere. 	1290|1291
1200|1201	Puis que vos avez si grant talant d’aler i, fait li chevaliers, g’irai o vos et verrai l’onor |que Diex vos fera 	puis que vous y uoles aler fait li sires iou yrai aueques vous. 	1292
1202	et vos conterai entre ci et la tel chose 	et si vous conteraitel chose entre chi et la 	1293
1203	par coi ceste bataille devroit remanoir. 	par coi vous ni deures mie combatre.	1294
1204	Lors dist a ses sergenz 	Lors dist as sergans 	1295
1205	qu’en li aport ses armes, 	que on li aport sez armes 	1296
1206	car il voldra a mon signor Lancelot faire compaingnie dusque au chastel. 	kar il uoldra a lancelot fere compaignie iusque la |ou il doit alerl et on si fist. 	1297|1298
1207	Et quant il est armez	Et il sen arma. 	1299
1208	et il sont andui monté, la damoisele dist a Lancelot: « Sire, je ai oï dire 	Et quant il sont ambedoi monte la damoisele dist a lancelot. Sire lai oi dire 	1300
1209|1210	qu’il avra I. tornoiement a Kamaalot. I serez vos ? — |Por quoi le demandez vos ? — 	quil aura. j. tournoiement a camaalot y seres vous. Damoisele fet il pourcoi le demandes vous. 	1301
1211	Por ce	pour chou sire fet elle 	1302
1212	que se je vos i cuidoie veoir, je ne lairoie en nule manniere 	que se iou quidoie |que vous y fuissies. iou ne men tenroie mie 	1303|1304
1213	que je n’i alasse. — 	que iou ni fuisse.	1305
1214	Et je vos di, faît il,	Et iou vous di fet il vraiement 	1306
1215	que g’i serai, 	que iou y serai 	1307
1216	se je sui en ma lige poesté. — 	se iou sui en ma deliure poeste 	1308
1217	Or alez 	Ore ales 	1309
1218	dont, fait ele, a Dieu, 	dont a dieu fait elle. 	1310
1219	car je vos i verrai, 	quar iou vous y uerrai 	1311
1220	se merveille n’est.» Il s’em partent maintenant. 	se merueilles nest |Lors sen partent maintenant 	1312|1313
		et lez commandent tous a dieu. 	1314
1221	Quant il sont I. poi esloingnié del chastel, 	Et quant il sont vn poi eslongie. 	1315
1222	si dist li chevaliers a Lancelot : « Sire, vos estes de la meson le roi Artu et compaingnon de la Table Reonde 	si dist li cheualiers a lancelot. Sire vous estes de la maison le roy artus. 	1316
1223	et par ce cuit je bien 	Si quit bien 	1317
1224|1225	que vos quenoissiez cels |qui en sont conpaingnon. » 	que vous connissies tous lez compaignons 	1318
1226	Et il dist 	Et il dist 	1319
1227|1228	qu’il ne repaire mie a cort moult, e |et par ce nes? 	quil ne les connoist pas tous. 	1320
1229|1230	puis je pas connoistre touz, mais les plus erranz |et cil 	mais il connoist lez plus esrans et ceuls 	1321
1231|1232	qui plus quierent aventures cuit je bien connoistre ; |et si en i a il maint 	qui plus quierent lez auentures.	1322
1233	que je ne connoiz mie, 		
1234	ce poise moi, 		
1235	car il n’en i a nul		
1236	qui assez ne soit prodom et vaillanz ».		
