0	Et Lanceloz ot toute jor chevauchié las et travilliez de ce 	ET lanc̃. ot toute ior cheuauchie. las et trauailliez de ce 	0
1|2	qu’il|ot le jor fait 	quil ot le iour fet. 	1
3	et ses chevaux se doloit si durement 	et son cheual se doloit si durement. 	2
4	que del poindre 	que del poindre 	3
5	qu’il ot le jor fait 	quil ot le iour fet 	4
6	que des petites plaies 	que des petites plaies 	5
7	qu’il avoit 	quil auoit. 	6
8|9	a |que a painnes pooit il aler 	que a poine se pooit il soustenir ne aler 	7
10	que le pas. 	que le pas. 	8
11	Lors resgarde arriere lui 	Lors regarde arriere lui. 	9
12	et voit venir. J. chevalier armé et une molt bele dame avec lui. Il le saluent, 	et uoit uenir .i. cheualier arme. et une molt bele dame. |aueuc lui. il le saluent 	10|11
13	quant il viennent pres, 	quant il uienent pres. 	12
14	et il a molt grant paor de quenoissance; 	et il a molt grant paor de connoissance. 	13
15	si respont basset 	Si respont basset	14
16	que Diex les beneie. « 	que diex le beneie. 	15
17	Biaux sire, fait la dame, 	Biaus sire fet la dame 	16
18|19	qui estes vos ? — J. chevaliers sui, |ce poez veoir. — 	qui estes uous Dame .i. cheualier . sui. ce poez ueoir. 	17
20	Si m’aïst Diex, fait ele, chevaliers estes vos tel a mon esciant 	Si mait diex fet ele cheualier estes uous. tel au mien escient 	18
21	qu’il n’a vostre pareil ou monde: 	quil na uostre pareil el monde. 	19
22	si le sai par or̈r dire et par veoir et je vos pri par la riens 	si le sai par oir dire et par ueoir. |Et ge uous pri par la riens 	20|21
23	que vos plus amez el monde	que uous plus amez el monde.	22
24	que vos hui veingniez herbergier o moi en un mien chastel 	que uous meshui ueingniez hebergier o moi. en .i. mien chastel 	23
25|26	qui ci pres est, |par couvant 	qui ci pres est. par conuent. 	24
27	que je vos mousterrai demain la plus bele riens 	que ie uous mousterrai demain. la plus bele riens 	25
28	que vos onques veissiez. » 	que rous ueisiez onques. 	26
29	Et il dist 	et il dit 	27
30	qu’il i ira volentiers par cest couvant. « 	quil ira uolenters|par cest couent. 	28|29
31	Or en venez donc, fait ele. — Alez, fait il, 	or uenez |dont fet ele alez fist il 	30|31
32	et je vos suirrai. » La dame s’an vait avant 	et ge uous siurai. |La dame sen uint auant 	32|33
33	et cil aprés 	et cil apres. 	34
34|35	qui greingnor mestier eust de repos |que de chevauchier; 	qui greigneur mester aust de repos que de cheualcher. 	35
36	si ont tant alé 	si ont tant ale	36
37	qu’il vindrent en J. valee et voient el fonz del val I. chastel bien fait et bien seant	quil uindrent en une ualee. |et uoient el fonz dun ual .i. chastel bien fet et bien seant 	37|38
38	dont li mur estoient fort et grant et menuement crenelé. 	dont li mur estoient fort et hault et menuement quarnele 	39
39	Quant il vindrent au chastel, 	quant il uindrent au chastel 	40
40	si estoit ja grant nuit 	si estoit ia grant nuit. 	41
41	et la dame apele celui 	et la dame apele celui 	42
42	qui la porte gardoit 	qui la porte porte gardoit.	43
43	et li dit 	et li dit 	44
44	qu’il ouevre la porte	quil oeure la porte. 	45
45	et cil si fait. 	Et cil si fet. 	46
46	Et il antrent anz 	Et il entrent enz 	47
47	et chevauchent dusqu’au mestre palais ; 	et cheuauchent iusques au mestre palais 	48
48	et quant cil de laienz voient 	et quant cil de laienz uoient 	49
49	que lor dame vient,	que lor dame uient. 	50
50	si li saillent a l’encontre o cierges et o tortiz, 	si li saillent a lencontte o cierges et o tortiz. 	51
51	car autrement n’i veissent pas por la nuit 	Car autrement ni ueissent il pas. |pour la nuit 	52|53
52	qui trop ert oscure. 	qui trop iert oscure. 	54
53	Si descendent la dame 	si descendent la dame 	55
54	et ele dist 	et lor dit. la dame 	56
55	qu’il ne s’entremetent de lui, « 	quil ne sentremetent de lui. 	57
56|57	mais je vos pri, fait ele, |d’onorer cel chevalier 	Mes ge uous prie fet ele donorer cest cheualier et le seruir. 	58
58|59	et de servir, |car je vos di, fait ele, 	Car bien sachiez 	59
60	qu’il est li plus prodons del monde et le millor chevalier». 	quil est li plus preudom del monde et li meilleur cheualier. 	60
61	Et le descendent maintenant 	Et il le descendent maintenant. 	61
62	et li ostent l’escu del col, 	et li ostent lescu de son col. 	62
63	puis le moinnent amont 	puis le mainent amont 	63
64	et le desarment. 	et le desarment 	64
65	Et la dame le resgarde 	Et la dame le regarde. 	65
66	et voit le vis gros et anflé 	et uoit le uis gros et enfle. 	66
67	et le nes escorchié et sanglant des cox 	et le nez escorchie |et sanglent. des i̶ cox 	67|68
68	qu’il ot donnez et receuz ; 	quil ot donnez et receuz 	69
69	si li fait aporter eve chaude a laver son col et son vis	Si li fet aporter eue chaude a lauer son cors et son uis 	70
70	qui touz estoit nerciz des mailles del haubert. 	qui touz estoit nerciz des mailles del hauberc. 	71
71|72	Et quant ele resgarde l’escu, |si dist oiant touz ceus de laienz : « 	Et quant ele regarde lescu. ele dit oiant touz cels de laienz. 	72
73	Ha, escuz,	ha: escu 	73
74	tant avez hui esté resgardez et desirrez d’estre tenuz de maîntes beles puceles! 	tant auez hui este regarde et desirre destre tenuz de mainte bele pucele. 	74
75|76	Si m’aïst Diex, |bien se puet celui vanter 	si mait diex bien se puet celui uanter 	75
77	qui vos porte,	qui uous porte. 	76
78	que onques chevalier tel merveilles ne fit en I. jor 	que onques cheualier tel merueille ne fist en .i. ior 	77
79	com a hui fait cist. 	comme cist a hu ifet. 	78
80	Et beneoiz soit Diex 	Et beneoiz soit diex. 	79
81	qui le me donna acointier,	qui le me dona trouuer. 	80
82	car il ne me poïst mie greingnor honor avenir de ce 	Car il ne me poist greignor honneur aueuir |comme de ce 	81|82
83	qu’il est venuz a mon hostel. » 	quil est uenuz en mon hostel. 	83
84	Lors entre en sa chambre et aporte robe de cendal a vestir a Lancelot; 	Lors entre en sa |chambre.et aporte robe de cendal a uestir a lanc̃.	84|85
85	et quant il est vestuz, 	Et quant il est uestuz. 	86
86	si le fait seoir 	si le fet seoir. 	87
87	et li dist: « Sire, reposez vos,	et li dit. Sire : reposez uous. 	88
88	car si maist Diex vos le devez bien faire, 	car si mait diex uous le deuez bien fere. 	89
89	car asez avez esté travilliez. » 	Car assez auez hui este trauailliez. |Et il dit 	90|91
		quil na mie grant mester de repos 	92
		car il nest laz ne trauailliez. 	93
90	Et ele conmande a cels de laienz 	Et ele commande a cels de laienz 	94
91	qu’il apareillent a mengier, 	quil appareillent a maingier 	95
92	car il en est tans 	Car il en est tens 	96
93	et il si font. 	et il si font. 	97
94	Quant il furent assis a la table, 	QUant il furenr assis a la table. 	98
95	si vint laienz I. vallez 	si uint laienz .i. uallet. 	99
96	qui dist a la dame: « Dame, mes sires est venuz. — De par Deu, fait ele, di li 	qui dist a la dame. Dame; messires est uenuz. de par dieu fet ele. 	100
97	qu’il viengne mengier 	di li |quil uiengne mengier 	101|102
98	et qu’il ne demort mie, 	et quil ne demeurt mie. 	103
99	car il a çaienz I. chevalier 	Car il a caienz .i. cheualier. 	104
100	a cui je voil	a qui ge ueul 	105
101	que il face grant joie. » Li vallez vient a son signor	quil face grant ioie. Le uallet uient a son seigneur 	106
102	et li dist ce 	et li dit ce 	107
103	que sa dame li mandoit. 	que sa dame li mandoit	108
104	Et il se desarma maintenant 	Et sil se desarma maintenant 	109
105	et ausint firent tuit li autre; 	et aussi firent tuit li autre 	110
106	si vint el palais soi disieme de chevaliers 	si uint el pales soi disieme de cheualiers. 	111
107	et la dame se leva encontre lui et ansi fist Lanceloz. 	Et la dame se leua encontre lui |et aussi fist lanc̃. 	112|113
108	Et li sires li conmande molt tost 	Et li sires li commande molt tost 	114
109	qu’il se rasiet 	quil se rassiee. 	115
110	et il si fait. 	et il si fet. 	116
111	Quant il furent assis 	quant il furent assis	117
112	et il orent un poi mengié, 	et il orent .i. poi mengie. 	118
113	si li dist la dame: « Sire, faites joie a vostre oste, 	Si li dist la dame. Sire: fetes ioie a nostre hoste. 	119
114	car bien sachiez 	Car bien sachiez 	120
115	que a plus prodome de lui ne poez vos faire honor. — Prodom, fait il, dame? 	que a plus preudome de lui ne poez uous fere honneur. Preudom; fet li sires dame	121
116	Qu’est ce	que est ce 	122
117	que vos dites ? 	que uous dites. 	123
118	Certes je ne di mie 	Certes ge ne di mie 	124
119	qu’il ne soit prodom et vaillanz. 	que il ne soit preudom 	125
120	mais il a molt a faire en I. prodome, plus 	et uaillant mes il a molt plus afere en .i. preudom 	126
121	que je ne cuidoie hui 	que ge ne quidoie hui 	127
122	matin.Si ai tant apris en cest jor d’ui 	matin.Si ai tant apris en cest iour |dui. 	128|129
123	que je cuit 	que ge cuit 	130
124	qu’il ait el monde 	que il ait el monde	131
125	que I. prodome.	que .i. preudom. 	132
126	Mais celui 	Mes celui 	133
127	que je di ai je bien hui veu esprouver entre chevaliers 	qui ge di. ai gehui si bien ueu esprouuer entre cheualiers. 	134
128	que puis que chevalerie fu establie, ne cuit je 	que puis que cheualierie. fu establie ne cuit ge 	135
129	que hons mortex feist tels merveilles 	que hom mortel feist tiex merueilles 	136
130	com il a hui faites. » 	comme il a hui fetes.	137
131|132	Lors li demande la dame |ausi 	Et lors li demande la dame aussi 	138
133	comme s’ele n’i eust mie esté: « Sire,	comme s ele ni eust pas este. Sire : 	139
134	ou fu ce 	ou fu ce 	140
135	que veistes celui chevalier 	que uos ueistes celui preudome	141
136	que vos dites ? —	que uous dites. 	142
137	Ce fu, fait il, a l’assembles le roi Baudemagu et del roi de Norgales. — 	Ce fu fet il a lasemblee del roy badem̃ et del roy de norgales. 	143
138	Ha, sire. 	Biau sire fet ele 	144
139	quiex greingnors merveilles pooit il faire 	quiex greignors merueilles pooit il fere 	145
140	que li autre faisoient ? — 	que les autres. 	146
141	Quelz, dame ? 	Quiex : dame: 	147
142|143	Ce ne vos avroie je ouan conté. |Par foi, ja Diex ne m’aïst 	fet ilz ge ne uous auroie mie dit en .i. an 	148
144	se je savoie pas raconter ce 	ce 	149
145	que je li vi faire, 	que ie li ui fere. 	150
146	ne vos ne m’en creriez mie, 	Ne ge nen seroie mie creuz. 	151
147	se je vos juroie sor sainz, 	se ge le iuroie sor sainz. 	152
148	car il vos sambleroit merveilles. » 	Car il uous sembleroit menchonge. 	153
149	Et cele cui il plest? a escouter ce 	Et cele a qui il plest molt a escouter ce 	154
150	qu’ele ot veu et meesmement devant celui 	que ele ot. et meesmement deuant celui	155
151|152	qui ce avoit fait dist au signor: « |Biau sire, 	qui ce auoit fet. Dist au seignor. 	156
153	toute voies an diroiz vos aucunnes beles jostes devant cest prodome 	Biax sire touteuoies nous en diroiz uous aucuns biaus cox. |deuant ce preudome 	157|158
154	qui çaienz est herbergiez 	qui ceainz est hebergiez.	159
155	si qu’il le sache a dire,	si quil le sache dire 	160
		quant il uendra en som pays. 	161
156	quant il venra en son païs. — Biaux cox, fait li sires, vos am puis je dire plus de M., 	Biax cox fet li sires |: uous em puis ge dire. plus de .m. 	162|163
157|158	car je l’aloie touz jorz sivant |por veoir les merveilles 	Car ge laloie ades siuant pour les merueilles 	164
159	qu’il faisoit: 	quil fesoit. 	165
160	si li vi occirre a V. cox V. chevaliers 	Si li ui occirre a .u.cox .u. cheualiers. et .u. cheuaux. 	166
161	et V. sergenz si vistement 	et si uestement 	167
162	qu’il fandoit pres que a par mi les chevax et les chevaliers et de moi meesmes vos di je 	quil fendoit tres parmi les cheualiers et les cheuaux. |Et de moi meismes. uous di ge 	168|169
163|164	qu’il fandi mon escu en I. moitiez|et trancha ma sele 	quil fendi mon escu. et ma sele trencha en .ii. monitiez parmi. 	170
165	et coupa mon cheval par mi les espaules,	et mon cheual trencha parmi les espaulles tout a .i. seul cop. 	171
166	et tot a J. sol cop. — Sire, fait la dame, 	En non dieu dist la dame.	172
167	dont ne cuit je mie 	dont ne uolsissiez uous mie 	173
168	que vos receussiez l’autre cop. — Je, dame ? fait li sires. 	quil recourast lautre cop. Ie: dame. fet il. 	174
169	Qu’est ce 	que est ce 	175
170	que vos dites ? 	que uous dites. 	176
171	Si m’aïst Diex, je n’atandisse l’autre cop por toute la terre le roi Artu,	Si mait diex. ge nen atendisse .i. autre cop de sa main. pour toute la terre le roy artur. 	177
172	car aprés s’espee ne me couvenist il ja mire fors la mort,	car apres le cop de sespee ne couient il ia mire fors la mort. 	178
173	ne il n’a mie au mien esciant home si hardi el monde,	Ne il na mie a mon escient si hardi home el monde. 	179
174	s’il avoit hui veu ce 	se il auoit ueu ce 	180
175	qu’il avoit fait, 	quil a hui fet. 	181
176	que jamais l’atandist a cop.» 	qui iames latendist a cop. 	182
177|178	Et la dame s’ancommance a rire. « |Encore vos dirai je greingnors merveilles, fait li sires, 	Et la dame en commence a rire. Encor uous dirai ge fet li sires greignors merueilles. par mon chief ge li ui abatre .ui. cheualiers. dun sol retroux de lance.	183
179	que je li vi abatre a J. retrous de lance IIIl. chevaliers : 		
180	ce ne fist onques ne home ne deables. — 	Et ce ne fist onques ne hom. ne dyables . 	184
181	Or me dites, fait la dame, 	Or me dites. sire fet la dame 	185
182	que feriez vos,	et que feriez uous 	186
183	se vos teniez celui en vostre ostel ? — 	se uous auiez aussi preudome hebergie. en nostre hostel. 	187
184	Certes, dame, fait il, 	par dieu fet il dame.	188
185	se la force en estoit moie, il ne se partiroit ja de moi, 	se la force en estoit moie . 	189
186	ainz le tandroie avec moi, 	iames de ceainz nistroit ainz le tendroie auecques moi. 	190
187	car plus riche tresor ne porroie je mie tenir. — 	car plus riche tresor ne porroie ge tenir.	191
188	Et s’il i avoit, fait la dame, esté en tel manniere 	Et se il y auoit este fet la dame en tele maniere	192
189	que vos nel conneussiez, 	que uous nel conneussiez. En tel maniere dame 	193
190|191	que feriez vos ? — Je n’avroie jamais joie, fait il ; |et s’il le savoient	fet il. Ie nauroie iames ioie. 	194
192	et il nel me disoient, il n’am porroient eschaper sanz mort. — En non Dieu, fait ele, 	Et se cil de mon hostel le sauoient. il nen porroient eschaper sanz mort. |sil ne le me fesoient assauoir. En non dieu sire fet ele 	195|196
193	donc nel vos celerai je plus, 	dont nel uous celerai ge plus. 	197
194	ainz le vos dirai, 	ainz le uos dirai. 	198
195|196	car je ne voil mie avoir vostre haine. |Si saichiez 	Car ge ne uoil pas auoir uostre hayne. Sachiez 	199
197	que ce est cil prodom 	qui ce est cil preudome 	200
198	qui delez vos siet. » 	que uous dites. moustrez moi 	201
199	Et il le resgarde. « Monstrez moi, fait il, son escu, 	fet il son escu. 	202
200	car par ce le connoistrai je bien. » 	Car par ce le connistrai ge bien. 	203
201	Et ele conmande 	Et ele commande. 	204
202	que l’an li aport. « Dame, dame, fait Lanceloz vos me dites ore tant de honte en vostre ostel 	que len li aport. Lescu dame: fet lanc̃. uous me ferez tant de honte en uostre hostel 	205
203	comme vos voldrez; 	comme il uous plera. 	206
204	mais se je quidasse 	mes se ge cuidasse	207
205	que vos fussiez si pooir 	que uous fussiez si uilame. |que ge ni fusse anuit entrez pour pooir 	208|209
206	que vos eussiez. — 	que uous eussiez. 	210
207	Ha, sire, faît la dame, poise il ja plus parlé, 	Ha: sire fet la dame. tenez uous ceste chose a mesprison. Dame: oil certes. sire fet ele donc nen sera il ia plus fet. 	211
208	puis qu’il vos poise, 	puis que il uous em poise. |Et sachiez	212|213
209	et sachiez que honor. » 	que ge le fesoie par amors. |et uous quidoie fere grant honneur.	214|215
210	Lors s’en vait li sires en une chambre connoist bien 	Et lors se lieue li sires |et uet en la chambre. 	216|217
211	et en a trop grant joie. 	ou li escuz pendoit. 	218
212	Lors revient est touz suens a faire son commandement; 	Et si tost. |comme il le uoit 	219|220
213	et il l’an 	si le connoist bien. |Si en a trop grant ioie. 	221|222
214	Cele nuit fu couchiez a aise, 	Et sen uient a lanc̃. |et li fet trop grant ioie. 	223|224
215	si se reposa, 	et li dit 	225
216|217	car Quant il fu esvilliez, |si estoit ja li soulaux granz piece fresche et nouvele 	qu il est tout sien 	226
218|219	et il la prant et la vesti. |Quant il mengiers aprestez. 	a fere son commandement. 	227
220	Quant il orent mengié et les tables li prie 		
221|222	qu’il remaingne huimés |et il dist 	et il len mercie. 	228
223|224	qu’il ne le montez el |cheval, il prant son escu 	CEle nuit fu lanc̃. conchie a aise. 	229
225|226	et demande l. glaive « Dame, vos souvient il del couvenant |que nos eusmes vos pri je, fait il 	Car assez estoit laz et trauailliez.	230
227	que vos vos en aquitoiz 	si se dormi 	231
228|229	si com vos vilainne, je ne fusse anuit entrez en vostre hostel |por vos il donques ? — Dame, oîl certes. — 	et reposa iusques a lendemain uerz prime. 	232
230	Dont n’an sera je le faisoie par amors 	Et quant il se fu esueilliez. 	233
231|232	et vos quidoie faire grant |ou li escuz estoit, 	si estoit ia li soleus leuez grant piece auoit. 	234
233|234	et si tost com il l’a veu, |si le arriere 	Et la dame li ot appareillie deuant son lit. une robe de lin blanche et deliee. 	235
235|236	et fait Lancelot trop grant feste |et dist 	Et quant il se fu uestuz et appareilliez. 	236
237	qu’il mercie molt. 	et il ot oi messe. 	237
238	assez estoit las et travilliez,		
239|240	et dormi dusque vers prime. avoit levez a; |et la dame li ot apparillié robe de lin fu vestuz et aparilliez 	si fu li mengier appareilliez. 	238
241	et il ot oi messe, 	Et|quant il orent mengie 	239|240
242	si fu li furent levees, Lanceloz demande ses armes 	et les tables furent leuecs. il demande ses armes. |Et li sires. li prie 	241|242
		que il remaingne huimes. 	243
243	et li sires feroit en nule manniere. 	Et il dist |quil ne remaindroit en nule maniere. 	244|245
244	Et quant il est touz armez	Et quant il est armez	246
		et montez seur son cheual. il demande .i. glaiue. 	247
245	et et l’an li aporte. 	et len li aporte. 	248
246	Lors dist a la damoisele de laienz: entre moi et vos ? — Sire, fait ele, ofl bien. — Dont devez faire. » 	Lors dist a la dame de laienz. Dame uous souuient il del conuent |qui est entre moi et uous. Sire fet ele oil bien. 	249|250
		Dont uous pri ge fet il 	251
		que uous uus en aquitiez uerz moi. 	252
		Si comme uous le deuez fere 	253
247	Et ele dist 	Et ele dist 	254
248	que si fera ele volentiers.	que|si fera ele uolentiers. 	255|256
249	Lors fait enseler J. palefroi 	Et lors fet enseler .i. palefroi. 	257
250	et dist a I. vallet 	et dist a .i. uallet 	258
251	qu’il la sive. « Dame, fait il, 	quil la siue. 	259
252	ou devez vos aler ? — Sire, je manrai cest seignor a Corbenic 	Et li sires dist dame ou deuez uous aler. Sire fet ele ge merrai cest seigneur a cornebinc.	260
253	que je li ai en couvant a monstrer la plus bele riens del siecle. — Alez donc, fait li sires, 	Car ge li ai en couenant a mostrer la plus bele riens du siecle. |alez donques fet il. 	261|262
254	et pensez dou revenir. » 	et pensez de reuenir. au plus tost fet ele |que ie porrai. 	263|264
255	Ele se part atant de laienz 	Et ele sem part atant. 	265
256	et aquielt sa voie ou Lanceloz, 	et aqueult sa uoie auec lanc̃. 	266
257	si fu molt bien enmuselee por le souleil 	et se fu molt bien enuolopee pour le soleil 	267
258	qui mal ne li feist. 	qui chaut estoit. 	268
259	Einsi chevauchent dusque aprés none tant 	EInssi cheuauchent iusques a nonne. 	269
260	que il viennent en une valee 	tant que il uindrent en une ualee. 	270
261	et voient devant aux el fonz del val J. petit chastel molt bien seant, 	Et uoient deuant els el fonz dun ual .i. chastel petit molt bien seant de toutes choses. 	271
262	car il est clos tout entor d’eve parfonde et de bons murs batilliez. 	Car il est clos tout entor deue roide et parfonde. |et de murs batailliez.	272|273
263	Quant il vindrent pres, 	Et quant il uiennent 	274
264	si encontrerent une damoisele 	pres.Si encontrent une pucele desus .i. palefroi. 	275
265	qui dist a la dame : « Dame, 	qui dist a la dame Dame. 	276
266	ou menez vos cel chevalier? » 	ou menez uous cel cheualier. 	277
267	Et ele dist : A Corbenic. — Voire, dame, fet la pucele, en non Deu, donc ne l’amez vos gueres, 	et ele dist a corbeuie. uoire : dame fet ele. |En non dieu 	278|279
		dont ne lamez uous gueres. 	280
268	car vos l’amenez en tel leu 	car uous alez en tel lieu 	281
269	dont il ne puet partir sanz honte et sanz domage. » 	dont il ne puet partir sanz honte et sanz |domage.Si fera fet la dame se dieu plest. 	282|283
270	Tant ont alé 	TAnt ont ale 	284
271	qu’il viennent au chastel 	quil uindrent au chastel. 	285
272	et troevent le pont 	Et trueuent le pont de fust 	286
273	par ou on	par ou len passoit. 	287
274	passoit,si entrent enz, 	si entrent enz. 	288
275	et quant il viennent en la maistre rue, 	Et|quant il uindrent en la mestre rue. 	289|290
276	si li conmance l’an a dire: « Sire chevaliers, la charrette vos atant. » 	Si commencent a dire li .i. |et li autre a lanc̃. Sire cheualier. la charrete uous atent.	291|292
277	Et il respont basset 	Et il dist basset 	293
278	que s’il li couvient entrer, ce n’est? pas la premiere foiz 	que il le couient entrer en la charrete. ce niert mie la premiere foiz 	294
279	qu’il i a antré. 	quil y estoit entrez. 	295
280	Et il chevaucherent toutes voies tant 	Si cheuauchent touteuoies 	296
281	qu’il aprochierent de la maistre tor ; 	tant quil aprochent de la mestre tour. 	297
282	si la prise molt, 	Si la prise molt lanc̃. 	298
283	car c’est la plus bele et la plus fort 	Car ce est la plus riche et la plus et la plus bele 	299
284	qu’il onques veist a son esciant. Il resgarde sor destre 	que il onques mes ueist de son grant. |Et il regarde sor destre 	300|301
285	et ot une voiz de fame assez pres de lui, 	et ot crier une fame assez pres de lui celi ert auis. 	302
286	ce li ert avis. Il vet cele part 	Et il point cele part 	303
287	et voit 	et regarde et uoit. 	304
288	que c’ert la damoisele 	que ce est la damoisele 	305
289	que mes sires Gauvain vost geter de la cuve, 	.que. Messires .G. uolt giter de la cuue. 	306
290	mes il he pot, 	Mes il ne pot. 	307
291	et ele crioit: « Sainte Marie, 	Et ele crie. sainte marie. 	308
292	qui me getera de ci ?, 	qui me getera de ci. 	309
293	Et quant ele voit venir Lancelot, 	Et quant ele uoit lanc̃. 	310
294|295	si dist: « |Ha sire, getez moi de ceste eve 	si li dist. Sire cheualier. ostez moi de ceste eue 	311
296	qui m’art !» Il vient a la cuve 	qui toute mart. |Et il uient a la cuue. 	312|313
297	et la prant par les braz 	si la prent par la main. 	314
298	et la met fors, 	et la met hors. 	315
299	Et quant ele se voit delivre, 	Et quant ele se uoit deliuree. 	316
300	si li chiet as piez 	si li chiet aus piez. 	317
301|302	et li baise la jambe |et le soler 	Et li bese la iambe et le soller. 	318
303	et li dist: « 	et li dist.	319
304	Ha, sire, beneoite soit l’eure 	Ha: sire beneoite soit leure 	320
305	que vos fustes nez, 	que uous fustes nez. 	321
306	car vos m’avez gité de la greingnor dolor ou fame fust onques. » 	Car uous mauez ostee de la greigneure doleur. |ou fame fust onques. 	322|323
307	Mais maintenant conmance la sale a emplir de dames et de chevaliers 	Maintenant commence la sale a emplir de dames et de cheualiers. 	324
308	et si assemblent tuit cil de la vile por veoir la damoisele 	Et si assemblent tuit cil du chastel |pour ueoir la merueille. 	325|326
309	et la mainnent en une chapele 	Et uestent la damoisele et lamoinent a une chapele. 	327
310	por randre graces a Nostre Seingnor. 	pour rendre graces a nostre seignor. 	328
311	Lors moinnent Lancelot en I. cimetiere desouz la tor 	Et lors moinent lanc̃. en .i. cimetiere. |qui illec deiouste estoit. 	329|330
312	et li monstrent I. tombe molt riche 	et li moustrent une tombe molt riche. 	331
313	ou il avoit lestres escrites 	ou il auoit lectres escriptes. 	332
314|315	qui disoient: « |Ja ceste tombe ne sera levee devant 	Qui disoient. ia ceste tombe. ne sera leuee par home. 	333
316|317	que li lieparz i mestra main, |de qui li granz lions doit issir,	deuant que li liepart dont li granz lyons istra metra la main. 	334
318	et cil la levera legierement, 	Et cil la leuera legierement.	335
319	et lors sera engendrez li granz lions en la bele fille au roi de la Terre Forainne. » 	Et lors sera engendrez li granz lyons. en la bele fille au roy de la terre foraine. 	336
320	Quant il a les lestres leues, 	Et quant il a les letres leues	337
321	si n’entant pas 	Si nentent mie ce 	338
322	qu’eles vuelent dire et cil 	que eles ueulleut dire. |Et cil 	339|340
323	qui entor lui sont li dient: « Sire, nos cuidons bien	qui sont eutour li dient. Sire nous cuidons bien. 	341
324	que ce soiez vos 	que ce serez uous de	342
325	dont ces letres parolent, 	qui ces letres parolent. 	343
326	car nos savons bien par la damoisele 	Car nous le sauons bien par la damoisele	344
327	que vos avez delivree 	que uous auez deliuree 	345
328|329	que vos estes li mieldres chevaliers de touz cels |qui or sont. — 	que uous estes li mieldres cheualiers. del monde.	346
330	Que volez vos 	Et que uolez uous fet il 	347
331	que je face? Je sui pres de faire totes voz volentez. — Nous volons. font il, 	que ie face. Ie sui touz prez de fere uos uolentez. |et nous uolons font il. 	348|349
332	que i vos levez ceste tombe 	que uous ceste tombe leuez. 	350
333	et veoiz 	et uoiez 	351
334	qu’il a desouz. » 	quil a dedenz. 	352
335	Et il met la main au plus gros chief et la lieve trop legierement 	Et il met la main au gros chief. |Et la lieue trop legierement. 	353|354
336	et voit dedenz le plus hideuz serpent et le plus felon par samblant 	Et uoit dedenz le plus hisdeus serpent et le plus felon par semblant 	355
337	dont il oïst onques parler. 	dont il onques oist parler. 	356
338|339	Et|quant il voit Lancelot, 	Et aquant il uoit lanc̃. 	357
340	si li gete feu si ardant 	si se dresce|Si li rue parmi la gueule feu ardant. 	358|359
341	qu’il li brule tout son haubert et ses armes 	si quil li brulle tout son hauberc et ses armes 	360
342	et se lance fors de la tombe en mi le cimetiere 	et se lance hors de la fosse. enmi le cimetiere. |et commence a giter feu 	361|362
		et flambe parmi la bouche. 	363
343	si que li arbrisel 	Si que li arbres 	364
344	qui dedenz estoient conmencierent a ardoir por l’ardeur dou feu. 	qui estoient el cimetiere commenciere commencierent a ardoir de langoisse del feu. 	365
345	Et cil de laienz tornent en fuie 	Et cil de laienz sen fuirent pour la dolor del feu. 	366
346	et montent as fenestres en haut 	et monterent aus fenestres en hault .	367
347	por veoir 	pour ueoir 	368
348	conment il sera 	comment il sera. 	369
		Et gietent a lanc̃. son escu et son glaiue 	370
349	et Lanceloz gete son escu l devant son vis, 	et il le prent. |Et met lescu deuant son piz.	371|372
350	puis s’adresce cele part 	puis sadresce cele part 	373
351	ou il vit le serpent comme cil 	ou il uoit le serpent comme cil 	374
352	qui ne doute aventure 	qui ne doute |auent᷑e 	375|376
353	qui avenir li puisse. 	qui auenir li puisse. 	377
354	Et li serfald]panz li giete feu envenimé 	Et li serpent li giete feu enuenime. 	378
355	si qu’il li art son escu par defors 	si que il li art son escu par dehors. 	379
356	et Lanceloz le fiert par mi le piz del glaive 	Et lanc̃. le fiert parmi le piz del glaiue. 	380
357	si qu’il li met el cors et fer et fust. 	si quil li met el cors et fer et fust. 	381
358	Et il conmance a batre a la terre de ses eles comme cil 	Et cil commence la terre a batre de ses eles. |comme cil 	382|383
359	qui est navrez a mort, 	quil ert naurez a mort. 	384
360	et ll met la main a l’espee 	Et il met la main a lespee 	385
361	et li donne grant cop la	et li donne granz cox. la	386
362	ou il le puet ataindre 	ou il le puet ataindre. 	387
363	tant qu’il li fait le chief voler.	tant quil li fet le chief uoler.	388
364	Lors viennent? avant li chevaliers 	Et lors uienuent auant li cheualier. 	389
365|366	qui ja estoit armez |por aidier a Lancelot; 	qui ia estoient arme pour aider. a lanc̃. 	390
367	et quant il voient 	Et quant il uoient 	391
368	qu’il l’a ja occis, 	quil la ia ocis. 	392
369	si le reçoivent a grant joie 	si le retornent a grant ioie. 	393
370	et conmancent li sain a sonner. 	Et commencent tuit li saint a sonner. 	394
371	Maintenant viennent laienz chevaliers, dames et damoiseles tant 	Maintenant uiennent laienz cheualiers et dames et damoiseles. 	395
		tant que ce nest se merueille non. 	396
		Si font a lancelot si grant honneur 	397
372	que ce n’est se merveille non a	que ce nest se merueille non. 	398
373	et li dient 	Et li dient 	399
374	que bien soit il venuz sor touz ceaux dou monde ; 	que bien soit il uenuz sor touz cels del monde. 	400
375	si le moinnent el maistre palais 	Si le mainent el mestre pales 	401
376	et le desarment. A cels paroles issi de laienz J. granz chevalier. 	et le desarment. A Ces paroles issi dune chambre .i. grant cheualier. 	402
377	et amenoit o lui grant compaingnie 	et menoit o lui grant compaignie. 	403
378	et estoit I. des plus biaux hom 	Et estoit .i. des plus biaux cheualiers. 	404
379	que Lanceloz eust onques veu, 	que lanc̃. eult ueuz. 	405
380	puis qu’il parti de Kamaalot, 	puis quil parti de kamaalot. 	406
381	et molt resambloit bien gentil home. 	Et molt resembloit bien gentil home. 	407
382	Et quant cil de laienz le voient venir, 	Et quant cil de laienz le uoient uenir 	408
383	si se lievent encontre lui 	si se lieuent encontre lui. 	409
384	et dient a Lancelot: « Sîre, veez ci le roi	Et dient a lanc̃. Sire uesci le roy 	410
385	qui vient. » 	qui uient. 	411
386	Lors se dresce Lanceloz 	Lors se dresce lanc̃. 	412
387	et dist 	et li dit 	413
388	que bien soit il venuz 	que bien soit il uenuz. 	414
389	et il li rant son salu 	Et il li rent son salu. 	415
390	et li gete les braz au col 	et li giete les braz au col 	416
391	et li dist: « Sire, 	et li dit. Sire 	417
392	tant vos avons desirré a veoir et a avoir 	tant uous auons disirre a ueoir|et a auoir 	418|419
393	que Deu merci or somes nos saisi de vos. 	que dieu merci or sommes sesis de uus. 	420
394	Et sachiez 	Et sachiez 	421
395	que nos en avions grant mestier, 	que nous en auions grant mestier. 	422
396	car tant a esté nostre païs deserté et essillié et li povre home perdu lor gaingnage 	Car tant a este nostre pays deserte et essillie |Et li poure home perdu lor gaaingnage : 	423|424
397	qu’il ert des ores mais bien droit, 	quil ert desormes bien droiz. 	425
398	s’il plest a Nostre Seingnor, 	sil plest a nostre seignor 	426
399	que lor pertes soient restorees 	que lor pertes soient restorees. 	427
400	et lor biens restabli 	Et lor biens restabliz 	428
401	dont il ont esté grant piece soufraiteux. » 	dont il ont este grant piece souffreteus. 	429
402	Lors s’asiet li uns delez l’autre 	Lors sassiet li uns delez lautre. 	430
403	et li demande li rois 	et demande li rois 	431
404	dont il est 	dont il est. 	432
		et comment il a a non. 	433
405	et conment il a non. — Lancelot del Lac, fait il. — 	Et il dit |quil a a non lanc̃. del lac. 	434|435
406	Or me dites, fait li rois, li rois Bans, li prodom 	Or me dites fet li rois. li rois ban. 	436
407	qui morut de duel, ne fu il vostre peres? — Sire, fait Lanceloz, oïl. — 	qui preudons estoit |qui morut de duel. ne fu il uostre pere. Sire fet lanc̃. oil. 	437|438
408	Par foi, fait li rois, 	par foi fet li rois. 	439
409	dont sui je touz aseur 	dont sui ie tout asseur. 	440
410	que par vos ou par chose 	que par uous. ou par chose 	441
411	qui de vos istra sera cil pais delivrez des estranges aventures 	qui de uous istra sera cist pays deliurez des estranges auentures.	442
412	qui i aviennent jor et nuit. » 	qui y auiennent iour et nuit . 	443
413	Lors vint avant une dame de si grant aage 	LOrs uint auant une dame. De si grant aage 	444
414	que bien pooit avoir C. anz;	que bien pooit auoir .C. anz. 	445
415	si apele le roi, 	Si apele le roy. 	446
416	si li dist: « Sire, je voil a vos parler. » Li rois se part de Lancelot 	et li dit. Sire ie uoil parler a uous. |Et li rois se part de lanc̃. 	447|448
417	et commande a ses chevaliers 	et commande a sses cheualiers. 	449
418	qu’il li facent compaingnie 	quil li facent compaignie. 	450
419	et il dient 	Et il dient 	451
420	que si feront il. 	que si feront il. 	452
421	Lors s’en vait o la dame en une chambre a et ele li dist, 	Lors sen uet o la dame en une chambre. |Et ele li dit 	453|454
422	quant il fu assis: « Sire, 	quant il fu assis. Sire 	455
423	que porrons nos fere de cest chevalier 	que porrons nous fere de cest cheualier. 	456
424	que Diex nos a amené ? — Je ne sai, fait il, 	que diex nous a amene. Ie ne sai fet il. 	457
425	que l’an an doie faire 	que len en doie fere fors 	458
426|427	fors qu’il avra ma fille a faire sa volenté. — |An non Dieu, fait la dame, je sai bien 	quil aura ma fille a faire sa uolente. En non dieu fet la dame. ge sai bien. 	459
428	qu’il ne la voldra mie panre, 	quil ne la uoldra mie prendra 	460
429	quant l’an li offerra, 	quant len li offerra. 	461
430	car il aimme tant la roine, la fame le roi Artu, 	Car il aime tant la royne la fame le roy artur 	462
431	qu’il ne voldroit avoir nule autre, 	quil ne uoldroit auoir nule autre. 	463
432	et par ce couvandra il	Et par ce couendra il 	464
433	que Pan le face si saigement 	que len le face si sagement. 	465
434	qu’il ne s’en aperçoive. — 	quil ne sen apercoiue. 	466
435	Or an esploitiez, fait li rois, 	or en esploitiez fet li rois. 	467
436	si com vos voudrez, 	si comme uous uoudrez.	468
437	car il covient	Car il couient 	469
438	qu’il soit fait. — 	quil soit fet. 	470
439	Or ne vos entremetez plus, fait la dame,	Or ne uous en entremetez plus fet la dame. 	471
440	car j’en vendrai bien a chief. » 	Car gen uendrai bien a chief. 	472
441	Lors entre li rois en la sale 	Lors entre li roys en la sale 	473
442	et vient a Lancelot 	et uient a lanc̃. 	474
443	por faire lui compaingnie; 	pour fere lui compaignie.	475
444	si parolent li uns a l’autre 	si parole li uns a lautre 	476
445	et s’entracointent au plus bel 	et sentracointent au plus bel 	477
446	qu’il pueent. 	que il pueent. 	478
447	Si li demande Lanceloz 	si li demande lanc̃. 	479
448	conment il a non 	comment il a a non. 	480
449	et il dist 	Et il dit 	481
450	que l’an l’apele Pellés de la Terre Foreinne. Endementres 	que len lapele pelles de la terre foraine. ENdementiers 	482
451	qu’il parloient einsi, 	quil parloient einssi. 	483
452	si resgarde Lanceloz 	si regarde. lanc̃. 	484
453	et voit laienz entrer par une fenestre le coulon 	et uoit laienz entrer le colomb 	485
454	que mes sire Gauvain. avoit veu autre foiz 	que misire .G. auoit ueu autre foiz. 	486
455	et portoit en son bec I. encensier d’or molt riche. 	Et portoit en son bec .i. encencier dor molt riche. 	487
456	Et si tost com il fu laienz entrez,	Et si tost comme il fu laienz entrez	488
457	si fu li palais repleniz de totes les bonnes odors 	si fu li pales raempliz de toutes les bones odors. 	489
458	que cuers d’ome porroit penser. 	que cuer porroit penser. 	490
459	Et lors se turent par laienz, 	Et lors se turent tuit par laienz. 	491
460	qu’il n’i ot celui 	quil ni ot cil 	492
461	qui mot deist, 	qui mot deist. 	493
462	ainz s’agenoillierent, 	Ainz sagenoillent 	494
463	quant il virent le coulon venir.	quant il uirent le colomp uenir.	495
464	Et il entra maintenant en une chambre. 	Et il entra maintenant en une chambre. 	496
465	Lors saillent li sergent et metent les napes sus les dois, 	Lors saillent li seriant et metent les napes sus les doiz. 	497
466	si s’asieent li un et li autre 	si sassient li un et li autre. 	498
467	sanz ce 	sans ce 	499
468	que nus i deist mot 	que nus i deist mot. 	500
469	ne nus n’i fu apelez. 	ne nus ni fu apelez. de ceste chose. 	501
470	De ceste chose se merveille molt Lanceloz, 	se merueille molt lancelot. 	502
471	si fait autel come li autre 	si fet autel comme li autre 	503
472	et l s’asiet devant le roi 	Et sassiet deuant le roy. 	504
473	et voit 	Et uoit 	505
474	qu’il sont tuit em prieres et en oroison 	quil sont tuit em proieres et en orisons. 	506
475|476	et il fait autel |comme li autre font. 	et il fet autel comme li autre font. 	507
477	Aprés ce qu’il furent assis ne demora gueres 	APres ce |quil furent assis ne demora gueres 	508|509
478	qu’il vit issir d’unne chambre une damoisele 	quil uirent uenir dune chambre la damoisele 	510
479	que mes sire Gauvain ot tant resgardee,	que monseignor .G. ot tant regardee. 	511
480	si fu si bele et si avenanz de toutes choses 	si fu si bele et si auenant de toutes choses. 	512
481	que Lanceloz meesmes dist bien 	que lanc̃. meismes dist bien. 	513
482	que onques mais a fame ne vit si grant biauté, 	que onques mes en fame ne uit si grant biaute. 	514
483	se ne fu en sa dame la roine 	se ne fu en sa dame la royne. 	515
484	et dist 	Et dist 	516
485	que voir li disoit cele 	que uoir li dist cele 	517
486	qui laienz l’avoit amené. Il resgarde le vessel	qui laienz lauoit amene. il regarde le uessel. 	518
487	que la damoisels tenoit entre ses mains 	que la damoisele tenoit entre ses .ii. mains. 	519
488	qui est li plus riches a sou esciant 	qui est li plus riche a son escient 	520
489	qui onques fust veuz par home mortel 	qui onques fust ueu. par home mortel. 	521
490	et estoit fait en samblant de galice : 	Et estoit fez en semblance de galice. 	522
491	si li est avis, 	Si li est auis 	523
492	et bien le croit, 	et bien le croit	524
493	que ce soit sainte chose et dingne; 	que ce soit sainte chose. et digne. 	525
494	si conmança les mains a joindre encontre et a encliner le piteusement. 	si commence a ioindre les mains encontre. |et a encliner le piteusement. 	526|527
495	Et ausi com la dame passoit? par mi les dois s’agenoille chascuns devant le saint vessel 	Einssi comme la damoisele passoit parmi les dois. sagenoille chascun deuant le saint uaissel. 	528
496	et il si fait ausi. 	et il si fet aussi. 	529
497	Maintenant furent les tables raemplies de touz les biax mengiers 	maintenant furent les tables raempliees de touz les biaus mengers	530
498	que l’an savroit deviser 	que len sauroit deuiser. 	531
499	et li palais fu raempliz de si bonnes oudors 	et li pales fu raempliz de si bones odors. 	532
500	com se toutes les bonnes espices i fussent del monde espandues. 	comme se toutes les espices del monde i fussent espandues. 	533
501	Quant la damoisele fu une foiz alee par les dois. 	quant la damoisele fu une foiz alee par les dois 	534
502	si s’an torne droit a la chambre 	si sen retorne droit a la chambre 	535
503	dont ele estoit venue. 	dont ele estoit uenue. 	536
504	Quant ele s’an fu alee, li rois Pellés dist a Lancelot: « 	et quant ele sen fu alee. li rois pelles dist a lanc̃. 	537
505	Certes, sire, je avoie molt grant paor 	Certes sire ge auoie molt grant paour 	538
506|507	que la grace Nostre Seingnor ne fausist a cest cop tot |ausi 	que la grace nostre seignor fausist a cest cop. aussi 	539
508	com ele fist avant ier, 	comme ele fist auant ier. 	540
509	quant mes sire Gauvain fu çaienz. » — 	quant monseignor .G. fu caienz. 	541
510	Biau sire, fait Lanceloz, il n’est mie mestier que Nostre Sires 	Biau sire fet lancelot il nest mie mestier. qe nostre sires 	542
511	qui tant est debonnaires soit toz jorz couroueiez a ses pecheors. » 	qui tant est debonaires. |soit touzdiz correciez a ses pecheors. 	543|544
512	Quant li rois ot mengié par loisir, 	quant il orent maingie tout par loisir. 	545
513	si leverent les napes 	si leuerent les napes. 	546
514	et li rois demande a Lancelot 	Et li rois demande a lanc̃. 	547
515	qu’il li samble del riche vesse! 	quil li semble del riche uessel 	548
516	que la damoisele aporta. « Il me samble, fet il, 	que la damoisele aporta. Il me semble fet il. 	549
517|518	que de damoisele ne vi je onques si bele; |de dame ne di je mie.» 	que damoisele. ne ui ge onques si tres bele. de dame ne di ge mie. 	550
519	Quant li rois entant ceste parole, 	Quant li rois ot ceste parole 	551
520	si pense tantost a ce 	si pense tantost a ce 	552
521	qu’il ot oï de la roine Genievre 	quil ot oi de la royne genieure. 	553
522	et bien croit 	Et bien croit 	554
523	que ce soit voirs 	que ce soit uoir de ce 	555
524|525	que l’an li|ot dit. 	que len li ot dit. 	556
526	Si vient a Brisane, la mestresse sa fille, cele 	Si uient a brisanne la mestresse sa fille cele	557
527|528	qui devant avoit |a lui parlé, 	qui deuant auoit a lui parle. 	558
529	et li conte ce 	et li conte ce 	559
530	qu’il ot respondu de sa fille. « Sire, fait ele. iel disoie bien. 	quil ot respondu de sa fille. Sire fet ele ge le disoie bien. 	560
531	Or m’atandez l. poi 	Or uus atendez .i. poi. 	561
532	et je irai a lui parler. » Ele vient a Lancelot 	et girai a lui parler. |Et ele uient a lanc̃. 	562|563
533	et li conmance a demander noveles del roi 	et li commence a demander noueles del roy. 	564
534	et li dist teles 	Et il li dit teles 	565
535	com il les set de la roine. « Sire, fait ele, ce ne vos demant je mie, 	comme il les set. |De la royne sire fet ele ne uous demant ge mie. 	566|567
536	qu’il n’a gueres 	Car il na gueres 	568
537	que je la vi sainne et joieuse. » 	que ie la ui. saine et ioieuse 	569
538	Et il tressaut touz de joie, 	Et il tressaut touz de ioie de ce 	570
539	quant il l’oit parler ; 	quil en ot parler. 	571
540	se li demande 	Si li demande. 	572
541|542	ou ele la vit. « Sire, fait ele, |ci pres a Il. liues 	ou ele la uit. Sire fet ele ci pres a .ii. lieues 	573
543	ou ele gerra anuit. — Dame, fait il, vos me gabez! — 	ou ele gerra anuit. Dame: fet il uous me gabez. 	574
544	Si m’aïst Diex, fait ele, no fas; 	Si mait diex sire non faz.|Et pour ce 	575|576
545|546	et por ce que vos m’en creoiz mielz, venez o moi |et je la vos monsterrai. — 	que uous men croiez miex. uenez o moi et ge la uous mousterrai. 	577
547	Certes, dame, fait il, volentiers. » 	Certes dame fet il uolentiers. 	578
548	Lors envoie querre ses armes 	LOrs enuoie querre ses armes. 	579
549	et cele vait? endementres au roi 	Et cele uient endementiers au roy. 	580
550	qui l’atandoit en la chambre. Il li demande 	qui latendoit en la chambre. il li demande 	581
551	conmant ele a esploitié. « Faites tost, fait ele, vostre fille monter 	comment ele a esploitie. fetes tost fet ele uostre fille monter 	582
552	et l’anvoiez a la Quasce au plus tost 	et lenuoiez a la quase le plus prochain chastel	583
553	que vos porrez, 	que uous aiez. 	584
		Et la fetes couechier el plus riche lit 	585
		que len porra fere. 	586
554	et je irai aprés entre moi et Lancelot 	Et ge irai apres moi et lanc̃. 	587
555	et li ferai antandant, 	Et li ferai entendant 	588
556	quant nos serons la,	quant nous serons la. 	589
557	que ce est la roine. 	que ce est la royne. 	590
558	Et je ai aparillié J. tel boivre	Et ge ai appareillie .i. tel boiure 	591
559	dont je li donrai 	dont ie li dorrai. 	592
560	et puis qu’il en avra beu et la force li sera montee el cervel, 	Et puis|quil en auͣ beu. 	593|594
561	ge ne dout mie 	et la force li sera montee el ceruel. ge ne dout mie 	595
562	qu’il ne face ma volenté tote 	quil ne face toute ma uolente. 	596
563	et ansi porra avenir 	Et einssi porra auenir 	597
564	quanque nos alons querant.» Li rois fait sa fille aparillier 	quanque nous alons querant. |Et li rois fet sa fille appareillier et monter. 	598|599
565	et li baille XX. chevaliers 	Et li baille .xx. cheualiers. 	600
566	qui la conduiront au chastel de la Quasse. 	qui la conduiront au chastel. de la qase. 	601
567	Et quant il vindrent la	Et quant il furent la 	602
568	et il furent descendu, 	et il furent la. |et il furent descendu. 	603|604
569	si firent faire en une sale le plus riche lit 	si firent fere en une sale le plus riche lit 	605
570	que l’an pot 	que lem pot 	606
571	et s’i coucha la damoisele, 	puis si choucha la damoisele.	607
572	puis que cil voldrent 	puis que cil uoldrent 	608
573	qui ? laienz l’avoient amenee. 	qui laienz lauoient amenee 	609
574	Et Lanceloz ot prises ses armes 	Et lanc̃. ot prises ses armes. 	610
575	et monta en son cheval 	et monta en son cheual. 	611
576|577	et s’em part |et il laisse cele 	et sen part et lesse cele 	612
578	qui l’i avoit amené, ? 	qui li auoit amene. 	613
579	si chevauchent tant entre lui et Brisanne 	si cheuauche tant entre lui et brisane	614
580	que il vindrent au chastel de la Quasse. 	quil uindrent au chastel de la quasse. 	615
581	Quant il i furent venu, 	Et quant il furent la uenuz. 	616
582	si estoit nuiz oscure 	si estoit nuit oscure. 	617
583	ne la lune n’ert pas encore levee. Il descendent 	Ne la lune nestoit pas encore leuee. il descendent. 	618
584	et Brisane le moinne en I. chambre 	Et brisane le maine en une chambre 	619
585	ou li chevalier estoient; 	ou li cheualiers. estoient. 	620
586	et quant il le voient venir, 	Et quant il le uoient uenir. 	621
587	si se drecent encontre lui 	si se drescent encontre lui.	622
588	et dient 	Et li dient 	623
589	que bien soit il venuz, 	que bien soit il uenuz. 	624
590	si le desarment. Laienz avoit molt grant clarté, 	si le desarment et laienz auoit molt grant clarte. 	625
591	car il i avoit bien dusqu’a XX. cierges alumez. 	Car il y auoit bien iusqua .xx. cierges alumez. 	626
592	Et Brisane 	Et brisane 	627
593	qui ot une soue pucele acointie de ce 	qui ot une seue pucele acointiee de ce	628
594	qu’ele voloit faire li ot baillies les poisons 	quele uoloit fere. |et li ot bailliees les poisons. 	629|630
595	et li dist: « 	Et li dit	631
596	Quant tu orras 	quant tu orras 	632
597	que je demanderai boivre, 	que ge demanderai boiure. 	633
598	si en aporte plainne coupe et le donne a Lancelot 	Si en aporte plaine colpe.|Et la donne a lanc̃. 	634|635
599	ne nul autre ne li aporte 	Et nule autre ne li aporte tant	636
600	tant com il voille boivre » 	comme il uoille boiure. 	637
601	et ele dist: « Volentiers. » 	Et ele dit uolenters. 	638
602	Quant Lanceloz fu desarmez, 	quant lanc̃. fu desarmez.	639
603	si ot talant de boivre a ce qu’il ot eu chaut a venir: 	si ot talent de boiure pour ce |quil ot en chaut au uenir. 	640|641
604	si demande 	Si li demande 	642
605	ou est sa dame la roine. » Sires, fait ele, ele est en cele chambre 	ou est sa dame la royne. Sire fe ele ele est en sa chambre. 	643
606	et est ja endormie au mien esciant. » 	Et est ia endormie au mien escient 	644
607	Et il demande le vin et la damoisele	Et il demande le uin. |Et la damoisele 	645|646
608	a cui il avoit esté conmandé aporte le boivre 	A qui il auoit este commande. Aporte le boiure 	647
609|610	qui plus estoit clers |que fontainne et de coulor a vin. La coupe n’ert pas grant, 	qui plus estoit cler que fontaine. et de couleur a uin. la coupe niert pas grant. 	648
611	si fu toute plainne; 	si laporte toute plaine. 	649
612	et il ot talant de boivre et la dame li dist: « Sire, buvez tout, 	Et il ot talent de boiure. |Et la dame li dist. Sire: 	650|651
		or beuez tout. 	652
613	car il ne vos fera ja se bien non, 	Car il ne uous fera ia |se bien non. 	653|654
614	car je cuit 	quar ge cuit 	655
615	que vos ne beustes onques mais de tel. » 	que uous ne beustes onques mes de tel. 	656
616	Et il prant la coupe et la boit toute plainne 	Et il prent la coupe 	657
617	et troeve la poison bonne et douce, 	et la boit toute plaine. et trueue la poison bone et douce. 	658
618	si en demande encore autant 	Si en demande encore autant. 	659
619	et cele li aporte 	et cele li aporte. 	660
620	et il boit tout outre.	Et il boit tout outre. 	661
621	Lors est envoisiez et plus emparlez 	Lors est enuoisiez et|puis emparlez 	662|663
622	qu’il ne selt; 	que il ne seult. 	664
623	si dist a Brisane 	Si dist a brisane 	665
624	conment il porra veoir sa dame la roine. 	comment il porroit parler a sa dame la royne. 	666
625|626	Ele le resgarde|et voit ja 	Et ele le regarde et uoit 	667
627	qu’il est touz muez, 	quil iert ia muez. 	668
628	car il ne set ou il est 	Car il ne set |ou il est.	669|670
629	ne conment il vint laienz, 	ne |comment il uint laienz. 	671|672
630	ainz cuide vraiement estre en la cité de Kamaalot 	ainz cuide uraiement estre en la cite de kamaalot. 	673
631|632	et li est avis |qu’il parole a une dame 	Et li est auis quil parole a une dame 	674
633	qui toz dis faisoit compaingnie a la roine, 	qui fesoit ades compaignie a la royne. des le iour 	675
634	des lors que la dame de Meloaut fu morte. 	que la dame de melloan fu morte. 	676
635	Et quant ele le voit si afolé 	Et quant ele le uoit si afole. 	677
636	et qu’ele connoist bien 	Et ele uoit 	678
637	qu’il porra estre legierement deceuz, 	quil porra legerement estre de ceuz. 	679
638	si dist: « Sire, ma dame puet ja bien estre endormie. 	Si li dit. Sire madame puet bien ia estre endormie. 	680
639|640	Que demorez vos tant |que vos n’alez a li ? — 	que demorez uous tant que uous nalez a li. 	681
641	Por ce, fait il,	por ce fet il. 	682
642|643	qu’ele ne me mande mie, |n’i voil je mie aler : 	qu ele ne me demande mie ni ueul ge pas aler 	683
644|645	mais|s’ele me mandoit, je i iroie. — Enon Dieu, fait ele, vos en orrez. par tans noveles. » 	Mes sele me mande ge iroie. En non dieu fet ele. uous en orrez par tens noueles. 	684
646	Lors entre en la chambre et fait samblant 	Lors entre en la chambre. |et fet semblant 	685|686
647	qu’ele ait parlé a la roine, 	quele parole a la royne	687
648	puis vient a Lancelot	puis reuient a lanc̃. 	688
649	et li dist: « Sire, ma dame vos atant et vos mande	et li dit. Sire madame uous atent |et uous mande 	689|690
650	que vos ailliez a li parler. » 	que uous ailliez a li parler. 	691
651	Et il se fait maintenant deschaucier 	Et il se fet maintenant deschaucier 	692
652	et entre en la chambre em braies et en chemise et vient au lit 	et entre en la chambre. |o brisane embraies 	693|694
		et en chemise. 	695
653	et se couche avec la damoisele. conme cil 	Et uient au lit. |et se couche o la damoisele comme cil 	696|697
654	qui cuide 	qui cuide 	698
655	que ce soit la roine. 	que ce soit la royne. 	699
656	Et cele 	Et cele 	700
657	qui riens ne desirroit fors avoir celui de cui terrienne chevalerie estoit enluminee le reçoit liee et joieuse 	qui riens ne desirroit. |fors auoir celui de qui terrienne cheualierie. estoit enluminee. 	701|702
		si le recoit lie et ioieuse 	703
658	et il li faisoit tel joie 	et il li fesoit tel ioie. 	704
659	et tel feste com il faisoit a sa dame la roine. 	et tel feste. |comme il fesoit a sa dame la royne. 	705|706
660	Einsinc sont mis ensemble le millor chevalier et le plus bel 	Einssi sont mis ensemble li meileur cheualier. et le plus bel 	707
661	qui or fust et la plus bele pucele et de haut lignage 	qui lors fust.|Et la plus bele pucele et del plus hault lingnage 	708|709
662	qui fust alors; 	qui fust a celui tens. 	710
663	si se desirrent par diverses entancions, 	si se desirrent par diuers entencions. 	711
664	car ele ne le fait mie tant por la biauté de celui 	Car ele ne le ferait mie tant pour la biaute de celui. 	712
		ne pour la luxure. 	713
665	ne por luxure ne por eschaufement de char come ele fait por le fruit recevoir 	ne pour leschauffement |comme. ele fet pour le frius receuoir. 	714|715
666	dont toz li païs doit venir a sa premiere biauté, 	dont tout le pays doit uenir a sa premiere loiaute. 	716
667	qui par le dolereux cop de l’espee as estranges ranges avoit esté desertez et essilliez, 	qui par le doulereus cop del lespee as estranges renges auoit este desertee et essilliee.	717
668	si com il devise apertement en la Queste del Graal. 	si comme il deuise apertement en la queste del saint graal. 	718
669	Et cil la desirroit tout en autre manniere, 	Et cil le desirroit tout en autre maniere. 	719
670	car por sa biauté ne la couvoitoit il pas, 	que pour sa biaute ne la couoitoit il pas. 	720
671	mais il cuida 	mes il cuida 	721
672	que ce fust sa dame la roine 	que ce fust sa dame la royne. 	722
673	et par ce fu il eschaufez 	Et par ce fu il eschauffez. 	723
674	qu’il la connut ausinc 	quil la connut 	724
675|676	com Adam fist sa fame, |mes non mie en tel maniere, 	comme	725
677	car Adam connut sa famei leaument et par le conmandement Nostre Signor; 	adam fist sa fame tot aussi loiaument.et par le commandement nostre seignor.	726
678	et cil connut ceste ? em pechié	Et cil connut a estre empechie. 	727
679	et en avoutire et contre Deu et encontre Sainte Eglyse, 	et en auoltire. et contre dieu.|et encontre sainte eglyse. 	728|729
680|681	et neporquant li Sires |en 	Et ne pour quant. li sires en qui toute pitie habonde toziorz. 	730
682|683	qui tote pitié abite |et qui ne juge mie selon les faiz as pecheors resgarda ceste assamblee 	et qui selonc le fet des pecheors. regarda ceste asemblee. 	731
684	selonc le preu a ceus del païs com cil 	selonc le preu a ceus del pays. |comme cil. 	732|733
685	qui ne voloit mie 	qui ne uoloit mie 	734
686	qu’il fussent touz dis en essil: 	quil fussent touziors en essil. 	735
687	si lor donna tel fruit engendrer et concevoir 	Si lor dona tel fruit engendrer et conceuoir. 	736
688	que por la flor de virginité 	que pour la flor de uirginite 	737
689|690	qui iluec ! fust corrumpue |et violee fu recouvree une autre flor 	qui il leur fu corrompue et uiolee. fu recouree une flor. 	738
		de 	739
691	de cui bien et de cui tandror » mainte terre fu replenie et rasouagie; 	qui bien|et de qui douceur mainte terre fu replanie et assouagiee. 	740|741
692	qu’ausinc com l’Estoire del saint		
693|694	Graal nos fait antandant, |de ceste flor perdue fu restorez Galaad, li virges, li tres bons chevaliers, 	quar einssi comme lestoire del saint graal. nous fet entendant de ceste flor perdue. fu restorez Galaad. li uierges li tres bons cheualiers. 	742
695|696	cil |qui les aventures del saint Graal mist a fin 	Cil qui les auenture del saint graal mist as fin. 	743
697	et s’asist el perilleus siege de la Table Reonde	Et sassist el perilleus lieu de la table reonde 	744
698	ou onques chevaliers ne s’estoit assis 	ou onques cheualiers. ne sestoit assis. 	745
699	qui ne fust morz. 	qui ne fust morz. 	746
700	Et tout		
701|702	ainsi com li nons de Galaad avoit esté perduz en Lancelot par eschaufement de luxure, |tout ansi fu recouvrez en cestui par atenance de char : 	Et tout ausi li nons de galaad auoit este perduz en lanc̃. par eschauffement de luxure. tout aussi fu en cestui recouurez par absstenance de char. 	747
703	car il fu virges en volenté et en oevre jusqu’a la mort, 	Car il fu uierges en uolente. et en oeure iusqua la mort. 	748
704	si com l’estoire le devise. 	si comme lestoire le deuise. 	749
705	Einsine fu recouvree flor pour flor, 	Einssi fu recouree flor pour flor. 	750
706	car en sa nessance fu flor de pucelage estainte et maumise: cil 	Car en sa naissance. fu flor de pucelaige estainte. et maumise. 	751
707	qui puis fu flor et mireor de chevalerie, il fu restorez par le conmun assamblement; 	qui puis fu flor de cheualerie. il fu restorez par le commun assemblement. 	752
708	et se virginitez fu empirie en ce 	Et se uierginitez fu empoiriee en ce 	753
709	qu’il fu conceuz, bien en fu li mesfaiz amandez en sa vie par sa virginité 	qui fu conceuz bien en fu li mesfez amendez en sa uie. |par sa uierginitez. 	754|755
710|711	qu’il randi sainne |et antiere a son Sauveor, 	qu il rendi saine et entiere a son sauueor 	756
712	quant il trespassa del siecle, 	quant il trespassa de cest siecle. 	757
713	et par les granz biens 	Et par les granz biens 	758
714	qu’il fist en sa vie, 	quil fist en sa uie. sont auques estaint li pechie. 	759
715	Si se taist ores li contes de lui 	Si se test ore li contes de lui 	760
716	et retorne a Lancelot 	et retorne a lanc̃. 	761
717	qui toute la nuit jut o la damoisele ; 	qui toute la nuit iut o la damoisele 	762
718	se li toli le non 	Si li toli le non 	763
719|720	a cui ele ne pot puis vraiement recouvrer, |car	a quoi ele ne pot puis recouurer. 	764
721|722	se l’an la poïst au soir apeler pucele, |cil nons li fu i changiez en damoisele a l’andemain. 	Car len la pooit au soir apeler pucele. si li fu ses nons changiez a la damoisele. lendemans. 	765
723	Quant » li jorz aparut, 	Quant li iors apparut. 	766
724	si s’esveilla Lanceloz 	si se leua lanc̃. 	767
725	et resgarda entor lui, 	et regarda entour lui. 	768
726	mes il ne vit point de clarté, 	Mes il ni uit point de clarte. 	769
727	car toutes les fenestres estoient si estoupees 	Car toutes les fenestres estoient si estopees. 	770
728	que li soulauz n’i pooit entrer poi ne grant. 	quil|ni pooit soleil entrer ne poi ne grant. 	771|772
729	Lors se merveille 	Lors se merueille ou il est. 	773
730	ou il est et taste tout entor lui 	et taste tout entour lui. 	774
731	et troeve la damoisele; 	et trueue la damoisele. 	775
732	se li demande 	Si li demande 	776
733	qui ce est, 	qui ce est. 	777
734	et il estoit ja revenuz en son mimoire, 	Et il estoit isi reuenuz en son memoire. 	778
735	car la force de la poison estoit faillie, 	Car la force de la poison estoit failliee des lors 	779
736	des lors que il connut la damoisele charnelment. 	que il connut la damoisele. 	780
737	Et ele li dist: « Sire, je sui J. damoisele, fille au roi Pellés de la Terre Foreinne. , 	Et ele li dit. Sire ge sui une damoisele. fille au roy pelles de la terre foraine. 	781
738	Quant il l’antant,	quant il lentent. 	782
739	si perçoit maintenant 	si sacercoit maintenant 	783
740	comment il a esté deceuz; 	que il a este deceuz. 	784
741	si saut dou lit tant dolanz 	Si sault del lit tant dolenz 	785
742	que nus plus 	que nus plus. 	786
743	et prant sa chemise et ses braies	et prent sa chemise et ses braies. 	787
744|745	et se vest |et chauce 	et se uest en chauce. 	788
746	et prant ses armes. 	et prent ses armeures. 	789
747|748	Quant il fu touz |armez, il vient a la chambre 	Et quant il fu armez. il uint en la chambre 	790
749	ou il avoit geu et ouvre les fenestres ; 	ou il ot geu.|et oeure les fenestres 	791|792
750	et quant il voit cele 	et quant il uoit cele. |si pense 	793|794
751	par cui il a esté deceuz, 	que il a este deceuz. 	795
752	si est tant dolanz 	Si est tant dolenz 	796
753	qu’il cuide bien issir del sans ; si panse 	quil quide bien issir del senz. |si pense 	797|798
754	qu’il s’en vengera orandroit sanz plus atandre. 	quil sen uengera orendroit sanz plus atendre. 	799
755	Lors traist l’espee 	Lors a trete lespee 	800
756	et vient vers la damoisele 	et uient uers la damoisele 	801
757	et dist trop durement iriez: « Damoisele. vos m’avez mort: 	et li dit trop durement iriez. Damoisele fet il uous mauez mort. 	802
758	si couvient 	Si conuient 	803
759	que vos en muiriez, 	que uous en muiriez . 	804
760	car je ne voil 	Car ge ne ueul 	805
761	que jamais decevoiz home en tel manniere 	que iames ne deceuez homme en tel maniere. 	806
762	com vos m’avez deceu. » 	comme uos mauez deceuz. 	807
763	Lors dresce l’espee contremont 	Lors dresce lespee contremont. 	808
764	et cele 	Et cele 	809
765	qui grant paor a de morir li crie merci a jointes mains 	qui grant paour a de morir. li crie merci a iointes mains. 	810
766	et dist: «	Et li dit. 	811
767	Ha, frans chevaliers, ne m’oci mie por cele pitié 	Ha: frans cheualier. ne mociez mie. pour cele pitie 	812
768	que Diex out de Marie Madelainne !» 	que diex ot en marie magdalaine 	813
769	Et il s’areste touz trespensez 	et il sareste touz trespensez.	814
770	et la voit la plus bele riens 	et uoit la plus bele riens 	815
771	qu’il onques mais veist 	quil ouques mes ueist. 	816
772	et il trambloit si durement d’ire et de mautalant 	Et il trembloit dire et de maltalent. |Si durement 	817|818
773	que a poinnes pooit il tenir s’espee	que a poine pooit il tenir sespee: 	819
774	et se test 		
775	et pense 	Et pense 	820
776	qu’il fera, 	que il fera. 	821
777|778	ou s’il l’ocirra |ou s’il le laira vivre. 	ou il locirra du il la lera uiure. 	822
779	Et cele li crie toutes voies merci 	Et cele li crie merci. 	823
780	et est devant lui a genouz toute nue en chemise 	et est deuant lui a genolz toute nue en sa chemise. 	824
781	et il resgarde ses ieuz et son vis et sa bouche 	Et il regarde ses iex et son uis et sa bouche. 	825
782	et voit en lui tant de biauté 	Et uoit en li tant de biaute 	826
783	qu’il en devient touz esbahiz. 	quil en deuient touz esbahiz. 	827
784	Lors dist tant dolanz que nus plus: « Damoisele. je m’en irai 	Lors dit tant dolenz |que nus plus Damoisele. 	828|829
785	si vaincuz et si recreanz com cil 	ge men irai si dolenz et si recreanz. |que cil	830|831
786	qui ne s’ose de vos vengier, 	qui ne sose de uous uenger. 	832
787|788	car trop seroie cruex et desloiax, |se si grant biauté destruioie 	Car trop seroie crieulz et desloiaux. se si grant biaute destruioie 	833
789	com il a en vos.	comme il a en uous. 	834
790	Si vos pri 	Si uous pri 	835
791|792	que vos me pardoingniez ce |que je tres m’espee sor vos, 	que me pardonez tout uostre mautalent. 	836
793	car ire et mautalant le me fist faire. — Sire, fait ele, je le vos pardoing 		
794	par si que vostre courouz me pardoingniez. » 		
795	Et il li otroie, 	et ele li otroie puis	837
796	puis qu’il voit 	quele uoit 	838
797	que dire li couvient; 	que fere li conuient. 	839
798	si remet s’espee el fuerre 	Et lanc̃. remet sespee el fuerre	840
799	et la commande a Deu. 	et la commande a dieu. 	841
800	Quant il vient a la cort aval, 	QUant il uient a la cort aual	842
801	si troeve son cheval enselé ;	si trueue son cheual ensele. 	843
802	si le fist Brisane apareillie celoz le trouvast, 	Si le fist brisane appareillier. pour ce|que lanc̃. le trouuast 	844|845
803	quant il vandroit aval,	quant il uendroit aual. 	846
804	quar ele savoit 	Car ele sauoit bien	847
805	por ce que Lanbien 	quil ne remaindroit mie laienz. 	848
806	qu’il ne remandroit s’apercevroit de la decevance. 	si tost comme il saperceuroit de la deceuance. 	849
807	Quant il est montez et laienz, 	quant il est montez |si prent son escu. 	850|851
808	si tost com il Il a pris son escu et I. gl. arbre, 	et .i. glaiue|quil trouua apoie a .i. arbre. 	852|853
809	si s’em part dolanz et courrouciez 	si sem part dolenz |et correciez	854|855
810|811	et entre en |qu’il trova apuié a I. son chemin 	Et erre en son chemin. 	856
812	et vait pansant si durement 	et uet pensant si durement 	857
813	qu’il ne set de lui conroi.	quil ne set de lui conroy. 	858
814	Et li rois de la Quasse por veoir sa fil s fu matin venuz au chastel conté 	Et li rois pelles fu matin uenuz au chastel de la quasse. |pour ueoir sa fille. 	859|860
		que len li auoit ia conte 	861
815	conment Lanceloz s’en estoit alez. 	comment lanc̃. sen estoit alez. 	862
816|817	Quant il vint |que l’an li avoit ja la, 	quant il uint la. 	863
818|819	si la troeve malade |et deshaitie de la paor 	si la trueue malade et deshetiee. de la paour 	864
820	que Lanceloz li ot faite 	que lanc̃. li ot fete 	865
821	qu’il ne l’oceist;	que il ne loceist. 	866
822	si conta son pere. einsi 	Si conta a son pe. 	867
823	com il li 'estre de li 	comment il li estoit auenu. 	868
824	et de Lancel. pit avenu. 	Et quant il sot uraiement lestre de li et de lanc̃. 	869
825	Quant il sot vraiement rement et plus honorer que devant. 	Si la fist garder molt chierement. |Et plus honorer que deuant. 	870|871
826|827	Et ne demora pas ist garder molt chieIII. |mois 	Et ne demora pas plus de .iii. mois. 	872
828	qu’il sot 	quil sot qele estoit enceinte. |Et par les fusiciens 	873|874
829	qu’ele estoit enceinte et par les usiciens 	qui li distrent. |Et par la damoisele 	875|876
830	qui li ue ce ert voirs : 	qui li dist |que cestoit uoirs. 	877|878
831	si en furent si lié 	Si en furent si lie	879
832	que nul plus et strent et par la damoisele 	que nus plus. 	880
833	qui dist ll del païs en firent grant joie. 	Et cil del pays en firent grant ioie. 	881
834	Quant Lanceloz 	QUant lanc̃. 	882
		se fu partiz de la damoisele. 	883
835	se fu partiz de la damoisele, si erra tout le jor entier molt dolanz et courouciez et toz jorz aloit demandant nouveles de Lion son cousin. 	Si erra tout le iour molt dolenz. et molt correciez. |Et tousiors aloit demandant noueles de lyonnel son cousin. 	884|885
836	Quant il ot erré i dusqu’aprés vespres, il resgarda devant lui 	Et quant il ot ale iusques pres de uespres.|Si regarde deuant lui. 	886|887
837	et vit en I. montaigne l. molt bel chastel; il torne cele part, 	et uit une montaingne. |et illec uit .i. molt biau chastel. Il torne cele part 	888|889
838	car il ert tans de herbergier. 	quant il est tens de hebergier. 	890
839	Quant il est venuz dusqu’au chastel, 	Et quant il est uenuz iusquau chastel 	891
840	si troeve I. chevalier 	Si trueue .i. cheualier.	892
841	qui li dist: « Sire chevaliers, 	qui li dit. Sire. 	893
842	par ci ne poez vos passer, 	par ci ne poez uous passer 	894
843	se vos ne volez jouster. » Lanceloz pensoit si durement 	Se uous ne uolez iouster. lanc̃. pense si durement 	895
844	qu’il n’antandi pas a ce 	quil ni entendi pas a ce 	896
845	qu’il dist; 	que cil li dist. 	897
846|847	si s’an vait sus le pont |ne onques ne laisse son penser. 	Si sen ua sor le pont. ne onques ne lessa son penser. 	898
848	Et cil chevaliers li vient son glaive aloingnié	Et cil cheualier. li uient le glaiue esloingne. 	899
849	et le fiert si durement 	Et le fiert si durement 	900
850	qu’il li fait la sele widier 	quil li fist la sele widier. 	901
851	et le porte tout envers dedenz le fossé. 	Et le porte tout enuerz dedenz le fosse. 	902
852	Et Illl. vallez 	Et .iiii. uallez	903
853	qui estoient sus la bretesche li conmancent a crier: « 	qui estoient sor les bretesches li commencent a crier. 	904
854	Ha, sire chevaliers, or vos poez bien baingnier ! » 	Ha: sire cheualier.|or uous poez bien baignier. 	905|906
855	Et li chevaliers del chastel prant le destrier Lancelot, 	Et le cheualier. prent le cheual lanc̃.	907
856	si entre dedanz la vile; 	et entre dedenz la uile. 	908
857	et maintenant fu la porte close. 	Maintenant fu la porte close del chastel.	909
858|859	Et quant Lanceloz voit |qu’il est chaüz en l’eve, 	Et quant lanc̃. uoit qu il est cheoiz en leue 	910
860	si est touz esbahiz, 	si est touz esbahiz. 	911
861	car il ne set 	Car il ne set 	912
862	comment il est chaoiz, 	comment il y est cheois. 	913
863	si sant 	si sent 	914
864	qu’il afonde. 	quil afondre. 	915
865	Lors aert a Il. poinz J. arbre 	et lors aert a .ii. poinz .i. arbre 	916
866	qui devant lui estoit 	qui|deuant lui estoit. 	917|918
867	et fait tant 	Et fet tant 	919
868	qu’il est issuz del fossé et venuz a terre seche, son escu a son col, son glaive en son poing. 	quil est issus del fosse. et est uenuz a seche terre. |Si met son escu a son col.	920|921
869	Et cil de la bretesche li dient: « Sire chevaliers, aillors vos couvient querre ostel, 	et son glauie en son poing. |Et cil de la bretesche li dient. Sire cheualier. 	922|923
		aler uous couient querre hostel. 	924
870	car çaienz ne metrez vos huimais le pié,	Car ceainz ne metrez uous huimes les piez. 	925
871	mais demain 	Mes demain 	926
872	se vos reveniez 	se uous reueuez. 	927
873	et nos poons recevoir chevalier pescheor, nos vos recevrons volentiers. » 	et nous poons receuoir cheualier pecheour. Nous le receurons uolenters. 	928
874	Quant il voit 	Et quant il uoit 	929
875	que cil le vont i einsi gabant, 	que cil le uont einsi gabant. 	930
876	si est molt dolanz; 	si est molt dolenz. 	931
877	lors lor dist: « 		
878|879	Biau seingnor, et de mon cheval |car me dites nouveles, 	Et lors dist. biaus seignors de mon cheual. me dites noueles. 	932
880	se vos les savez. — 	se uous les sauez.	933
881|882	Par foi, font il, de vostre cheval ne savons nos riens, mais de celui |que vos avez perdu savons nos bien. 	par foi font il de uostre cheual sauons nous bien 	934
883	qu’il est çaienz et dahaiz ait 	quil est ceainz. |Et dehez ait 	935|936
884	qui cheval vos donna, 	qui cheual uous donna. 	937
885	car certes il nel poïst noauz amploier. » 	Car il nel poist pis emploier. 	938
886	Quant il voit 	Et quant il uoit 	939
887	qu’il n’i prandra plus, 	quil ni prendra plus. 	940
888|889	si est assez plus dolanz |que devant 	si est assez plus dolenz que deuant. 	941
890	et vient desouz en la valee	Et uient desouz en la ualee. 	942
891	et s’asiet auques pres dunne fontainne desouz IlII. arbrisiax, 	Et sassiet auques pres dune fontaine. desouz .iiii. arbressiax. 	943
892	si met son glaive delez lui 	si met. son glaiue delez lui. 	944
893	et s’asiet desus son escu; 	et sassiet desor son escu. 	945
894|895	si est tant dolanz|et courrouciez 	si est tant dolenz et correciez 	946
896	tant que la nuiz soit venue. 	que la nuit soit uenue. 	947
897	Quant li tans fu aprés ce J. poi acoisiez 	QUant li tans fu .i. poi apres ce acoisiez. 	948
898	et la lune fu levee, 	et la lune fu leuee. 	949
899|900	si resgarde Lanceloz |et voit venir IlI. chevaliers armez, 	si regarde lanc̃. et uoit uenir .iii. cheualiers armez 	950
901	si descendent a la fontainne	Si descendent a la fontaine 	951
902|903	et ostent lor armes, |si s’asieent desus l’erbe vert. 	et ostent leur armes desor lerbe uert. 	952
904	Aprés ce ne demora mie granment que IIII. escuier vindrent 	apres ce ne demora mie granment. |que .iiii. escuiiers uindrent 	953|954
905	qui amenerent la damoisele avec aux qui Lancelot avoit gari de l’anvenimement 	qui amenoient auec els la damoisele |qui. lanc̃. auoit gari de lenuenimement 	955|956
906	qu’il avoit pris l’autre jor a la fontainne 	quil auoit pris lautre iour a la fontaine. 	957
907	et an plouroit molt durement 	Et|si ploroit molt durement 	958|959
908	et les clamoit larrons et traïtres. 	et les clamoit larrons et traitres. 	960
909	Quant Lanceloz le voit plourer, 	quant lanc̃. la uoit plorer 	961
910	si est molt dolanz, 	si est molt dolenz. 	962
911	car il n’amoit nule fame plus de li fors la roine. Il se pense 	Car il namoit nule dame plus de li. fors sa dame la royne. 	963
912|913	qu’il li aideroit sauve s’onor, |quant il se porpense 	Si pense 	964
914	qu’il atandra encore 	quil atendra encore. 	965
915	tant qu’il voie 	tant quil uoie 	966
916	que cil voldront faire. 	que cil uoudront fere. 	967
917	Quant il l’ont descendue del cheval, 	quant il lont descendue del cheual. 	968
918	si se lievent li III. i chevalier 	Si se lieuent. li .iii. cheualiers. 	969
919	et dient 	et li distrent 	970
920	que bien. soit ele venue 	que bien soit ele uenue. 	971
921	et ele lor dist 	Et ele dit. 	972
922	que mal soient il trové comme desloiaux chevaliers et larrons. « 	que mal soient il trouue. comme desloiaux cheualiers. et larrons. 	973
923	Ha, damoisele, fait li uns, vos direz ce 	Ha: damoisele fet li uns. uous diroiz ce 	974
924	que vos voudrez, 	que uous uoudroiz. 	975
925	mais desloiaux ne larrons ne somes nos mie. — 	Mes desloiaux ne larrons. ne sommes nous mie.	976
926	Si estes voir, fait ele. 	Si estes uoir fet elle. 	977
927	Quel greingnor desleauté poez vos faire 	Car greignor desloiaute. ne poez uous fere.|que prendre damoisele en murtre 	978|979
928	que prandre damoisele en murtre et an repost et de mestre main a li estre son gré ? 	et en repost. |et metre main a li outre son gre. 	980|981
929	Ne greingnor larrecin ne poez vos faire 	ne greignor larrecin |ne poez uous fere. 	982|983
930	et tout ce avez vos fait de moi 	et tout ce auez uous fet de moi. 	984
931	qui en murtre et en traïson 	qui en murtre et en trayson 	985
932	me venistes prandre en la meson mon frere 	me uenistes prendre en la meson mon frere. 	986
933	et m’en avez amené sanz le seu de lui. 	Et men auez menee sanz le seu de lui. 	987
934|935	Et cuidiez vos |por ce 	Et cuidiez uous pour ce. 	988
936	que je sui en vostre saisine 	se ge sui en uostre saisine 	989
937	que je vos aimme plus tost ? 	que ge uous aune plus tost. 	990
938	Certes nenil, 	Certes nenil. 	991
939	ainz voudroie mielz 	ainz uoudroie miex 	992
940	que vos fussiez trainez a la queue de mon roncin; 	que uous fussiez trainez a la qeue dun roncin. 	993
941	car trop seroie avillie, 	Car trop seroie auilee. 	994
942	se je laissoie le millor chevalier del monde 	se ie lessoie le meilleur cheualier del monde. 	995
943	et le plus prodome a	et le plus preudome. 	996
944	cui j’ai m’amor donnee por I. si vil chevalier et si recreant	a qui iai mamor donnee. |Et por .i. 	997|998
945	com vos estes. — Damoisele, fait il, 	si uil cheualier. |et si recreant comme uus estes. Damoisele fet il. 	999|1000
946	se vos n’estes amee, 	et se uus nestes amee. 	1001
947	que vos vaut ? 	que uous uault ce: 	1002
948	Certes ce ne porroit pas estre 	Certes ce ne porroit pas estre 	1003
949|950	que li mieldres chevaliers del monde |et li plus prodom eust mise s’amor en vos,	que li mieldres cheualiers del monde et li plus preudons eust mise samour en uous. 	1004
951	car trop la porroit mielz amploier. — 	Car trop la porroit mielz emploier. 	1005
952	Certes, fait ele, sire chevaliers, cil 	Certes fet ele. cil cheualier. 	1006
953|954	qui est ore le millor chevalier dou monde ne tient pas|s’amor a mal emploie en moi, 	qui est ore li mieldres ch̃es del monde. ne tient pas samour a mal emploiee en moi. 	1007
955	ainz m’aimme bien 	Ainz maimme bien 	1008
956|957	et amera tant|com il me savra en vie, 	et mamera tant comme il me saura en 	1009
958	et je l’an serai si vraie	uie.et ge len serai si uraie. 	1010
959	que ja chevalier tant? 	que ia tant comme il uiue. 	1011
960	conme je vive, ne se porra venter 	ne se porra uanter 	1012
961	que jou li face compaigniea; 	qui en face compaignie. 	1013
962	et se je bien voloie faire si grant desloiauté 	Et se ge bien uoloie fere ceste desloialte. 	1014
963|964	que j’en vousisse I. mestre en son leu, |ja 	que gen uolsisse .i. metre en son lieu. Ia si mait diex. si mauues cheualier. 	1015
965	si m’aïst Diex si mauvais chevalier 		
966	com vos estes n’i metroie, 	comme uous estes ni metroie. 	1016
967	ainz i mestroie tel 	ainz i metroie tel 	1017
968	dont l’an ne me devroit mie blasmer.» 	dont len ne me deuroit mie blasmer. 	1018
969	Lors se courrouce li chevaliers 	Lors se torne cil cheualier. a la damoisele. 	1019
970|971	et dist a la damoisele : « |Et por Deu, 	et li dit. pour dieu dame 	1020
972	car nos dites or 	car nous dites |ore 	1021|1022
973	qui est cil chevaliers 	quiest cil cheualier. 	1023
974	qui tant est prodom et	qui est tant prodom. 	1024
975	qui si loiaument vos aimme ? — 	et qui|si loiaument uous aimme. 	1025|1026
976	Certes, fait ele, il ne faît mie a nommer devant 	Certes fet ele. il ne fet mie a nommer deuant 	1027
977	si noiant home 	si noient home 	1028
		comme uous estes. 	1029
978	com vos estes et neporquant por vos grever plus, vos dirai je 	Et ne pour quant.|por uous plus greuer uous dirai 	1030|1031
979	qui il est: 	ge |qui il est. 	1032|1033
980|981	ce est mes sire Lanceloz del Lac, |c’est cil 	Ce est misire lanc̃. del lac. Cest cil 	1034
982	que vos n’oseriez atandre a cop pour tout le reaume de Logres. — 	qui uous noseriez atendre a cop. pour tout le royaume de logres. 	1035
983	Celui? fait li chevaliers. 	Celui fet li cheualiers a maleur	1036
984	A mal eur soit il ore le millor chevalier dou monde!	soit il ore le meilleur cheualier del monde. 	1037
985	Certes il ne le porroit pas estre, 	Certes il ne le porroit pas estre. 	1038
986	car il fu filz au plus mauvais roi et au plus failli de cuer 	Car il fu filz au plus mauues roys. et au plus failliz de cuer. 	1039
987	qui onques portast couronne et bien monstre en la fin 	qui onques portast coronne. |Et bien. le moustra a la fin 	1040|1041
988	qu’il estoit noianz ; 	quil estoit noienz. 	1042
989	car li rois Claudas mes cousins le deserita de toute sa terre 	Car li rois claudas mes cousins. le desherita de toute sa terre. 	1043
990|991	si|qu’il s’anfor et morut de duel. 	si quil sen foui. et morut de duel. 	1044
992	Et por ce di je 	Et pour ce di ge. 	1045
993	que de si mauvés roi ne porroit pas issir le millor chevalier del monde. — 	que de si mauues rois. ne porroit pas issir le meilleur cheualier. del monde. 	1046
994	Ha, dant mauvais chevaliers, fait ele, 	ha; dant mauues cheualier. 	1047
995	si m’aïst Diex, 	si mait diex 	1048
996	s’il fust ja ci. 	sil fust ia ci 	1049
997|998	ja ceste parole |ne vos issist mais de la goule, 	Ceste parole ne uous issist iames de la gueule 	1050
999	car vos n’eussiez cuer del dire por tote la terre le roi Artu. — Damoisele, fait il, vos diroiz ce 	car uous neussiez le cuer del dire pour toute la terre le roy artur. Damoisele fet ll. uous dites ce 	1051
1000	que vos plaira	qui uus plera. 	1052
1001	et je vos escouterai, 	et ge uous escouterai. 	1053
1002	mais toutes voies vos di je 	mes touteuoies uous di ge. 	1054
1003	que vos façoiz ma volenté debonnairement 	que uous faites ma uolente deliurement 	1055
1004	et ne soiez pas si vilainne 	Et ne soiez pas si uilaine. 	1056
1005	qu’il vos couviengne faire force, 	quil uous couiengne fere a force 	1057
1006	car je ne vos ameroie ja puis ; 	Car ge ne uous ameroie ia pus. 	1058
1007	et vos veez bien 	Et uous ueez bien 	1059
1008	qu’il estuet 	quil estuet 	1060
1009	que vos le façoiz, 	que uous le facoiz. 	1061
1010	car la force n’est pas vostre 	Car la force nest pas uostre. 	1062
1011|1012	et mes voloirs i est. — |Fi, fait ele, par male aventure 	et mes uoloirs y est. Sire fet ele par male auenture. 	1063
1013	ainz fusse je arse ou noie 	Aincois fusse geu arsse. ou noiee.	1064
1014	que je par si mauvais home fusse honnie, 	que ie par si mauues home fusse honie. 	1065
1015|1016	quar si m’aïst Diex, |pis ne porroie je faire. » 	quar si mait diex. ge ne porroie pis fere. 	1066
1017	Et il conmande as chevaliers et as escuiers 	Et il commande as cheualiers et as escuiiers 	1067
1018	qu’il se traient en sus, 	quil se traient ensus. 	1068
1019	car il velt touz seus remanoir avec cele	Car il ueult touz seus remanoir auec cele 	1069
1020	qu’il aimme 	quil ainme. 	1070
1021	et dont il cuide bien faire sa volenté sanz contredit.	adonc cuide bien fere sa uolente sanz contredit. 	1071
1022	Quant cil s’an sont d’iluec alé, il prant la damoisele et la giete souz lui 	quant cil sen sont dilec torne. Il prent la damoisele et la giete souz lui. 	1072
1023	et dist 	Et dit 	1073
1024	qu’il li fera a force, 	quil li fera a force. 	1074
1025	s’ele ne li veult otroier debonnairement. 	sele ne li ueult otroier debonairement. 	1075
1026	Et ele s’escrie: « 	Et elle sescrie. 	1076
1027	Ha, gentils hom Lanceloz,	ha: gentilz hom. lanc̃. 	1077
1028	por quoi n’estes vos ci ? 	que nestes uous ci. 	1078
1029	Si vengissiez moi et vos de la honte 	si uengissiez moi. |et uous. de la honte 	1079|1080
1030	que cil lerres vos velt faire. » 	que cist lerres uous ueult fere. 	1081
1031	Lors conmance a guenchir et a detordre soi au plus 	et lors commence a ganchir et a trestorner soi au plus 	1082
1032	qu’ele ! puet 	quele puet 	1083
1033	et il la tient molt estroit entre lui et la terre. 	Et il la tient molt estroit entre lui et la terre. 	1084
1034	Et cele se rescrie: « 	Et ele se rescrie. 	1085
1035|1036	Ha, Lanceloz, biaux douz amis, li vostre secors me tardera moult, |ce m’est avis. » 	Ha: lanc̃. biaux doulz amis li uostre secours me tardera molt ce mest auis. 	1086
1037	Et Lanceloz 	Et lanc̃.	1087
1038	qui bien ot veu ce	qui bien ot ueu |ce 	1088|1089
1039	qu’il orent fait 	quil orent fet. 	1090
1040	et antandues toutes les paroles 	et entendu toutes les paroles 	1091
1041	qu’il disoient se dresce? en estant, 	quil disoient. |Se drece en estant. 	1092|1093
1042	ce li est avis 		
1043	que trop porroit huimais demorer; sì prant son escu 	Si li est auis que trop porroit huimes demorer. |Si prent son escu 	1094|1095
1044	et traist s’espee 	et trait sespee. 	1096
1045	et dist a cele 	Et dit a cele 	1097
1046	qui le regrete : « Damoisele, n’aiez paor, 	qui le regarde. Damoisele naiez pas paour 	1098
1047	car je ne sui mie trop loing de vos 	Car ge ne sui pas molt loing de uous. 	1099
1048	et mal vos a li chevaliers courroucie, 	Et molt uous a li cheualiers corrociee. 	1100
1049	qu’il en morra. » 	Et il en morra. se ie pus. 	1101
1050	Lors s’en vait vers aux grant pas, 	Lors sen uait uerz els grant pas. 	1102
1051	et quant cil le voit venir, 	Et quant cil le uoit uenir 	1103
1052	si a grant paor de mort 	si a grant paour de mort. 	1104
1053|1054	et crie: « Aide aide! — |Par mon chief, fait il, aide ne vos avra mestier, 	et crie aide aide. par mon chief fet i. aide ne uous y aura ia mestier. 	1105
1055	car vos en morrez 	Car uous en morrez	1106
1056	et il est bien droiz, 	et il est bien droiz. 	1107
1057	quant ceste damoisele voliez honir a force. » 	quant uous ceste damoisele uoulez honir a force. 	1108
1058	Lors hauce l’espee 	Lors hauce lespee. 	1109
1059	et cil velt foïr, 	et cil uolt fouir 	1110
1060	mais il ne puet, 	mes il ne pot.	1111
1061|1062	car Lanceloz le fiert |si de l’espee	Car lanc̃. le fiert si de lespee. 	1112
1063	qu’il li tranche l’espaule senestre, 	quil li trenche lespaulle senestre.	1113
1064	et cil chiet a la terre 	Et cil chiet a la terre 	1114
1065	qui navrez se sent a mort. 	qui naurez se sent a mort.	1115
1066	Et li autre acourent 	Et li autre y aqeurent 	1116
1067	por lui aidier	pour lui aidier. 	1117
1068	et Lanceloz lor laisse corre. l’espee traite, 	Et lanc̃. leur qeurt sus lespee traite. 	1118
1069	si en occist IlI. tantost a ce 	Si en ocist .iii. tantost. a ce 	1119
1070	qu’il les troeve desarmez; 	quil les trueue desarmez. 	1120
1071	et li autre tornent an fuie a ce 	Et li autre tornent en fuie a ce 	1121
1072	qu’il ont paor de morir 	quil ont paour de mort. 	1122
1073|1074	et s’an vont plus |que le pas vers la montaingne. 	Et sen uont plus que le pas uerz la montaigne. 	1123
1075	Et Lanceloz prant le millor des III. chevax 	Et lanc̃. prent le meilleur des .iii. cheuaux. 	1124
1076	por ce qu’il avoit le suen perdu 	pour ce |quil auoit le sien perdu. 	1125|1126
1077|1078	et lesse les autres aler par la |ou il vuelent; 	Et lesse les autres aler par la ou il ueulent. 	1127
1079	puis vient a la damoisele	Et puis uient a la damoisele 	1128
1080	qui ert toute esbahie 	qui est toute esbahie	1129
1081	dont Lanceloz pooit venir 	dont lanc̃. puet uenir. 	1130
1082	et li demande: « Biaux sire, 	Si li demande biau sire: 	1131
1083	qui rescousse m’avez, estes vos Lanceloz ? » 	qui resqeusse mauez. estes uous lanc̃. 	1132
1084	Et il dist oil 	Et il dit oil. 	1133
1085	et oste son hiaume, 	Et il oste son hiaume pour ce 	1134
1086	por ce qu’ele le quenoisse mielz.	que elle le connoisse. 	1135
1087	Et quant ele set 	Et quant ele set 	1136
1088	que ce est il, 	que ce est il. 	1137
1089|1090	si est tant liee|que nule plus ; 	si est tant liee que nule plus. 	1138
1091	si li giete les braz au col et li fait la greingnor joie 	Sili giete les braz aucol. |et li fet la greignor ioie 	1139|1140
1092	qu’ele puet 	quele puet. 	1141
1093	et li demande 	Et li demande 	1142
1094	quele aventure l’a illuec amené et a quel ore. 	quele auenture la illec amene. |et a quele heure il i uint. 	1143|1144
1095	Et il li conte? 	Et il li conte 	1145
1096	conment il avoit perdu son cheval 	comment il auoit perdu son cheual. 	1146
1097	ne ne pooit el chastel entrer, 	ne ne pooit el chastel entrer. 	1147
1098|1099	et|por ce estoit il venuz souz les arbrisiaux 	Et pour ce estoit il uenuz souz les arbres 	1148
1100|1101	tant que il fust jorz. » Sire, fait ele, vos ne manjastes anuit |ne ier par aventure. — 	tant quil fust iors. Sire fet ele. uous ne mengastes a nuit ne hier par auenture. uous dites uoir fet il. 	1149
1102|1103	Vos dites voir, fait il. — |Or vos dirai, fait ele, 	OR uous dirai fet ele 	1150
1104	que nos ferons. Montons sor noz chevax 	que nous ferons. Montons sor nos cheuaux. 	1151
1105	et alons chies une moie cousine 	et alons c̶ chies une moie cousine. 	1152
1106	qui ci pres maint a pres de demi liue et illec trouverons a mengier et a boivre 	qui ci pres maint a pres de demie lieue. |Et illec trouuerons nous a boiure et a maingier et biaux liz a nos uoloirs. 	1153|1154
1107	et biaux liz a noz voloirs. » 		
1108	Et il dist 	Et il dist 	1155
1109	que ce velt il bien, 	que ce uelt il bien. 	1156
1110	car ausint ne feroient il riens illuec. 	Car ausint ne feroient il riens illec. 	1157
1111	Quant il sont monté, 	Et quant il sont montez. 	1158
1112|1113	si tornent a destre del chemin |et vont tant 	si tournent a destre del chemin. 	1159
1114|1115	qu’il viennent a l’entree d’un petit boschet, |si voient illuec une maison batillie close de fossez 	Et uont tant quil uienent a lentree dun petit boschet. Il uoient illec une meson batailliee. close de fossez. 	1160
1116	et troevent le pont levé. La damoisele huche le portier 	Et trueuent le pont leue. et la damoisele huche le portier. 	1161
1117	et cil 	Et cil 	1162
1118	qui bien le connoissoit ist fors em braies et an chemise, 	qui bien la connoissoit ist hors em braies et en chemise. 	1163
1119	si avale le pont. 	Si auale le pont 	1164
1120	Et la damoisele li dist: « Va tost, 	Et la damoisele li dist ua 	1165
1121	si esveille ma cousine 	si esueille tost ma cousine. 	1166
1122	et li di 	Et il si fist. |Et dist a sa dame 	1167|1168
1123	que je li amaing I. chevalier 	que sa cousine li amaine .i. cheualier. 	1169
1124	de qui ele sera molt liee, 	de quoi ele sera molt liee. 	1170
1125	quant ele le connoistra». 	quant ele le connoistra. 	1171
1126	Cil cort por faire son conmandement 	Cil court pour fere son commandement. 	1172
1127	et Lancelot entre lui et la damoisele passent le pont	Et lanc̃. entre lui et la damoisele passent le pont.	1173
1128	et descendent en mi la cort. 	et descendent enmi la court. 	1174
1129	Et ne demora gueres 	Et ne demora gueres 	1175
1130	que li sires de laienz et la dame furent revestu et apparillié; 	que li sires et la dame de leainz furent uestuz et appareilliez. 	1176
1131	si issent fors de la chambre 	Si issent hors de lor chambres 	1177
1132	et font cierges alumer 	et font cierges alumer 	1178
1133	por veoir cler. 	pour ueoir plus cler. 	1179
1134	Si viennent a la damoisele 	Si uienent a la damoisele. 	1180
1135	et li font trop grant joie 	et li font trop grant ioie. 	1181
1136	et ele dist a sa cousine 	Et ele dit a sa cousine 	1182
1137	qu’ele la lest ester 	quele la lest ester. 	1183
1138	et face joie au chevalier 	Ainz face ioie. Au cheualier. 	1184
1139	qu’ele a amené, « 	que ele a la amene. 	1185
1140	car bien saichiez, fait ele, 	Car bien sachiez fet ele 	1186
1141	que a plus prodome de lui ne poez vos servir. » 	que plus preudome de lui ne poez uous seruir. 	1187
1142	Et cele demande	Et ele demande 	1188
1143	qui il est 	qui il est. 	1189
1144	et ele dist 	Et ele li dit 	1190
1145|1146	que c’est Lanceloz del Lac. |Lors li font tuit molt grant joie 	que ce est lanc̃. del lac. LOrs font tuit si grant ioie a lanc̃. 	1191
1147	et le font desarmer. 	Et le font desarmer.	1192
1148	Et la damoisele dist 	Et la damoisele dit 	1193
1149	que l’an lor apareille a mengier, 	que len leur apareult a maingier. 	1194
1150	car il ne mangierent anuit, 	Car il ne megierent a nuit. 	1195
1151	et li sires de laienz le dist a ses genz 	Et li sires de laienz le dit asses serganz. 	1196
1152	qui bien en firent son conmandement, 	qui bien en firent son commandement 	1197
1153	car il distrent 	Car il distrent 	1198
1154	que tout ert prest.	que tout est prest. 	1199
1155	Si fait mestre les tables 	Si fet metre la table 	1200
1156	et mengierent 	et mengerent 	1201
1157	tant com lor plost; 	tant con lor plot. 	1202
1158	puis s’alerent couchier 	puis alerent coucher. 	1203
1159	et dormirent. Au matin J. 	et dormirent iusques au matin. un poi apres prime. 	1204
1160	poi aprés prime se leverent cil de laienz 	se leuerent cil de laienz. 	1205
1161	et demanderent a la pucele 	Et demanderent a la damoisele 	1206
1162	quele aventure l’avoit ersoir amenee a tele ore, 	quele auenture lauoit hersoir amenee a tele heure. 	1207
1163	et cele lor conta 	Et cele lor conte 	1208
1164	conment il lor estoit avenu 	comment il lor estoit auenu. 	1209
1165	et conment I. chevaliers l’eust honnie, 	Et comment .i. cheualier leust honie. 	1210
1166	se ne fust Lanceloz 	se ne fust lanc̃. 	1211
1167	qui l’an garda 	qui len garda. 	1212
1168	et li dist 	Et il dient 	1213
1169	que moult li a Diex aidié selonc les aventures 	que bien li a diex aidie. selonc les auentures 	1214
1170|1171	qui avenues li sont. |Quant Lanceloz fu vestuz 	qui auenues li sont quant lanc̃. fu uestuz et apareilliez. 	1215
1172	et apparilliez, il vint en la sale 	Si uint en la sale 	1216
1173	et salua son oste et dist 	et salua son hoste.	1217
1174	que bon jor li donnast Diex. « Sire, fait Lanceloz, faites moi mes armes aporter, 	Et dist qe bon iour li donast diex. Sire fet lanc̃. fetes moi mes armes aporter. |sil uous plest 	1218|1219
1175	car je ne voil plus demorer. » 	Car ge ne ueul plus demorer ceainz. 	1220
1176	Et cil commande	Et cil commande 	1221
1177	que a l’an les aport, 	que len li aporte. 	1222
1178	mais ainz le fist mangier tout par loisir; 	Mes aincois le fist menger. 	1223
1179	aprés li fait baillier ses armes 	Et puis apres. li fait baillier ses armes. 	1224
1180	et il les prant »,	Et cil les prent. 	1225
1181	Ét quant il fu armez, li sires li demande 	Et quant il fu armez li sires li demande. 	1226
1182	ou il velt aler 	ou il uelt aler. 	1227
1183	et il dist 	Et il dit 	1228
1184	qu’il voldroit estre au chastel 	quil uoudra estre au chastel. 	1229
1185	qui est laissus en I. montaingne. « De la aler, fait li sires, vos garde Diex ! je nel vos loeroie en nule manniere, 	qui est lasus en une montaingne. |De laler fet li sires. uous gart diex: Ie ne le uous loeroie en nule maniere. 	1230|1231
1186|1187	car plus a de V. |anz 	Car plus a de .ui. anz. 	1232
1188	que chevaliers n’i pot antrer 	que cheualier. ni pot entrer. 	1233
1189	qui ne moreust ou fust emprisonnez. — 	qui ni morust. ou fust emprisonez. 	1234
1190	Comment fu ce dont? fait Lanceloz. Il covient 	comment est ce |dont fet lanc̃. il couient 	1235|1236
1191|1192	que vos le me diez. — |Et jel vos dirai volentiers. Il a I. an 	que uous le me dites. Ie le uous dirai uolenters. Il a .i. an.	1237
1193	et plus c’uns chevaliers garde l’antree 	et plus. |que .i. cheualier garde lentree. 	1238|1239
1194	que nus n’i antre	que nus ni entre sanz son congie. 	1240
1195	qu’il a ne conqueist par prouesce d’armes, 	Et est si preuz et si poissanz as armes. |que oncques 	1241|1242
		puis hom de cest pays ne dautre ni pot uenir. 	1243
1196	et por ce ne vos loeroie je en nule manniere a aler cele part, 	quil ne conquersist par proesce darmes. |Et pour ce ne uous loeroie ge mie a aler cele part. 	1244|1245
1197	car vos n’am porriez partir sanz bataille. — Enon Deu, fait Lanceloz, je ne lairoie en nule maniere 	quar uous nen porriez partir en nule maniere sanz bataille |En non dieu fet lanc̃. ge ne leroie pas	1246|1247
1198	que je n’i alasse, 	que ge ni alasse. 	1248
1199	car je i perdi mon cheval ersoir ne sai en quele manniere. — 	Car ge i perdi hersoir mon cheual. ne sai en quel maniere. 	1249
1200	Puis que vos avez si grant talant d’aler i, fait li chevaliers, g’irai o vos et verrai l’onor 	puis que uous auez si grant taleut daler i. ge irai aueuc uous. |et uerrai honneur 	1250|1251
1201	que Diex vos fera 	que diex uous fera.	1252
1202	et vos conterai entre ci et la tel chose 	Et uous conterai entre ci et la tel chose. 	1253
1203	par coi ceste bataille devroit remanoir. 	par qoi la bataille porroit bien remanoir. 	1254
1204	Lors dist a ses sergenz 	Lors dist a ses serianz 	1255
1205	qu’en li aport ses armes, 	que len li aport ses armes. 	1256
1206	car il voldra a mon signor Lancelot faire compaingnie dusque au chastel. 	quar il uoudra. a misire lanc̃. fere compaingnie iusques au chastel. 	1257
1207	Et quant il est armez	Et quant il est armes. 	1258
1208	et il sont andui monté, la damoisele dist a Lancelot: « Sire, je ai oï dire 	Et il sont andui montez. La damoisele dist a lanc̃. Sire iai oi dire 	1259
1209	qu’il avra I. tornoiement a Kamaalot. I serez vos ? — 	qui l i aura .i. tornoiement a kamaalot. y serez uous: 	1260
1210|1211	Por quoi le demandez vos ? — |Por ce	pour quoi fet il le demandez uous. pour ce fet ele 	1261
1212	que se je vos i cuidoie veoir, je ne lairoie en nule manniere 	que ie uous i cuidoie ueoir. Ie ne leroie en nule maniere 	1262
1213	que je n’i alasse. — 	que ge ni a lasse.	1263
1214	Et je vos di, faît il,	Et ge uous di fet il. 	1264
1215	que g’i serai, 	que gi serai. 	1265
1216	se je sui en ma lige poesté. — 	se ge sui en ma lige poeste. 	1266
1217|1218	Or alez |dont, fait ele, a Dieu, 	Ore alez donc fet ele a dieu. 	1267
1219	car je vos i verrai, 	Car|ge uous i uerrai 	1268|1269
1220	se merveille n’est.» Il s’em partent maintenant. 	se merueille |nest.Si sen partent maintenant. 	1270|1271
1221	Quant il sont I. poi esloingnié del chastel, 	Quant il sont .i. poi esloingnie del recet. 	1272
1222	si dist li chevaliers a Lancelot : « Sire, vos estes de la meson le roi Artu et compaingnon de la Table Reonde 	Si dist li cheualier. a lanc̃. Sire uous estes de la meson le roy artur. |et compaignon de la table reonde 	1273|1274
1223	et par ce cuit je bien 	Et pour ce croi ge bien. 	1275
1224	que vos quenoissiez cels 	que uous connoissiez cels 	1276
1225	qui en sont conpaingnon. » 	queui en sont compaignon. 	1277
1226	Et il dist 	Et il dit 	1278
1227	qu’il ne repaire mie a cort moult, e 	quil ne repaire mie a court souuent. 	1279
1228|1229	et par ce nes? |puis je pas connoistre touz, mais les plus erranz 	Et par ce nes puis ge mie connoistre touz. Mes les plus erranz et cels 	1280
1230|1231	et cil |qui plus quierent aventures cuit je bien connoistre ; 	qui plus quierent auentures cuit ge bien conuoistre. 	1281
1232	et si en i a il maint 	Et si en y a il molt 	1282
1233|1234	que je ne connoiz mie, |ce poise moi, 	que ge ne connois mie. ce poise moi. 	1283
1235	car il n’en i a nul	Car il nen y a nul 	1284
1236	qui assez ne soit prodom et vaillanz ».	qui assez ne soit preudom et uaillanz.	1285
