0|1	Et Lanceloz ot toute jor chevauchié las et travilliez de ce |qu’il	Agora dize el Cuento 	0
2|3	ot le jor fait |et ses chevaux se doloit si durement 	que quando don lançarote se salio del torneo 	1
4|5	que del poindre |qu’il ot le jor fait 	que andubo todo aquel dia porla floresta muy Cansado del afan 	2
6|7	que des petites plaies |qu’il avoit 	que hauia sufrido todo aquel dia y su Cauallo hera tan laso y tan quebrantado delas feridas 	3
8|9	a |que a painnes pooit il aler 	que no se podia mouer entonçes cato 	4
10|11	que le pas. |Lors resgarde arriere lui 	y vio venir enpos desi vn cauallero armado 	5
12	et voit venir. J. chevalier armé et une molt bele dame avec lui. Il le saluent, 	y traia vna donzella Con sigo que hera muy fermosa y tanto 	6
13|14	quant il viennent pres, |et il a molt grant paor de quenoissance; 	que ael llegaron saludaronle y el aellos 	7
15|16	si respont basset |que Diex les beneie. « 	y dixole la dueña 	8
17	Biaux sire, fait la dame, 	señor cauallero 	9
18	qui estes vos ? — J. chevaliers sui, 	quien sodes dixo el |yo so vn Cauallero 	10|11
19	ce poez veoir. — 	y esto podedes vos bien sauer sin falla cauallero sodes vos dixo ella 	12
20|21	Si m’aïst Diex, fait ele, chevaliers estes vos tel a mon esciant |qu’il n’a vostre pareil ou monde: 	atal que enel mundo no ay vuestro par al mi cuidar esto se vio por oy y porlo ver pormis ojos 	13
22	si le sai par or̈r dire et par veoir et je vos pri par la riens 	e yo vos Ruego porla fe 	14
23	que vos plus amez el monde	que deuedes ala cosa del mundo 	15
24	que vos hui veingniez herbergier o moi en un mien chastel 	que vos mas amades |que vaiades comigo a aluergar a un mi castillo 	16|17
25|26	qui ci pres est, |par couvant 	que es çerca de aqui por pleito 	18
27	que je vos mousterrai demain la plus bele riens 	que vos muestre |e vna delas mas fermosas cosas del mundo de grado 	19|20
28	que vos onques veissiez. » 		
29	Et il dist 	dixo el 	21
30	qu’il i ira volentiers par cest couvant. « 	yre conbusco |por tal pleito 	22|23
31	Or en venez donc, fait ele. — Alez, fait il, 	pues andad dixo ella 	24
32	et je vos suirrai. » La dame s’an vait avant 	y yo yre delante |entonzes se fue delante 	25|26
33	et cil aprés 	y el enpos della 	27
34	qui greingnor mestier eust de repos 	ca mucho hauia el menester de folgar 	28
35	que de chevauchier; 	mas que de andar 	29
36|37	si ont tant alé |qu’il vindrent en J. valee et voient el fonz del val I. chastel bien fait et bien seant	e quando llegaron a vn balle vieron vn castillo muy fermoso 	30
38|39	dont li mur estoient fort et grant et menuement crenelé. |Quant il vindrent au chastel, 	e muy alto y muy fuerte 	31
40|41	si estoit ja grant nuit |et la dame apele celui 	y quando y llegaron hera ya noche 	32
42	qui la porte gardoit 		
43|44	et li dit |qu’il ouevre la porte	y llamo ella ala puerta 	33
45|46	et cil si fait. |Et il antrent anz 	y abrieronla luego 	34
47|48	et chevauchent dusqu’au mestre palais ; |et quant cil de laienz voient 	y desque entraron fueronse al gran palaçio y quando los dela villa vieron asu señora salieron todas porlas Ruas 	35
49|50	que lor dame vient,|si li saillent a l’encontre o cierges et o tortiz, 	ala Resçeuir con candelas ençendidas 	36
51	car autrement n’i veissent pas por la nuit 	que de otra mente no podian ver 	37
52|53	qui trop ert oscure. |Si descendent la dame 	que mucho façia escuro e tanto que llegaron al palaçio desçendio la dueña 	38
54	et ele dist 	e dixo a toda su compaña 	39
55	qu’il ne s’entremetent de lui, « 	de seruir 	40
56	mais je vos pri, fait ele, 	ami no quiero |que vos trauajedes 	41|42
57|58	d’onorer cel chevalier |et de servir, 	mas todo el seruiçio y la honrra 	43
59	car je vos di, fait ele, 	que ami auedes de fazer 	44
60	qu’il est li plus prodons del monde et le millor chevalier». 	quelo fagades aeste Cauallero |que es el mejor cauallero del mundo 	45|46
61|62	Et le descendent maintenant |et li ostent l’escu del col, 	y ellos le ayudaron a desçender del cauallo 	47
63	puis le moinnent amont 	y le tomaron el escudo 	48
64	et le desarment. 	y lleuaronlo avna camara y desarmaronlo 	49
65	Et la dame le resgarde 	y la dueña lo cato 	50
66	et voit le vis gros et anflé 	y viole todo el Rostro ynchado 	51
67	et le nes escorchié et sanglant des cox 	y las narizes desolladas delos grandes golpes 	52
68	qu’il ot donnez et receuz ; 	quele dieron 	53
69	si li fait aporter eve chaude a laver son col et son vis	y ella le fizo dar del agua Caliente para lauar el Rostro y el Cuello 	54
70	qui touz estoit nerciz des mailles del haubert. 	que andaua tinto dela loriga 	55
71	Et quant ele resgarde l’escu, 	y despues Cato ella el su escudo gran pieça |y dixo ansi 	56|57
72|73	si dist oiant touz ceus de laienz : « |Ha, escuz,	que todos lo oyeron ay escudo ay escudo 	58
74|75	tant avez hui esté resgardez et desirrez d’estre tenuz de maîntes beles puceles! |Si m’aïst Diex, 	que tanto fuistes oy Catado detan fermosa dueña y donzella 	59
76	bien se puet celui vanter 	y tan deseado fue aquel 	60
77	qui vos porte,	que vos traia 	61
78	que onques chevalier tel merveilles ne fit en I. jor 	y asi me aiude dios bien se puede loar aquel Cuio vos sodes |que nunca Cauallero fizo tales marauillas en vn dia 	62|63
79	com a hui fait cist. 	como el fizo 	64
80	Et beneoiz soit Diex 	e loado sea dios 	65
81	qui le me donna acointier,	que melo oy fizo fallar 	66
82	car il ne me poïst mie greingnor honor avenir de ce 	que no podia yo hauer oy mas honrra |que delo hauer por huesped 	67|68
83	qu’il est venuz a mon hostel. » 	entonzes fue asu Camara 	69
84|85	Lors entre en sa chambre et aporte robe de cendal a vestir a Lancelot; |et quant il est vestuz, 	e traxole vnos muy Ricos paños de çendal 	70
86	si le fait seoir 	y vistiolo 	71
87	et li dist: « Sire, reposez vos,	e fizolo asentar en vna su Cama y dixole 	72
88|89	car si maist Diex vos le devez bien faire, |car asez avez esté travilliez. » 	señor sedvos ay 	73
90|91	Et ele conmande a cels de laienz |qu’il apareillent a mengier, 	que asi dios me ayude mucho hauedes trauajado oy 	74
92|93	car il en est tans |et il si font. 	e fizole luego dar de comer 	75
94|95	Quant il furent assis a la table, |si vint laienz I. vallez 	y ellos estando alas mesas entro vn donzel 	76
96	qui dist a la dame: « Dame, mes sires est venuz. — De par Deu, fait ele, di li 	y dixo señora mi señor es venido |enel nombre de dios dixo ella 	77|78
97	qu’il viengne mengier 	ve y dile 	79
98	et qu’il ne demort mie, 	que venga luego aca |y no se detenga 	80|81
99	car il a çaienz I. chevalier 	que vn Cauallero posa aqui 	82
100	a cui je voil	aquien yo queria fazer mucha honrra y mucho seruiçio 	83
101	que il face grant joie. » Li vallez vient a son signor	y el donzel Corrio asu señor 	84
102|103	et li dist ce |que sa dame li mandoit. 	y contole quanto su señora le mandara dezir 	85
104	Et il se desarma maintenant 	y el descaualgo luego 	86
105	et ausint firent tuit li autre; 	e otros nuebe 	87
106	si vint el palais soi disieme de chevaliers 	que Conuenian y fueronse parala dueña a do estaua 	88
107	et la dame se leva encontre lui et ansi fist Lanceloz. 	e la dueña e don lanzarote se leuantaron aellos 	89
108	Et li sires li conmande molt tost 	y el huesped demando a don lanzarote 	90
109	qu’il se rasiet 	que estubiese en paz 	91
110	et il si fait. 	e luego se asentaron todos a Comer |Como el huesped dezia delas marauillas 	92|93
111	Quant il furent assis 	que don lanzarote fiçiera enel torneo |Despues que todos fueron asentados a comer 	94|95
112	et il orent un poi mengié, 	e Comieron el primero manjar 	96
113	si li dist la dame: « Sire, faites joie a vostre oste, 	dixo a su marido la dueña señor fazed gran fiesta y gran alegria coneste vuestro huesped 	97
114	car bien sachiez 	ca saued 	98
115	que a plus prodome de lui ne poez vos faire honor. — Prodom, fait il, dame? 	que con mejor no lo podedes vos fazer |dueña 	99|100
116	Qu’est ce	dixo el 	101
117	que vos dites ? 	que dezides 	102
118	Certes je ne di mie 	Ca çierto yo no lo digo 	103
119|120	qu’il ne soit prodom et vaillanz. |mais il a molt a faire en I. prodome, plus 	por despreçiar aeste Cauallero 	104
121	que je ne cuidoie hui 	que me semeja mucho bueno 	105
122	matin.Si ai tant apris en cest jor d’ui 	mas mucha mas bondad 	106
123|124	que je cuit |qu’il ait el monde 	ay en otro cauallero 	107
125	que I. prodome.	que yo vi oy de mañana 	108
126|127	Mais celui |que je di ai je bien hui veu esprouver entre chevaliers 	que segund creo enel mundo no ay mas de aquel Cauallero 	109
128|129	que puis que chevalerie fu establie, ne cuit je |que hons mortex feist tels merveilles 	e desque Caualleria fue Començada nunca vi ome tal tanto fazer envn dia 	110
130	com il a hui faites. » 	como este fizo 	111
131|132	Lors li demande la dame |ausi 	y ella dixo estonçes 	112
133	comme s’ele n’i eust mie esté: « Sire,		
134|135	ou fu ce |que veistes celui chevalier 	como sino fuera alla señor vistes vos ese Cauallero 	113
136	que vos dites ? —	çierto |dixo el 	114|115
137	Ce fu, fait il, a l’assembles le roi Baudemagu et del roi de Norgales. — 	yo lo vi enel torneo del Rey bandemagus |e del Rey de norgales 	116|117
138	Ha, sire. 		
139|140	quiex greingnors merveilles pooit il faire |que li autre faisoient ? — 	y vi las marauillas 	118
141|142	Quelz, dame ? |Ce ne vos avroie je ouan conté. 	que fizo y esto no lo podriades vos bien sauer demi 	119
143	Par foi, ja Diex ne m’aïst 	que dios no me aiude 	120
144	se je savoie pas raconter ce 	si yo podria contar la quarta parte delas marauillas 	121
145	que je li vi faire, 	quele vi fazer 	122
146	ne vos ne m’en creriez mie, 	y ella que hauia gran sauor de oyr lo que ella viera 	123
147|148	se je vos juroie sor sainz, |car il vos sambleroit merveilles. » 	e tenia antesi 	124
149	Et cele cui il plest? a escouter ce 	al quelo fiziera 	125
150|151	qu’ele ot veu et meesmement devant celui |qui ce avoit fait dist au signor: « 	dixo el 	126
152	Biau sire, 	mi buen señor 	127
153	toute voies an diroiz vos aucunnes beles jostes devant cest prodome 	dezidnos alguna Cosa ante este Cauallero 	128
154|155	qui çaienz est herbergiez |si qu’il le sache a dire,	Porque lo sepa el contar en otro lugar Pordios dixo el Cauallero 	129
156	quant il venra en son païs. — Biaux cox, fait li sires, vos am puis je dire plus de M., 	yo le vi dar muy grandes golpes 	130
157	car je l’aloie touz jorz sivant 	porque andaua enpos del 	131
158|159	por veoir les merveilles |qu’il faisoit: 	por ver las marauillas que fazia 	132
160	si li vi occirre a V. cox V. chevaliers 	e digo vos quele vi dar çinco golpes delos quales derribo çinco caualleros 	133
161	et V. sergenz si vistement 	y mato çinco Cauallos sin otros Caualleros 	134
162	qu’il fandoit pres que a par mi les chevax et les chevaliers et de moi meesmes vos di je 	que atraueso porlas espaldas |y mas vos digo 	135|136
163	qu’il fandi mon escu en I. moitiez	que ami fendio el escudo 	137
164|165	et trancha ma sele |et coupa mon cheval par mi les espaules,	y el arçon dela silla y al mi cauallo porlas espaldas 	138
166	et tot a J. sol cop. — Sire, fait la dame, 	y aun mas vos digo |que todo esto fue devn golpe señor dixo ella 	139|140
167	dont ne cuit je mie 	no Cuido 	141
168|169	que vos receussiez l’autre cop. — Je, dame ? fait li sires. |Qu’est ce 	que otro golpe le quisierades attender 	142
170	que vos dites ? 	ca dios no me aiude 	143
171	Si m’aïst Diex, je n’atandisse l’autre cop por toute la terre le roi Artu,	si otro golpe le quisera attender |por quanta tierra ael Rey artur 	144|145
172	car aprés s’espee ne me couvenist il ja mire fors la mort,	que ya contra su golpe no podria durar arma 	146
173	ne il n’a mie au mien esciant home si hardi el monde,	que ombre traxese ca enel mundo no a maestro 	147
174	s’il avoit hui veu ce 	quelo pudiese guareçer de muerte |saluo dios enel mundo 	148|149
		no a Cauallero 	150
175	qu’il avoit fait, 	que lo viese fazer 	151
176	que jamais l’atandist a cop.» 	lo que yo vi |quele osase attender 	152|153
177	Et la dame s’ancommance a rire. « 	y aun vos dire mayor marauilla del Cauallero 	154
178	Encore vos dirai je greingnors merveilles, fait li sires, 	que yo le vi |por buena fee convna pieça 	155|156
179	que je li vi abatre a J. retrous de lance IIIl. chevaliers : 	quele quedo dela lança |que derribo çinco Caualleros 	157|158
		y esto bien creo 	159
180	ce ne fist onques ne home ne deables. — 	quelo nunca fizo ome ni diablo saluo este |Como el Cauallero 	160|161
		que aluergara a don Lançarote le conoçio 	162
		que el hera porel escudo 	163
		que viera 	164
		Despues que el Cauallero ouo dicho todas estas cosas la dueña se Començo de Reir 	165
181	Or me dites, fait la dame, 	y dixo |señor si tal cauallero vos pudiesedes hauer 	166|167
		por huesped envuestra Casa 	168
182	que feriez vos,	quele Cuidarades fazer 	169
183	se vos teniez celui en vostre ostel ? — 	pordios dueña yo le fare |dixo el quanta onrra le pudiese fazer 	170|171
184	Certes, dame, fait il, 	y demi grado no se partiria demy |que enel mundo yo mas Rico tesoro yo non podria guardar 	172|173
185	se la force en estoit moie, il ne se partiroit ja de moi, 	que ael |y si el se fuese quelo vos non conoçiesedes 	174|175
186|187	ainz le tandroie avec moi, |car plus riche tresor ne porroie je mie tenir. — 	que fariades dueña 	176
188|189	Et s’il i avoit, fait la dame, esté en tel manniere |que vos nel conneussiez, 	si me dios salue dixo el 	177
190	que feriez vos ? — Je n’avroie jamais joie, fait il ; 	nunca perderia ende el pesar |mientras fuese viuo 	178|179
191|192	et s’il le savoient|et il nel me disoient, il n’am porroient eschaper sanz mort. — En non Dieu, fait ele, 	y si enmi casa ouiese tal quele Conoçiese y melo negase verdaderamente non podria escapar 	180
193	donc nel vos celerai je plus, 	quele non tollese la Caueza 	181
194	ainz le vos dirai, 	Pordios señor dixo la dueña 	182
195	car je ne voil mie avoir vostre haine. 	pues no bos lo quiero enCubrir |que no querria auer la vuestra saña 	183|184
196	Si saichiez 	y porende saued señor 	185
197	que ce est cil prodom 	que ese Cauallero 	186
198	qui delez vos siet. » 	que esta apar devos es 	187
199	Et il le resgarde. « Monstrez moi, fait il, son escu, 	pues mostradme el su escudo 	188
200|201	car par ce le connoistrai je bien. » |Et ele conmande 	que si lo viere yo lo conoçere 	189
202	que l’an li aport. « Dame, dame, fait Lanceloz vos me dites ore tant de honte en vostre ostel 	y entonze Mando la dueña traer su escudo y don lançarote dixo |dueña bien me podeis fazer agora desonrra 	190|191
203	comme vos voldrez; 	quanto vos pluguiere 	192
204	mais se je quidasse 	mas si yo Cuidara 	193
205	que vos fussiez si pooir 	que tan desmesurada fuerades contrami yo no tornara Conbusco |Por Ruego que me fizierades ay señor dixo ella 	194|195
		no tengades esto por desonrra 	196
206	que vos eussiez. — 	si tengo |dixo el 	197|198
207	Ha, sire, faît la dame, poise il ja plus parlé, 	pues señor dixo ella |no fablare mas enello 	199|200
208	puis qu’il vos poise, 	que no Cuidaua 	201
209|210	et sachiez que honor. » |Lors s’en vait li sires en une chambre connoist bien 	que vos fazia enojo ante Cuidaua 	202
211	et en a trop grant joie. 	que vos fazia plazer 	203
212	Lors revient est touz suens a faire son commandement; 	entonze se leuanto el Cauallero |y fue ala Camara 	204|205
213	et il l’an 	do el escudo estaua |y quanto quelo vio conoçiolo luego 	206|207
214	Cele nuit fu couchiez a aise, 	y fue alegre amarauilla y tornole luego adon lanzarote y dixole |señor yo so ala vuestra merçed 	208|209
215	si se reposa, 	ca bien podedes fazer demi 	210
216	car Quant il fu esvilliez, 	Como devuestro cauallero 	211
217|218	si estoit ja li soulaux granz piece fresche et nouvele |et il la prant et la vesti. 	señor dixo don lanzarote muchas merçedes 	212
219|220	Quant il mengiers aprestez. |Quant il orent mengié et les tables li prie 	Como don lanzarote libro ala Donzella 	213
221	qu’il remaingne huimés 	que estaua enla tina 	214
222|223	et il dist |qu’il ne le montez el 	Aquella noche fue don lançarote aluergado de todo 	215
224|225	cheval, il prant son escu |et demande l. glaive « Dame, vos souvient il del couvenant 	quanto hubo menester 	216
226|227	que nos eusmes vos pri je, fait il |que vos vos en aquitoiz 	y otro dia demañana vistiose 	217
228|229	si com vos vilainne, je ne fusse anuit entrez en vostre hostel |por vos il donques ? — Dame, oîl certes. — 	e fuese a oyr misa 	218
230|231	Dont n’an sera je le faisoie par amors |et vos quidoie faire grant 	y quando torno fallo guisado de comer 	219
232|233	ou li escuz estoit, |et si tost com il l’a veu, 	y asen-tose a Comer 	220
234|235	si le arriere |et fait Lancelot trop grant feste 	y desque hubo comido pidio sus armas y armose 	221
236|237	et dist |qu’il mercie molt. 	y el señor del castillo le dixo 	222
238|239	assez estoit las et travilliez,|et dormi dusque vers prime. avoit levez a; 	señor quedad aqui oy yo voslo Ruego y el dixo 	223
240	et la dame li ot apparillié robe de lin fu vestuz et aparilliez 		
241|242	et il ot oi messe, |si fu li furent levees, Lanceloz demande ses armes 	que no podia ser 	224
243	et li sires feroit en nule manniere. 	y desque fue armado Caualgo ensu cauallo 	225
244	Et quant il est touz armez	y tomo su escudo |y demando vna lança 	226|227
245	et et l’an li aporte. 	y dieronsela 	228
246	Lors dist a la damoisele de laienz: entre moi et vos ? — Sire, fait ele, ofl bien. — Dont devez faire. » 	y estonzes dixo ala Reyna miembreseos delo que me prometistes señor 	229
247	Et ele dist 	dixo ella 	230
248	que si fera ele volentiers.	muy bien 	231
249	Lors fait enseler J. palefroi 	pues mostradmelo |dixo el 	232|233
250	et dist a I. vallet 	muy de grado 	234
251	qu’il la sive. « Dame, fait il, 	dixo ella |e luego mando a un escudero ensillar su palafren 	235|236
252	ou devez vos aler ? — Sire, je manrai cest seignor a Corbenic 	e dixo a vn su donzel ve caualgar |y yras comigo 	237|238
253	que je li ai en couvant a monstrer la plus bele riens del siecle. — Alez donc, fait li sires, 	y el fizo luego su mandado |e dixo el Cauallero su marido 	239|240
254	et pensez dou revenir. » 	a do queredes yr |dixo ella 	241|242
255	Ele se part atant de laienz 	a Coruerit coneste cauallero quele he de demostrar la mas fermosa cosa del mundo |Pues yd conel 	243|244
256	et aquielt sa voie ou Lanceloz, 	y tornaduos lo mas presto que pudieredes 	245
257	si fu molt bien enmuselee por le souleil 	y luego se partio ende la dueña 	246
258	qui mal ne li feist. 	y don lanzarote conella 	247
259|260	Einsi chevauchent dusque aprés none tant |que il viennent en une valee 	e quando hubieron andado quanto vna jornada llegaron a vn balle 	248
261	et voient devant aux el fonz del val J. petit chastel molt bien seant, 	y bieron vn castillo muy alto y muy fermoso y muy bueno 	249
262	car il est clos tout entor d’eve parfonde et de bons murs batilliez. 	y ellos çerca del castillo fallaron vna donzella 	250
263|264	Quant il vindrent pres, |si encontrerent une damoisele 	que venia envn palafren blanco 	251
265	qui dist a la dame : « Dame, 	y dixo ala dueña 	252
266	ou menez vos cel chevalier? » 	donde lleuades este Cauallero 	253
267	Et ele dist : A Corbenic. — Voire, dame, fet la pucele, en non Deu, donc ne l’amez vos gueres, 	señora dixo la dueña a Coruerit 	254
268|269	car vos l’amenez en tel leu |dont il ne puet partir sanz honte et sanz domage. » 	pordios si verdad es poco lo amades ca no se puede ende partir sin desonrra 	255
270	Tant ont alé 	si fara dixo ella 	256
271	qu’il viennent au chastel 	si dios quisiere 	257
272|273	et troevent le pont |par ou on	y luego pasaron vna puerta de madera 	258
274	passoit,si entrent enz, 	y entraron al Castillo 	259
275	et quant il viennent en la maistre rue, 	y ellos yendo porla Rua al alcaçar començaronle todos a dezir señor Cauallero 	260
276	si li conmance l’an a dire: « Sire chevaliers, la charrette vos atant. » 	a subir vos conuiene enla Carreta 	261
277	Et il respont basset 	y el dixo entresi 	262
278	que s’il li couvient entrer, ce n’est? pas la premiere foiz 	si yo enella subo |no sera esta la primera vez 	263|264
279	qu’il i a antré. 		
280|281	Et il chevaucherent toutes voies tant |qu’il aprochierent de la maistre tor ; 	y fueronse pormedio del Castillo fasta el alcaçar 	265
282|283	si la prise molt, |car c’est la plus bele et la plus fort 	y quando viola torre del alcaçar paresçiole muy fermosa 	266
284|285	qu’il onques veist a son esciant. Il resgarde sor destre |et ot une voiz de fame assez pres de lui, 	y el estandola myrando oyo dar vozes avna muger muy çerca 	267
286|287	ce li ert avis. Il vet cele part |et voit 	y el fue alla y vio avna donzella estar 	268
288	que c’ert la damoisele 	y esta hera la que don galuan prouara 	269
289	que mes sires Gauvain vost geter de la cuve, 	por sacarla dela tina del agua feruiente |enque yazia 	270|271
290	mes il he pot, 	e non pudo 	272
291	et ele crioit: « Sainte Marie, 	y quando ella vido a don lançarote dixo |ay sancta maria 	273|274
292	qui me getera de ci ?, 	quien me sacara desta agua 	275
293	Et quant ele voit venir Lancelot, 		
294	si dist: « 	que me quemo 	276
295|296	Ha sire, getez moi de ceste eve |qui m’art !» Il vient a la cuve 	y don lanzarote fue luego aella 	277
297	et la prant par les braz 	y tomola porla mano 	278
298	et la met fors, 	y sacola fuera 	279
299|300	Et quant ele se voit delivre, |si li chiet as piez 	y quando la donzella se vido fuera dela cuita 	280
301	et li baise la jambe 	enque yazia fincolos 	281
302	et le soler 	ynojos ante el 	282
303	et li dist: « 	y dixole 	283
304|305	Ha, sire, beneoite soit l’eure |que vos fustes nez, 	señor vendito sea el dia enque naçistes 	284
306	car vos m’avez gité de la greingnor dolor ou fame fust onques. » 	Ca vos me librastes dela mayor Cuita |que nunca muger sufrio 	285|286
307	Mais maintenant conmance la sale a emplir de dames et de chevaliers 	y besole el pie |y luego entraron muchas dueñas e Caualleros enel palaçio 	287|288
308	et si assemblent tuit cil de la vile por veoir la damoisele 	por ver aquella marauilla |Ca luego dieron de vestir ala donzella 	289|290
309	et la mainnent en une chapele 	y lleuaronla avna capilla de san-cta maria 	291
310	por randre graces a Nostre Seingnor. 	por dar graçias de aquella merçed quele fazia 	292
311	Lors moinnent Lancelot en I. cimetiere desouz la tor 	e otrosi lleuaron a don lanzarote a vn çiminterio |que hera so la torre grande 	293|294
312|313	et li monstrent I. tombe molt riche |ou il avoit lestres escrites 	y mostraronle vn munumento muy fermoso e muy Rico en que hauia letras 	295
314|315	qui disoient: « |Ja ceste tombe ne sera levee devant 	que dezian de aqui ya esta tumba no sera alçada 	296
316	que li lieparz i mestra main, 		
317|318	de qui li granz lions doit issir,|et cil la levera legierement, 	si non porel leon pardo dequien a de salir el gran leon mas este la alzara muy ligeramente 	297
319	et lors sera engendrez li granz lions en la bele fille au roi de la Terre Forainne. » 	ca entonçes se engrandezera el gran leon |enla fija del Rey dela tierra forana 	298|299
320	Quant il a les lestres leues, 	Como don lançarote alço la tumba |y mato la serpiente Puesque lançarote leyo las letras 	300|301
321|322	si n’entant pas |qu’eles vuelent dire et cil 	y no entendio lo que querian dezir 	302
323	qui entor lui sont li dient: « Sire, nos cuidons bien	y los que estauan alderredor del dixeron |señor nos sauemos bien 	303|304
324|325	que ce soiez vos |dont ces letres parolent, 	que vos sodes este leon Pardo que estas letras fablauan 	305
		y no entendio lo que querian dezir 	306
326	car nos savons bien par la damoisele 	ca nos entendemos bien porla prueba 	307
327	que vos avez delivree 	que vos feçistes enla donzella 	308
328	que vos estes li mieldres chevaliers de touz cels 	que librastes dela tina ardiente |enque ella estaua que vos sodes el mejor cauallero del mundo 	309|310
329	qui or sont. — 	amigos dixo el 	311
330	Que volez vos 	no me digades esto 	312
331|332	que je face? Je sui pres de faire totes voz volentez. — Nous volons. font il, |que i vos levez ceste tombe 	mas dezidme y mostradme lo que tengo de fazer 	313
333	et veoiz 	y fazerlo 	314
334	qu’il a desouz. » 	he como vos quisieredes Nos queremos dixeron ellos |que alzedes esta tumba y bedlo que yaze so ella 	315|316
335	Et il met la main au plus gros chief et la lieve trop legierement 	y don lançarote tomo luego la tumba |porel cauo mas grueso 	317|318
336	et voit dedenz le plus hideuz serpent et le plus felon par samblant 	y alçola luego muy ligeramente y vio dentro vna serpiente la mas fuerte 	319
337	dont il oïst onques parler. 	que el nunca viera 	320
338|339	Et|quant il voit Lancelot, 	e quando ella vido a don lançarote alçose contrael 	321
340|341	si li gete feu si ardant |qu’il li brule tout son haubert et ses armes 	y lanço porla boca vn fuego tan grande que todas las armas les amusco 	322
342	et se lance fors de la tombe en mi le cimetiere 	y desi salto fuera del munumento 	323
343	si que li arbrisel 	y començo a echar tanto de fuego 	324
344	qui dedenz estoient conmencierent a ardoir por l’ardeur dou feu. 	que quemo vnos arboles pequeños |que ay estauan 	325|326
345|346	Et cil de laienz tornent en fuie |et montent as fenestres en haut 	y todos començaron de fuir y fueronse subir sobre vnas finiestras 	327
347|348	por veoir |conment il sera 	por ver lo que faria don lançarote 	328
349	et Lanceloz gete son escu l devant son vis, 	y el puso el escudo delante si 	329
350|351	puis s’adresce cele part |ou il vit le serpent comme cil 	y dexo correr contrala serpiente 	330
352	qui ne doute aventure 	ca non la dubdaua ni temia ninguna Cosa ni auentura 	331
353	qui avenir li puisse. 	quele auiniese 	332
354	Et li serfald]panz li giete feu envenimé 	y la serpiente començo a echar fuego |y ponzoña contrael 	333|334
355	si qu’il li art son escu par defors 	asi que todo el escudo le quemo 	335
356	et Lanceloz le fiert par mi le piz del glaive 	e don lançarote le fue a dar vna lançada tan grande porlos pechos 	336
357	si qu’il li met el cors et fer et fust. 	quela lança le paso dela otra parte 	337
358|359	Et il conmance a batre a la terre de ses eles comme cil |qui est navrez a mort, 	y la serpiente començo a ferir delas alas conla Rauia dela muerte 	338
360	et ll met la main a l’espee 	y don lanzarote metio mano al espada 	339
361	et li donne grant cop la	y començole de dar muy grandes golpes 	340
362	ou il le puet ataindre 	por doquier quela podia alcançar 	341
363	tant qu’il li fait le chief voler.	asi que ala çima la tajo la cabeza 	342
364|365	Lors viennent? avant li chevaliers |qui ja estoit armez 	entonçes vio venir muchos caualleros armados que venian a ayudar 	343
366|367	por aidier a Lancelot; |et quant il voient 	y quando vieron la serpiente muerta fueron todos muy alegres 	344
368	qu’il l’a ja occis, 	y fueron todos contra don lan-zarote 	345
369	si le reçoivent a grant joie 	y Resçiuieronlo con muy gran alegria 	346
370	et conmancent li sain a sonner. 	y luego començaron de tañer todas las canpanas dela villa 	347
371	Maintenant viennent laienz chevaliers, dames et damoiseles tant 	y todos los Caualleros y escuderos |y muchas dueñas y donzellas se llegaron ay 	348|349
372	que ce n’est se merveille non a	y pasauan porante don lanzarote 	350
373|374	et li dient |que bien soit il venuz sor touz ceaux dou monde ; 	y façianle todos Reuerençia e deçianle todos vos sodes el bien benido sobre todos los Caualleros del mundo 	351
375|376	si le moinnent el maistre palais |et le desarment. A cels paroles issi de laienz J. granz chevalier. 	y lleuaronlo al gran palaçio 	352
377|378	et amenoit o lui grant compaingnie |et estoit I. des plus biaux hom 	y fizieronlo desarmar 	353
379|380	que Lanceloz eust onques veu, |puis qu’il parti de Kamaalot, 	entonçes vio don lançarote salir devna camara vn gran Cauallero y conel vna gran compaña de Caualleros 	354
381	et molt resambloit bien gentil home. 	y hera muy fermoso e muy preçiado amarauilla 	355
382	Et quant cil de laienz le voient venir, 	y los del palaçio |quando lo vieron dixeron a don lançarote 	356|357
383	si se lievent encontre lui 	señor vedes ay el Rey |y qual Rey dixo el 	358|359
384	et dient a Lancelot: « Sîre, veez ci le roi	señor dixeron ellos el Rey peles 	360
385	qui vient. » 	y luego fue don lançarote contrael |y dixole vos señor seades bien benido 	361|362
386	Lors se dresce Lanceloz 	y el Rey lo fue a abraçar 	363
387	et dist 	y dixole 	364
388|389	que bien soit il venuz |et il li rant son salu 	señor buena ventura vos de dios 	365
390|391	et li gete les braz au col |et li dist: « Sire, 	ca sabed señor 	366
392	tant vos avons desirré a veoir et a avoir 	que mucho vos deseauamos ver 	367
393|394	que Deu merci or somes nos saisi de vos. |Et sachiez 	e loado sea dios 	368
395	que nos en avions grant mestier, 	que vos Auemos 	369
396	car tant a esté nostre païs deserté et essillié et li povre home perdu lor gaingnage 	que tanto a estado esta nuestra tierra en Cuita y en pobreza |que todos los que y moran son pobres 	370|371
397	qu’il ert des ores mais bien droit, 	e bien seriades oy |mas si a dios pluguiese 	372|373
398|399	s’il plest a Nostre Seingnor, |que lor pertes soient restorees 	que cobrasen sus Riquezas Entonze lo tomo porla mano 	374
400	et lor biens restabli 	y fueronse a sentar envn estrado 	375
401|402	dont il ont esté grant piece soufraiteux. » |Lors s’asiet li uns delez l’autre 	y el Rey dixo 	376
403	et li demande li rois 	señor como habedes nombre señor 	377
404	dont il est 	dixo el 	378
405	et conment il a non. — Lancelot del Lac, fait il. — 	yo he nombre don lançarote del lago 	379
406	Or me dites, fait li rois, li rois Bans, li prodom 	e dixo el Rey El Rey ban |que murio 	380|381
407	qui morut de duel, ne fu il vostre peres? — Sire, fait Lanceloz, oïl. — 	Con pesar fue vuestro padre |Si señor dixo el 	382|383
408	Par foi, fait li rois, 	pordios dixo el Rey 	384
409	dont sui je touz aseur 	agora |so yo muy ledo 	385|386
410	que par vos ou par chose 	Ca yo se 	387
411	qui de vos istra sera cil pais delivrez des estranges aventures 	que porel y por vos saldra a desora esta tierra libre delas estrañas abenturas 	388
412	qui i aviennent jor et nuit. » 	que ay bienen noche y dia 	389
413	Lors vint avant une dame de si grant aage 	Como don lançarote vio el palomo |que traia el ynçensario y la donzella que traia el sancto baso 	390|391
414	que bien pooit avoir C. anz;	Ellos ansi fablando entro vna dueña enel palaçio |que hauia mas de çient años 	392|393
415	si apele le roi, 	e fuese al Rey |e dixole 	394|395
416	si li dist: « Sire, je voil a vos parler. » Li rois se part de Lancelot 	asi me querria fablar convos y el Rey se leuanto |y dexo a lanzarote 	396|397
417	et commande a ses chevaliers 	y mando a todos 	398
418	qu’il li facent compaingnie 	que se non partiesen del 	399
419|420	et il dient |que si feront il. 	y el fuese conla vieja auna camara 	400
421|422	Lors s’en vait o la dame en une chambre a et ele li dist, |quant il fu assis: « Sire, 	y desque se asentaron dixo la vieja al Rey 	401
423	que porrons nos fere de cest chevalier 	señor que faremos deste Cauallero 	402
424	que Diex nos a amené ? — Je ne sai, fait il, 	que nos dios aqui traxo no se |que podamos 	403|404
425	que l’an an doie faire 	ay fazer saluo tanto 	405
426	fors qu’il avra ma fille a faire sa volenté. — 	quele dare mi fija |que faga della su voluntad 	406|407
427	An non Dieu, fait la dame, je sai bien 	Pordios dixo ella |yo se 	408|409
428	qu’il ne la voldra mie panre, 	que la non querra 	410
429|430	quant l’an li offerra, |car il aimme tant la roine, la fame le roi Artu, 	que el ama tan lealmente ala Reina de bretaña 	411
431	qu’il ne voldroit avoir nule autre, 	que se |que el no querra otra muger que enel mundo sea 	412|413
432	et par ce couvandra il	y porende Conuiene 	414
433	que Pan le face si saigement 	quele demos la donzella tan enCubiertamente 	415
434	qu’il ne s’en aperçoive. — 	quelo el no entienda agora 	416
435	Or an esploitiez, fait li rois, 	catad dixo el Rey |Como lo fagades 	417|418
436|437	si com vos voudrez, |car il covient	ca toda via conbiene 	419
438	qu’il soit fait. — 	que sea oy 	420
439	Or ne vos entremetez plus, fait la dame,	Mas callad dixo ella 	421
440	car j’en vendrai bien a chief. » 	ca yo lo cuido muy sesudamente fazer 	422
441|442	Lors entre li rois en la sale |et vient a Lancelot 	y luego torno el Rey a don lançarote 	423
443	por faire lui compaingnie; 	ca mucho se pagaba desu compaña 	424
444|445	si parolent li uns a l’autre |et s’entracointent au plus bel 	y fablaron ambos de muchas Cosas 	425
446|447	qu’il pueent. |Si li demande Lanceloz 	y don lançarote dixo al Rey 	426
448|449	conment il a non |et il dist 	señor como hauedes nombre amigo dixo el Rey 	427
450|451	que l’an l’apele Pellés de la Terre Foreinne. Endementres |qu’il parloient einsi, 	ami dizen pelas Rey dela tierra forana 	428
452|453	si resgarde Lanceloz |et voit laienz entrer par une fenestre le coulon 	y ellos ansi fablando vio don lançarote entrar porvna finiestra el palomo 	429
454	que mes sire Gauvain. avoit veu autre foiz 	que don galuan viera otra vez 	430
455	et portoit en son bec I. encensier d’or molt riche. 	y traia enel pico vn muy Rico inçensario 	431
456|457	Et si tost com il fu laienz entrez,|si fu li palais repleniz de totes les bonnes odors 	y tanto que fue dentro fue el palaçio cumplido de todos los buenos olores del mundo 	432
458|459	que cuers d’ome porroit penser. |Et lors se turent par laienz, 	y luego Callaron todos 	433
460|461	qu’il n’i ot celui |qui mot deist, 	y nunca fablo ninguno ninguna palabra 	434
462|463	ainz s’agenoillierent, |quant il virent le coulon venir.	antes fincaron todos los inojos 	435
464	Et il entra maintenant en une chambre. 	y començaron a orar 	436
465	Lors saillent li sergent et metent les napes sus les dois, 	y tanto que el palomo se fue auna Camara los seruidores se leuantaron 	437
466|467	si s’asieent li un et li autre |sanz ce 	y pusieron las mesas y muchos vasos porellas 	438
468	que nus i deist mot 	y asentaronse aellas todos los Caualleros 	439
469|470	ne nus n’i fu apelez. |De ceste chose se merveille molt Lanceloz, 	ca non se Conuidaron vnos a otros y desto fue marauillado don lançarote 	440
471	si fait autel come li autre 	Pero el fizo |asi como vio alos otros fazer 	441|442
472	et l s’asiet devant le roi 	y asentose a par del Rey |y quando el vio 	443|444
		que fazian oraçion fizo el otrosi y luego a poco de ora vio salir dela camara 	445
		ado entrara el palomo la donzella 	446
473	et voit 	que biera con galuan |y dixo don lançarote entresi 	447|448
474	qu’il sont tuit em prieres et en oroison 	que verdad heralo quele dixera la dueña |que alli lo traxera 	449|450
475|476	et il fait autel |comme li autre font. 	quelo mostraria la cosa mas fermosa del mundo 	451
477|478	Aprés ce qu’il furent assis ne demora gueres |qu’il vit issir d’unne chambre une damoisele 	y ansi hera 	452
479|480	que mes sire Gauvain ot tant resgardee,|si fu si bele et si avenanz de toutes choses 	que nunca mas fermosa Cosa viera saluo a su señora la Reina ginebra y el Cato vn baso 	453
481	que Lanceloz meesmes dist bien 		
482|483	que onques mais a fame ne vit si grant biauté, |se ne fu en sa dame la roine 	que ella traia 	454
484	et dist 	e vido 	455
485|486	que voir li disoit cele |qui laienz l’avoit amené. Il resgarde le vessel	que hera como Caliz 	456
487|488	que la damoisels tenoit entre ses mains |qui est li plus riches a sou esciant 	y que hera la mas Rica cosa 	457
489|490	qui onques fust veuz par home mortel |et estoit fait en samblant de galice : 	que nunca ome viera 	458
491	si li est avis, 		
492|493	et bien le croit, |que ce soit sainte chose et dingne; 	y luego creio que hera Cosa muy sancta 	459
494	si conmança les mains a joindre encontre et a encliner le piteusement. 	y alço las manos contrael çielo |y finco los ynojos 	460|461
495	Et ausi com la dame passoit? par mi les dois s’agenoille chascuns devant le saint vessel 	y començo muy de Corazon a fazer oraçion 	462
496	et il si fait ausi. 	y ansi como la donzella pasaua 	463
497|498	Maintenant furent les tables raemplies de touz les biax mengiers |que l’an savroit deviser 	por çerca delas mesas ansi fincaron todas Cumplidas delos mejores manjares del mundo 	464
499	et li palais fu raempliz de si bonnes oudors 	y el palaçio hera cumplido detodos los buenos olores del mundo 	465
500	com se toutes les bonnes espices i fussent del monde espandues. 	asi como si alli fuesen aiuntadas quantas buenas olores y espeçias ay enel mundo 	466
501	Quant la damoisele fu une foiz alee par les dois. 	y desque la donzella paso vna vez |porante las mesas 	467|468
502	si s’an torne droit a la chambre 	tornose ala camara 	469
503	dont ele estoit venue. 	dedonde saliera |y dixo 	470|471
504	Quant ele s’an fu alee, li rois Pellés dist a Lancelot: « 	entonzes el Rey 	472
505	Certes, sire, je avoie molt grant paor 	a don lanzarote Mucho oue miedo que vos fallesçeria aqui la graçia de dios 	473
506	que la grace Nostre Seingnor ne fausist a cest cop tot 	como fallesçio el otro Dia a don galuan |señor dixo 	474|475
507	ausi 	lançarote 	476
508	com ele fist avant ier, 	mucho mal seria 	477
509|510	quant mes sire Gauvain fu çaienz. » — |Biau sire, fait Lanceloz, il n’est mie mestier que Nostre Sires 	si jhesu xpisto 	478
511|512	qui tant est debonnaires soit toz jorz couroueiez a ses pecheors. » |Quant li rois ot mengié par loisir, 	que es de tan buen talante fuese siempre sañudo Contralos pecadores 	479
513	si leverent les napes 	y despues que comieron a todo su talante 	480
514	et li rois demande a Lancelot 	y alçaron las mesas dixo el Rey |a don lanzarote amigo 	481|482
515	qu’il li samble del riche vesse! 	que vos semeja dela donzella que el vaso traia 	483
516	que la damoisele aporta. « Il me samble, fet il, 	y dixo don lançarote |señor semejame 	484|485
517	que de damoisele ne vi je onques si bele; 	que de quantas donzellas yo vi 	486
518	de dame ne di je mie.» 	que esta es la mas fermosa mas delas dueñas 	487
519	Quant li rois entant ceste parole, 	non vos fablo tanto y el Rey quando esto le oyo 	488
520	si pense tantost a ce 	Penso luego 	489
521	qu’il ot oï de la roine Genievre 	enlo que oyera dezir dela Reina 	490
522|523	et bien croit |que ce soit voirs 	y luego penso 	491
524|525	que l’an li|ot dit. 	que hera verdad 	492
526|527	Si vient a Brisane, la mestresse sa fille, cele |qui devant avoit 	quanto oyera 	493
528|529	a lui parlé, |et li conte ce 	y leuantose luego 	494
530	qu’il ot respondu de sa fille. « Sire, fait ele. iel disoie bien. 		
531	Or m’atandez l. poi 		
532|533	et je irai a lui parler. » Ele vient a Lancelot |et li conmance a demander noveles del roi 	y fue a fablar con brisaima la maestra fija dela dueña vieja 	495
534	et li dist teles 	que Conel ante fablara |y contole todo quanto don lanzarote le dixera de su fija 	496|497
		señor muchas vezes voslo dixe yo Mas attendedme aqui vn poco 	498
535	com il les set de la roine. « Sire, fait ele, ce ne vos demant je mie, 	y yre fablar conel |Como brisaida lleuo a don lançarote al Castillo 	499|500
536	qu’il n’a gueres 	diziendo que estaua 	501
537	que je la vi sainne et joieuse. » 	y la Reyna ginebra ENtonçes se fue brisaida |para don lanzarote y preguntole por nuebas dela Corte 	502|503
538	Et il tressaut touz de joie, 	y le el conto |lo que ende sauia 	504|505
539	quant il l’oit parler ; 	y dixo ella |por mi señora la Reina no vos demando 	506|507
540	se li demande 	que poco a que la vi sana y alegre |y quando el oyo fablar dela Reina ouo muy gran plazer 	508|509
541	ou ele la vit. « Sire, fait ele, 	y dixole |dueña donde vistes vos ala Reyna 	510|511
542	ci pres a Il. liues 	çerca de aqui envn castillo duerme ella esta noche |que no ay media legua de aqui alla dueña dixo el 	512|513
543	ou ele gerra anuit. — Dame, fait il, vos me gabez! — 	por escarnio me lo dezides |non fago 	514|515
544	Si m’aïst Diex, fait ele, no fas; 	dixo ella |si me dios ayude 	516|517
545	et por ce que vos m’en creoiz mielz, venez o moi 	y porque me Creades ende mejor si quisieredes yr comigo yo vos la mostrare |pordios dixo el 	518|519
		esto fare yo Muy de grado 	520
		y luego demando el sus armas 	521
		y la dueña fuese al Rey quele attendia 	522
546	et je la vos monsterrai. — 	y contole quanto le auiniera conel |y dixole 	523|524
547	Certes, dame, fait il, volentiers. » 	señor mandad ayna avuestra hija |que se aguise muy bien y caualgue y vayase al castillo dela Casa 	525|526
548|549	Lors envoie querre ses armes |et cele vait? endementres au roi 	que es el que mas çerca tenedes y faga el mas Rico lecho 	527
550	qui l’atandoit en la chambre. Il li demande 	que ella pudiere 	528
551|552	conmant ele a esploitié. « Faites tost, fait ele, vostre fille monter |et l’anvoiez a la Quasce au plus tost 	y echese enel 	529
553|554	que vos porrez, |et je irai aprés entre moi et Lancelot 	y yo e don lançarote yremos 	530
555	et li ferai antandant, 	y yo le fare entender 	531
556	quant nos serons la,	quando alla fueremos 	532
557	que ce est la roine. 	que es la Reina ginebra 	533
558|559	Et je ai aparillié J. tel boivre|dont je li donrai 	y yo le fare con tal veuer 	534
560|561	et puis qu’il en avra beu et la force li sera montee el cervel, |ge ne dout mie 	que desde que la fuerça delas yerbas le suba ala cabeza le fara 	535
562|563	qu’il ne face ma volenté tote |et ansi porra avenir 	quanto yo quisiere y ansi sera fecho todo quanto deseamos 	536
564	quanque nos alons querant.» Li rois fait sa fille aparillier 	y luego lo mando el Rey ansi fazer 	537
565	et li baille XX. chevaliers 	y mando a veinte caualleros 	538
566|567	qui la conduiront au chastel de la Quasse. |Et quant il vindrent la	que llebasen a su fija aquel castillo 	539
568|569	et il furent descendu, |si firent faire en une sale le plus riche lit 	y desque alla fueron fizo ella fazer vn muy Rico lecho envna Ca-mara 	540
570	que l’an pot 	y echose enel 	541
571	et s’i coucha la damoisele, 		
572	puis que cil voldrent 		
573|574	qui ? laienz l’avoient amenee. |Et Lanceloz ot prises ses armes 	y don lançarote desque fue armado despidiose del Rey 	542
575|576	et monta en son cheval |et s’em part 	e desu Compaña 	543
577|578	et il laisse cele |qui l’i avoit amené, ? 	y dela dueña quelo alli traxera y Caualgo el y brisaina 	544
579	si chevauchent tant entre lui et Brisanne 	y andubieron en tanto 	545
580	que il vindrent au chastel de la Quasse. 	que llegaron al castillo 	546
581|582	Quant il i furent venu, |si estoit nuiz oscure 	y quando ael llegaron hera noche escura y desçendieronlo 	547
583|584	ne la lune n’ert pas encore levee. Il descendent |et Brisane le moinne en I. chambre 	y lleuaronlo auna Camara 	548
585|586	ou li chevalier estoient; |et quant il le voient venir, 	donde estauan los Caualleros y dixeronle 	549
587	si se drecent encontre lui 		
588|589	et dient |que bien soit il venuz, 	señor vos seades bien venido 	550
590	si le desarment. Laienz avoit molt grant clarté, 	y desarmaronlo muy ayna 	551
591	car il i avoit bien dusqu’a XX. cierges alumez. 	y enla camara hauia muchas candelas ençendidas 	552
592	Et Brisane 	y brisaina habia 	553
593	qui ot une soue pucele acointie de ce 	y vna su hermana aquien ella hauia dicho su puridad 	554
594	qu’ele voloit faire li ot baillies les poisons 	y diole vn bino templado con yerbas 	555
595	et li dist: « 	e dixole 	556
596	Quant tu orras 	quando vieredes 	557
597	que je demanderai boivre, 	que vos yo demando del vino traedme vna Copa deste vino 	558
598|599	si en aporte plainne coupe et le donne a Lancelot |ne nul autre ne li aporte 	e dadlo a don lançarote y guardad quele non dedes de otro vino 	559
600|601	tant com il voille boivre » |et ele dist: « Volentiers. » 	y desto beba el quanto quisiere 	560
602|603	Quant Lanceloz fu desarmez, |si ot talant de boivre a ce qu’il ot eu chaut a venir: 	Como don lançarote durmio Conla hija del Rey peles 	561
604	si demande 	pensando 	562
605|606	ou est sa dame la roine. » Sires, fait ele, ele est en cele chambre |et est ja endormie au mien esciant. » 	que hera la Reina Ginebra 	563
607|608	Et il demande le vin et la damoisele|a cui il avoit esté conmandé aporte le boivre 	y fizo alarga Quando don lançarote fue desarmado demando del bino 	564
		y brisaina demando a su hermana 	565
609	qui plus estoit clers 	que fuese porello 	566
610	que fontainne et de coulor a vin. La coupe n’ert pas grant, 	y en quanto fue porel vino ella demando don lançarote a brisaina que es dela Reina mi señora señor |dixo ella 	567|568
611	si fu toute plainne; 	en aquella Camara esta y bien cuido |que duerme ya 	569|570
612	et il ot talant de boivre et la dame li dist: « Sire, buvez tout, 	y luego vino la donzella conel vino |y diolo a don lançarote y el lo tomo y lo veuio 	571|572
613	car il ne vos fera ja se bien non, 	y supole tan bien 	573
614	car je cuit 	que fue marauilla 	574
615|616	que vos ne beustes onques mais de tel. » |Et il prant la coupe et la boit toute plainne 	y demando mas y traxole otra copa la donzella 	575
617	et troeve la poison bonne et douce, 	y su hermana le dixo señor beued que prouecho vos fara 	576
618|619	si en demande encore autant |et cele li aporte 	y es muy bueno 	577
620	et il boit tout outre.	y el lo bebio 	578
621	Lors est envoisiez et plus emparlez 	y fue muy mas alegre 	579
622|623	qu’il ne selt; |si dist a Brisane 	que deantes hera entonçes pregunto a brisaina 	580
624|625	conment il porra veoir sa dame la roine. |Ele le resgarde	ado es mi señora y ella lo cato 	581
626|627	et voit ja |qu’il est touz muez, 	y violo fuera desu juiçio 	582
628|629	car il ne set ou il est |ne conment il vint laienz, 	que el no sauia 	583
630	ainz cuide vraiement estre en la cité de Kamaalot 	do hera pero bien Cuidaua |que hera en camalot 	584|585
631|632	et li est avis |qu’il parole a une dame 	y que fablaua con vna dueña 	586
633	qui toz dis faisoit compaingnie a la roine, 	que sabia mucho desu façienda y dela Reina |mas que otra ninguna 	587|588
634	des lors que la dame de Meloaut fu morte. 	desque muerta la dueña de malagud 	589
635|636	Et quant ele le voit si afolé |et qu’ele connoist bien 	y ella le dixo 	590
637|638	qu’il porra estre legierement deceuz, |si dist: « Sire, ma dame puet ja bien estre endormie. 	que durmia ya muy bien 	591
639	Que demorez vos tant 	Porque vos tardades 	592
640	que vos n’alez a li ? — 	que non vos ydes a echar conella 	593
641	Por ce, fait il,	pordios dixo el |eso faria yo 	594|595
642	qu’ele ne me mande mie, 	si ella melo mandase otra manera 	596
643	n’i voil je mie aler : 	non Pordios |dixo ella 	597|598
644	mais	esto 	599
645	s’ele me mandoit, je i iroie. — Enon Dieu, fait ele, vos en orrez. par tans noveles. » 	sabredes vos ayna 	600
646	Lors entre en la chambre et fait samblant 	que yo selo yre a preguntar y luego ella se fue |y fizo semblante 	601|602
647	qu’ele ait parlé a la roine, 	que yba a fablar conla Reyna 	603
648	puis vient a Lancelot	e luego se torno 	604
649	et li dist: « Sire, ma dame vos atant et vos mande	y dixole |mi señora la Reyna vos manda 	605|606
650|651	que vos ailliez a li parler. » |Et il se fait maintenant deschaucier 	que vos vaiades luego paraella y el se leuanto luego 	607
652	et entre en la chambre em braies et en chemise et vient au lit 	y fuese ala Cama |ado estaua la donzella 	608|609
653	et se couche avec la damoisele. conme cil 	y echose enel lecho conella 	610
654	qui cuide 	que bien cuidaua 	611
655	que ce soit la roine. 	que se echaua conla Reina 	612
656	Et cele 	y aquella que no deseaua enel munco |tanto como tenerlo en su poder 	613|614
657	qui riens ne desirroit fors avoir celui de cui terrienne chevalerie estoit enluminee le reçoit liee et joieuse 	aquel porquien toda la Caballeria del mundo hera alumbrada 	615
658	et il li faisoit tel joie 	y Resçiuiolo muy alegremente 	616
659	et tel feste com il faisoit a sa dame la roine. 	y el fue alegre conella |como solia ser conla Reina 	617|618
660	Einsinc sont mis ensemble le millor chevalier et le plus bel 	y ansi fueron ayuntados el mejor cauallero |y el mas fermoso del mundo 	619|620
661	qui or fust et la plus bele pucele et de haut lignage 	conla mas hermosa donzella |y de mayor guisa 	621|622
662	qui fust alors; 	que enel mundo hauia mas ellos se amaban por desemejadas guisas |ca el amaba ala Reina 	623|624
663	si se desirrent par diverses entancions, 	pensando que hera ella |y ella amaba ael 	625|626
664	car ele ne le fait mie tant por la biauté de celui 	non tanto |porla codiçia dela Carne 	627|628
665	ne por luxure ne por eschaufement de char come ele fait por le fruit recevoir 	aunque el hera el mas fermoso ome del mundo |como por hauer fruto del 	629|630
		porel qual cuidaba ser tornada la tierra en su estado 	631
666	dont toz li païs doit venir a sa premiere biauté, 	bien |como de primero 	632|633
667	qui par le dolereux cop de l’espee as estranges ranges avoit esté desertez et essilliez, 	que porel doloroso golpe |que el cauallero delas dos espadas fizo fue tornada en pobreza y en lloro 	634|635
668	si com il devise apertement en la Queste del Graal. 	ansi como la gran historia del sancto greal lo deuisa Cumplidamente 	636
669	Et cil la desirroit tout en autre manniere, 	y mucho lo desamo don lançarote despues 	637
670	car por sa biauté ne la couvoitoit il pas, 	ca por toda su beldad non la quisiera el |si supiera el quien hera 	638|639
671	mais il cuida 	mas Cuidaua el 	640
672	que ce fust sa dame la roine 	que hera la Reina ginebra 	641
673|674	et par ce fu il eschaufez |qu’il la connut ausinc 	Ca poreso fizo ella 	642
675|676	com Adam fist sa fame, |mes non mie en tel maniere, 	lo que fizo 	643
677|678	car Adam connut sa famei leaument et par le conmandement Nostre Signor; |et cil connut ceste ? em pechié	Porel señor enquien toda piedad cabe 	644
679	et en avoutire et contre Deu et encontre Sainte Eglyse, 	y que non juzga todos pecadores |toda via 	645|646
680	et neporquant li Sires 	segund sus mereçimientos quiso 	647
681|682	en |qui tote pitié abite 	que este ayuntamiento fuese 	648
683	et qui ne juge mie selon les faiz as pecheors resgarda ceste assamblee 	por pro de todos los dela tierra 	649
684	selonc le preu a ceus del païs com cil 	que toda via fuesen en probeza y en dolor 	650
685	qui ne voloit mie 	y quiso 	651
686|687	qu’il fussent touz dis en essil: |si lor donna tel fruit engendrer et concevoir 	que aquella dueña Conçibiese tal fruto 	652
688	que por la flor de virginité 	porque la flor dela donzella 	653
689|690	qui iluec ! fust corrumpue |et violee fu recouvree une autre flor 	que se perdia fuese porella Cobrada otra flor 	654
691	de cui bien et de cui tandror » mainte terre fu replenie et rasouagie; 	Porque aquella tierra y otras muchas que entonçes heran en amargura |y en gran lloro fuesen tornadas en alegria y en gran plazer 	655|656
692|693	qu’ausinc com l’Estoire del saint|Graal nos fait antandant, 	y ansi como la historia del sancto greal noslo testimonia 	657
694	de ceste flor perdue fu restorez Galaad, li virges, li tres bons chevaliers, 	que porla perdida de aquella flor fue cobrado don galas 	658
695	cil 	El muy noble cauallero 	659
696|697	qui les aventures del saint Graal mist a fin |et s’asist el perilleus siege de la Table Reonde	aquel que se asento enla silla Peligrosa dela sancta tabla de josep abarymatia 	660
698	ou onques chevaliers ne s’estoit assis 	enla qual no se asento Caballero 	661
699	qui ne fust morz. 	que muerto o tullido no fuese donde no escapase 	662
700	Et tout	y poreste don galas hubieron çima todas las hauenturas del sancto greal 	663
701	ainsi com li nons de Galaad avoit esté perduz en Lancelot par eschaufement de luxure, 	e ansi como el nombre de galas fue perdido en don lanzarote |porel pecado de su padre 	664|665
702	tout ansi fu recouvrez en cestui par atenance de char : 	asi fue Cobrado eneste |porla muy sancta uida desu madre 	666|667
703|704	car il fu virges en volenté et en oevre jusqu’a la mort, |si com l’estoire le devise. 	y della el fue siempre virgen ansi en corazon como en obra segund su historia lo deuisa 	668
705	Einsine fu recouvree flor pour flor, 	y ansi fue cobrada flor por flor 	669
706	car en sa nessance fu flor de pucelage estainte et maumise: cil 	ca ensu conçibimiento fue la flor dela donzella perdida 	670
707	qui puis fu flor et mireor de chevalerie, il fu restorez par le conmun assamblement; 	mas porella fue cobrada otra flor que fue flor dela caualleria 	671
708	et se virginitez fu empirie en ce 	e si alli fue flor perdida 	672
709	qu’il fu conceuz, bien en fu li mesfaiz amandez en sa vie par sa virginité 	mucho bien fue cobrado |ca el fue tal entoda su vida 	673|674
710	qu’il randi sainne 	que porlos bienes 	675
711	et antiere a son Sauveor, 	que el fizo ensu vida fue ende el pecado perdonado 	676
712|713	quant il trespassa del siecle, |et par les granz biens 	Como don lançarote quiso matar ala fija del Rey peles 	677
714	qu’il fist en sa vie, 	porque lo hauia engañado 	678
715	Si se taist ores li contes de lui 	y el la perdono |Agora dize el quento 	679|680
716|717	et retorne a Lancelot |qui toute la nuit jut o la damoisele ; 	que don lançarote yugo toda aquella noche con aquella(noche con aquella) donzella 	681
718	se li toli le non 	y fizole perder vn tal nombre 	682
719	a cui ele ne pot puis vraiement recouvrer, 	qual nunca despues lo cobro 	683
720	car	enquanto se echo hera donzella 	684
721|722	se l’an la poïst au soir apeler pucele, |cil nons li fu i changiez en damoisele a l’andemain. 	y enla mañana fallose dueña y alli le fue cambiado el nombre de donzella en nombre de dueña 	685
723	Quant » li jorz aparut, 	y otro dia demañana 	686
724|725	si s’esveilla Lanceloz |et resgarda entor lui, 	quando don lançarote desperto cato alRededor desi 	687
726|727	mes il ne vit point de clarté, |car toutes les fenestres estoient si estoupees 	y no pudo ver ny punto porque todas las finiestras heran çerradas 	688
728	que li soulauz n’i pooit entrer poi ne grant. 	y fue marauillado ado hera |ca el hera ya en su seso 	689|690
729|730	Lors se merveille |ou il est et taste tout entor lui 	y atento çerca desi conla mano 	691
731	et troeve la damoisele; 	y fallo la dueña 	692
732|733	se li demande |qui ce est, 	y dixole amiga quien sodes vos señor 	693
734|735	et il estoit ja revenuz en son mimoire, |car la force de la poison estoit faillie, 	dixo ella 	694
736|737	des lors que il connut la damoisele charnelment. |Et ele li dist: « Sire, je sui J. damoisele, fille au roi Pellés de la Terre Foreinne. , 	yo soy la fija del Rey peles dela tierra forana 	695
738	Quant il l’antant,	y quando el esto oyo 	696
739	si perçoit maintenant 	luego entendio 	697
740|741	comment il a esté deceuz; |si saut dou lit tant dolanz 	que hera engañado y encantado 	698
742|743	que nus plus |et prant sa chemise et ses braies	y salio luego dela cama muy triste 	699
744|745	et se vest |et chauce 	y visitiose y calzose 	700
746	et prant ses armes. 	y fue tomar sus armas 	701
747|748	Quant il fu touz |armez, il vient a la chambre 	y armose y torno Ala camara 	702
749|750	ou il avoit geu et ouvre les fenestres ; |et quant il voit cele 	y abrio las finiestras 	703
751	par cui il a esté deceuz, 		
752|753	si est tant dolanz |qu’il cuide bien issir del sans ; si panse 	y quando vio a aquella porquien fue engañado fue tan sañudo 	704
754|755	qu’il s’en vengera orandroit sanz plus atandre. |Lors traist l’espee 	que fue marauilla como no ensandeçio 	705
756|757	et vient vers la damoisele |et dist trop durement iriez: « Damoisele. vos m’avez mort: 	y dixo 	706
758	si couvient 		
759|760	que vos en muiriez, |car je ne voil 	por buena fee detan gran mal 	707
761|762	que jamais decevoiz home en tel manniere |com vos m’avez deceu. » 	como este luego me quiero vengar estonzes metio mano al espada y fue contra la dueña 	708
763	Lors dresce l’espee contremont 		
764	et cele 	y dixole 	709
765	qui grant paor a de morir li crie merci a jointes mains 	sy me dios ayude vosme hauedes muerto 	710
766	et dist: «	y quiero que vos murades 	711
767	Ha, frans chevaliers, ne m’oci mie por cele pitié 	Porello que no quiero |que engañedes jamas a otro 	712|713
768	que Diex out de Marie Madelainne !» 	como engañastes ami y luego alço la espada parala ferir |y ella ouo muy gran pauor 	714|715
769	Et il s’areste touz trespensez 	y junto las manos |y finco los ynojos anteel 	716|717
770	et la voit la plus bele riens 	y pidiole merçed y dixole 	718
771	qu’il onques mais veist 	ay buen cauallero no me matedes 	719
772	et il trambloit si durement d’ire et de mautalant 	Por aquella piedad |que jhesu xpisto ouo de sancta maria madalena 	720|721
773	que a poinnes pooit il tenir s’espee	y el estando quedo |y penso vn poco 	722|723
774	et se test 	y parola mientes |y vidola tan fermosa que hera marauilla 	724|725
775	et pense 	y penso 	726
776	qu’il fera, 	que faria 	727
777	ou s’il l’ocirra 	si la mataria o si la dexaria 	728
778	ou s’il le laira vivre. 	y el tenia la espada enla mano 	729
779|780	Et cele li crie toutes voies merci |et est devant lui a genouz toute nue en chemise 	y ella estaua en camisa ante el pidiendole merçed los ynojos fincados muy omildosamente 	730
781	et il resgarde ses ieuz et son vis et sa bouche 	y el paro mientes al Rostro y alos ojos y ala boca 	731
782	et voit en lui tant de biauté 	y viola tan hermosa 	732
783	qu’il en devient touz esbahiz. 	que fue Ende espantado 	733
784	Lors dist tant dolanz que nus plus: « Damoisele. je m’en irai 	y dixole |Dueña yo me quiero yr por vençido y por Rentado 	734|735
785	si vaincuz et si recreanz com cil 	como aquel que se no osa vengar detan gran mal 	736
786	qui ne s’ose de vos vengier, 	como feçistes 	737
787|788	car trop seroie cruex et desloiax, |se si grant biauté destruioie 	que yo faria gran crueldad en destruir tanta beldad como dios envos puso 	738
789	com il a en vos.	y Ruego vos que me perdonedes |Por quanto saque el espada contravos 	739|740
790	Si vos pri 	quela yra 	741
791	que vos me pardoingniez ce 	y el mal talante melo fizo fazer |señor dixo ella 	742|743
792	que je tres m’espee sor vos, 	yo vos perdonare por tal que vosme perdonedes todo el vuestro mal talante 	744
793	car ire et mautalant le me fist faire. — Sire, fait ele, je le vos pardoing 	e que nunca jamas ayades demi saña |yo lo otorgo dixo don lançarote 	745|746
794	par si que vostre courouz me pardoingniez. » 	entonçes metio su espada enla baina 	747
795	Et il li otroie, 	y encomendo la dueña a dios 	748
796	puis qu’il voit 	y partiose dende 	749
797	que dire li couvient; 	e fallo enel corral su cauallo ensillado 	750
798	si remet s’espee el fuerre 	que brisaina selo mandara tener presto 	751
799	et la commande a Deu. 	que sabia ella 	752
800	Quant il vient a la cort aval, 	que enquanto conoçiese la dueña 	753
801	si troeve son cheval enselé ;	que por cosa del mundo no estaria 	754
802	si le fist Brisane apareillie celoz le trouvast, 	y mas y despues que caualgo tomo su escudo y su lança 	755
803	quant il vandroit aval,	que fallo acostada envn arbol |y partiose dende muy triste y sañudo y entro ensu camino pensando muy fuertemente 	756|757
804|805	quar ele savoit |por ce que Lanbien 	e tanto que el Rey peles supo 	758
806	qu’il ne remandroit s’apercevroit de la decevance. 	que hera ydo lançarote fue ver asu fija |y quando la vio fallo la muy espantada del gran miedo que hubiera 	759|760
807	Quant il est montez et laienz, 	que hera marauilla |y contole quanto le acontesçiera 	761|762
808	si tost com il Il a pris son escu et I. gl. arbre, 	y quando el Rey sopo todo el fecho plugole ende muy mucho 	763
809	si s’em part dolanz et courrouciez 	y mandola seruir y guardar mas que de antes fazia |y ante de dos meses entendieron 	764|765
810	et entre en 	que estaua preñada |e quando lo supo el Rey su padre fue tan alegre 	766|767
811|812	qu’il trova apuié a I. son chemin |et vait pansant si durement 	que fue vna marauilla el y todos los dela tierra otrosi 	768
813|814	qu’il ne set de lui conroi.|Et li rois de la Quasse por veoir sa fil s fu matin venuz au chastel conté 	mas agora dexa el cuento de fablar del Rey peles 	769
815|816	conment Lanceloz s’en estoit alez. |Quant il vint 	e su fija 	770
817|818	que l’an li avoit ja la, |si la troeve malade 	e torna a don lançarote del lago 	771
819|820	et deshaitie de la paor |que Lanceloz li ot faite 	Agora dexa el quento de fablar del Rey Peles 	772
821	qu’il ne l’oceist;		
822|823	si conta son pere. einsi |com il li 'estre de li 	y desu fija 	773
824|825	et de Lancel. pit avenu. |Quant il sot vraiement rement et plus honorer que devant. 	y torna a lanzarote 	774
826	Et ne demora pas ist garder molt chieIII. 		
827|828	mois |qu’il sot 	Dize el quento 	775
829	qu’ele estoit enceinte et par les usiciens 		
830|831	qui li ue ce ert voirs : |si en furent si lié 	que quando don lanzarote se partio dela fija del Rey peles 	776
832|833	que nul plus et strent et par la damoisele |qui dist ll del païs en firent grant joie. 	que andubo todo aquel dia muy triste y con gran pesar 	777
834|835	Quant Lanceloz |se fu partiz de la damoisele, si erra tout le jor entier molt dolanz et courouciez et toz jorz aloit demandant nouveles de Lion son cousin. 	e todauia demandaua por lionel 	778
836	Quant il ot erré i dusqu’aprés vespres, il resgarda devant lui 	e quando fue ora de visperas cato antesi 	779
837|838	et vit en I. montaigne l. molt bel chastel; il torne cele part, |car il ert tans de herbergier. 	e vido ençima devn monte vn castillo muy fermoso e fuese alla por aluergar 	780
839|840	Quant il est venuz dusqu’au chastel, |si troeve I. chevalier 	y quando ay llego fallo vn Cauallero armado 	781
841	qui li dist: « Sire chevaliers, 	que le dixo 	782
842	par ci ne poez vos passer, 	señor cauallero vos por aqui non podedes pasar 	783
843	se vos ne volez jouster. » Lanceloz pensoit si durement 	si ante no justades conmigo |y don lançarote que yba pensando 	784|785
844	qu’il n’antandi pas a ce 	no entendio 	786
845|846	qu’il dist; |si s’an vait sus le pont 	lo quele dixo el Cauallero 	787
847	ne onques ne laisse son penser. 	y entro porvna puerta 	788
848	Et cil chevaliers li vient son glaive aloingnié	que estaua sobrela Caua del Castillo |que estaua llena de agua devn Rio 	789|790
849	et le fiert si durement 	que por ay pasaua |y quando el cauallero vido 	791|792
850	qu’il li fait la sele widier 	quelo non fablaua dexose yr ael 	793
851	et le porte tout envers dedenz le fossé. 	y diole tal lançada enlos pechos |que dio conel enel agua 	794|795
852	Et Illl. vallez 	y quatro escuderos 	796
853	qui estoient sus la bretesche li conmancent a crier: « 	que estauan sobrela puente dixeron a don lançarote 	797
854	Ha, sire chevaliers, or vos poez bien baingnier ! » 	agora vos podedes bien bañar apesar 	798
855	Et li chevaliers del chastel prant le destrier Lancelot, 	y el Cauallero tomo el Cauallo de don lançarote 	799
856	si entre dedanz la vile; 	y metiolo al castillo 	800
857	et maintenant fu la porte close. 	y çerro la puerta 	801
858|859	Et quant Lanceloz voit |qu’il est chaüz en l’eve, 	y quando don lançarote se vio enel agua marauillose 	802
860|861	si est touz esbahiz, |car il ne set 	ca no sauia 	803
862	comment il est chaoiz, 	como ay caiera 	804
863	si sant 	y echo las manos envn arbol 	805
864	qu’il afonde. 	que ay estaua 	806
865	Lors aert a Il. poinz J. arbre 	y salio fuera su escudo al cuello y la lança enla mano 	807
866	qui devant lui estoit 	y fuese al castillo 	808
867|868	et fait tant |qu’il est issuz del fossé et venuz a terre seche, son escu a son col, son glaive en son poing. 	y llamo ala puerta 	809
869|870	Et cil de la bretesche li dient: « Sire chevaliers, aillors vos couvient querre ostel, |car çaienz ne metrez vos huimais le pié,	y los que estauan sobrela puerta le dixeron a otra parte vos conuiene de yr a buscar posada que aqui no la abredes 	810
871|872	mais demain |se vos reveniez 	mas sy mañana aqui vinieredes 	811
873	et nos poons recevoir chevalier pescheor, nos vos recevrons volentiers. » 	e ouieredes a Resçeuir Caualleros pescadores Resçiuiremos avos 	812
874	Quant il voit 	y quando el oyo 	813
875|876	que cil le vont i einsi gabant, |si est molt dolanz; 	que escarneçian del ouo muy gran pesar y dixoles 	814
877	lors lor dist: « 	buenos señores 	815
878	Biau seingnor, et de mon cheval 	dezidme nuebas de aquel cauallo 	816
879|880	car me dites nouveles, |se vos les savez. — 	sy sabedes pordios dixeron ellos 	817
881	Par foi, font il, de vostre cheval ne savons nos riens, mais de celui 	de vuestro cauallo 	818
882	que vos avez perdu savons nos bien. 	no sabemos |que vos perdistes 	819|820
883|884	qu’il est çaienz et dahaiz ait |qui cheval vos donna, 	mas de que es aca dentro y mala ventura aya quien vos cauallo diere 	821
885	car certes il nel poïst noauz amploier. » 	que no lo podia peor emplear |en cauallero del mundo 	822|823
886	Quant il voit 	que envos |Como la donzella 	824|825
887|888	qu’il n’i prandra plus, |si est assez plus dolanz 	que guaresçio a don lançarote del agua emponçoñada se Razonaba conel cauallero 	826
889	que devant 	Quando don lanzarote vio |que non podia al fazer fue muy triste 	827|828
890	et vient desouz en la valee	e fue ayuso del valle 	829
891	et s’asiet auques pres dunne fontainne desouz IlII. arbrisiax, 	y asentose çerca devna fuente so vnos arboles 	830
892	si met son glaive delez lui 	y arrimo su lança a vn arbol 	831
893	et s’asiet desus son escu; 	y acostose sobre su escudo alli 	832
894|895	si est tant dolanz|et courrouciez 	fasta la noche 	833
896|897	tant que la nuiz soit venue. |Quant li tans fu aprés ce J. poi acoisiez 	y quando fue ya noche 	834
898	et la lune fu levee, 	y la luna muy clara 	835
899|900	si resgarde Lanceloz |et voit venir IlI. chevaliers armez, 	y estando ansi vio venir tres caualleros armados e desçendieron delos cauallos 	836
901	si descendent a la fontainne		
902|903	et ostent lor armes, |si s’asieent desus l’erbe vert. 	y asentaronse sobrela yerba verde 	837
904	Aprés ce ne demora mie granment que IIII. escuier vindrent 	y luego apoca del ora vio venir tres escuderos 	838
905	qui amenerent la damoisele avec aux qui Lancelot avoit gari de l’anvenimement 	que traian vna donzella aquella misma 	839
906	qu’il avoit pris l’autre jor a la fontainne 	quelo habia guaresçido dela enfermedad quando veuio el agua dela fuente |do salieron las dos Culebras 	840|841
907	et an plouroit molt durement 	y ella lloraua Muy fuertemente 	842
908	et les clamoit larrons et traïtres. 	y llamabalos traidores ladrones 	843
909|910	Quant Lanceloz le voit plourer, |si est molt dolanz, 	e ([^ y]) 	844
911|912	car il n’amoit nule fame plus de li fors la roine. Il se pense |qu’il li aideroit sauve s’onor, 	quando esto vio don lançarote pesole de Corazon Ca el la amaba 	845
913|914	quant il se porpense |qu’il atandra encore 	sobre todas las cosas del mundo 	846
915|916	tant qu’il voie |que cil voldront faire. 	saluo ala Reina 	847
917	Quant il l’ont descendue del cheval, 	y desçendieronla en tierra 	848
918|919	si se lievent li III. i chevalier |et dient 	y los caualleros se leuantaron aella 	849
920|921	que bien. soit ele venue |et ele lor dist 	y dixeronla donzella vos seades vien venida Mala uentura vos de dios 	850
922	que mal soient il trové comme desloiaux chevaliers et larrons. « 	como traidores ladro-nes dixo ella 	851
923	Ha, damoisele, fait li uns, vos direz ce 	donzella dixo el |vno dellos vos diredes 	852|853
924	que vos voudrez, 	lo que vos plazera 	854
925|926	mais desloiaux ne larrons ne somes nos mie. — |Si estes voir, fait ele. 	mas nos no somos traidores ni ladrones si sodes ca vos me tomastes por fuerça 	855
927|928	Quel greingnor desleauté poez vos faire |que prandre damoisele en murtre et an repost et de mestre main a li estre son gré ? 	y a traiçion de cauo de mi hermano contrami voluntad 	856
929|930	Ne greingnor larrecin ne poez vos faire |et tout ce avez vos fait de moi 	y lleuadesme por fuerça 	857
931|932	qui en murtre et en traïson |me venistes prandre en la meson mon frere 	que no saue el ende nada 	858
933|934	et m’en avez amené sanz le seu de lui. |Et cuidiez vos 	y Podiades fazer mayor ladroniçio que esto y cuidades 	859
935|936	por ce |que je sui en vostre saisine 	que por tenerme envuestro poder 	860
937	que je vos aimme plus tost ? 	que vos quiero |porende mejor 	861|862
938|939	Certes nenil, |ainz voudroie mielz 	por buena fee no lo Cuidedes 	863
940	que vos fussiez trainez a la queue de mon roncin; 		
941|942	car trop seroie avillie, |se je laissoie le millor chevalier del monde 	ca yo seria muy vilmente alaxada dexar el mejor cauallero del mundo 	864
943|944	et le plus prodome a|cui j’ai m’amor donnee por I. si vil chevalier et si recreant	por tan vil Cauallero Cobarde 	865
945	com vos estes. — Damoisele, fait il, 	como vos donzella vil ni couarde non so 	866
946	se vos n’estes amee, 	mas si por ventura non vos ama aquel 	867
947	que vos vaut ? 	que vos amades 	868
948	Certes ce ne porroit pas estre 	que provor tiene quanto |y mas que no es de creer 	869|870
949|950	que li mieldres chevaliers del monde |et li plus prodom eust mise s’amor en vos,	que el mejor Cauallero del mundo vos otorgase su amor 	871
951|952	car trop la porroit mielz amploier. — |Certes, fait ele, sire chevaliers, cil 	que en mas alto lugar lo podia emplear çierto don mal cauallero dixo la donzella 	872
953	qui est ore le millor chevalier dou monde ne tient pas	aquel que es agora el mejor cauallero del mundo me prometio 	873
954|955	s’amor a mal emploie en moi, |ainz m’aimme bien 	que nunca amaria donzella saluo ami 	874
956	et amera tant	y no lo tiene 	875
957|958	com il me savra en vie, |et je l’an serai si vraie	por malempleado su amor enmi e yo se bien 	876
959	que ja chevalier tant? 	que siempre me sera leal 	877
960	conme je vive, ne se porra venter 	e yo ael en toda mi vida 	878
961	que jou li face compaigniea; 	Ca nunca tomare compañia de otro Cauallero 	879
962	et se je bien voloie faire si grant desloiauté 	y en Caso que yo lo ouiese de tomar yo lo escogeria 	880
963|964	que j’en vousisse I. mestre en son leu, |ja 	tal que me tubiese aderecho 	881
965|966	si m’aïst Diex si mauvais chevalier |com vos estes n’i metroie, 	mas no tomaria tan mal cauallero ni tan Cobarde como vos entonçes se ensaño el cauallero 	882
967	ainz i mestroie tel 	y dixole donzella 	883
968|969	dont l’an ne me devroit mie blasmer.» |Lors se courrouce li chevaliers 	pordios dezidme quien es ese Cauallero 	884
970|971	et dist a la damoisele : « |Et por Deu, 	que tan lealmente vos ama 	885
972|973	car nos dites or |qui est cil chevaliers 	çierto 	886
974|975	qui tant est prodom et|qui si loiaument vos aimme ? — 	dixo la donzella 	887
976	Certes, fait ele, il ne faît mie a nommer devant 	el no se deue nombrar 	888
977	si noiant home 	ante tan bil cauallero como vos 	889
978|979	com vos estes et neporquant por vos grever plus, vos dirai je |qui il est: 	mas por vos quebrantar el corazon yo voslo dire Saued 	890
980|981	ce est mes sire Lanceloz del Lac, |c’est cil 	que este es don lanzarote del lago 	891
982	que vos n’oseriez atandre a cop pour tout le reaume de Logres. — 	al qual vos no osariades attender en Campo |por todo el Reyno de londres 	892|893
983|984	Celui? fait li chevaliers. |A mal eur soit il ore le millor chevalier dou monde!	Como dixo el cauallero ese es el que tanto loades en mal punto sea 	894
985	Certes il ne le porroit pas estre, 	si esto puede ser en ninguna guisa 	895
986	car il fu filz au plus mauvais roi et au plus failli de cuer 	ca el es fijo del Peor Rey |que nunca traxo armas 	896|897
987|988	qui onques portast couronne et bien monstre en la fin |qu’il estoit noianz ; 	y mas Cobarde y bien lo mostro el asu muerte 	898
989	car li rois Claudas mes cousins le deserita de toute sa terre 	que mi Cormano el Rey claudes lo deseredo de toda su tierra 	899
990	si	y lo fizo fuir 	900
991|992	qu’il s’anfor et morut de duel. |Et por ce di je 	e yendo fuiendo murio con pesar y porende digo 	901
993	que de si mauvés roi ne porroit pas issir le millor chevalier del monde. — 	que de tan mal Rey no podia salir el mejor cauallero del mundo |Como vos dezides 	902|903
994	Ha, dant mauvais chevaliers, fait ele, 	ay don mal Cauallero |dixo ella 	904|905
		yo creo que si ante el estubiesedes non osariades esto dezir 	906
		Por todo el Reyno del Rey artur donzella 	907
995	si m’aïst Diex, 	dixo el Cauallero |dezidlo que vos pluguiere 	908|909
996	s’il fust ja ci. 	mas yo vos Ruego |que fagades my Plazer devuestro grado 	910|911
997	ja ceste parole 	e yo agradezerlohe ante quelo fagades por fuerça 	912
998	ne vos issist mais de la goule, 	Ca entonçe non voslo agradezere 	913
999	car vos n’eussiez cuer del dire por tote la terre le roi Artu. — Damoisele, fait il, vos diroiz ce 	e dixo ella |andad a mala uentura 	914|915
1000	que vos plaira	que vos de dios 	916
1001	et je vos escouterai, 		
1002|1003	mais toutes voies vos di je |que vos façoiz ma volenté debonnairement 	que antes querria ser quemada o afogada envn Rio 	917
1004|1005	et ne soiez pas si vilainne |qu’il vos couviengne faire force, 	que no ser escarneçida devn tan mal ome 	918
1006	car je ne vos ameroie ja puis ; 	Entonzes mando el Cauallero alos otros dos Caualleros 	919
1007	et vos veez bien 	e alos escuderos 	920
1008|1009	qu’il estuet |que vos le façoiz, 	que se fuesen dende y ellos ansi lo fizieron 	921
1010	car la force n’est pas vostre 	Como don lançarote libro ala donzella su amiga 	922
1011	et mes voloirs i est. — 	que queria forçar el Cauallero 	923
1012	Fi, fait ele, par male aventure 	Despues que ellos se partieron dende |dixo el Cauallero 	924|925
1013	ainz fusse je arse ou noie 	ala donzella yo vos Ruego 	926
1014	que je par si mauvais home fusse honnie, 	que fagades mi voluntad de vuestro grado |o uoslo fare fazer afuerça 	927|928
1015|1016	quar si m’aïst Diex, |pis ne porroie je faire. » 	entonzes començo la donzella de se Rascuñar 	929
1017	Et il conmande as chevaliers et as escuiers 	y de llorar |y dezir 	930|931
1018	qu’il se traient en sus, 	ay my buen señor don lanzarote si vos fuesedes agora çerca demi 	932
1019	car il velt touz seus remanoir avec cele	como me vengariades desta desonrra 	933
1020|1021	qu’il aimme |et dont il cuide bien faire sa volenté sanz contredit.	que este traidor ladron me quiere fazer 	934
1022|1023	Quant cil s’an sont d’iluec alé, il prant la damoisele et la giete souz lui |et dist 	y entonzes trauo della el Cauallero 	935
1024|1025	qu’il li fera a force, |s’ele ne li veult otroier debonnairement. 	y echola en tierra y ella se defendia quanto podia 	936
1026	Et ele s’escrie: « 		
1027	Ha, gentils hom Lanceloz,		
1028|1029	por quoi n’estes vos ci ? |Si vengissiez moi et vos de la honte 	y quando vio 	937
1030	que cil lerres vos velt faire. » 		
1031|1032	Lors conmance a guenchir et a detordre soi au plus |qu’ele ! puet 	que el Cauallero la afincaua començo a dar muy grandes vozes 	938
1033|1034	et il la tient molt estroit entre lui et la terre. |Et cele se rescrie: « 	e dezia 	939
1035	Ha, Lanceloz, biaux douz amis, li vostre secors me tardera moult, 	ay mi señor don lanzarote |que mucho me tarda vuestra ayuda 	940|941
1036|1037	ce m’est avis. » |Et Lanceloz 	y quando don lançarote esto oyo entendio 	942
1038|1039	qui bien ot veu ce|qu’il orent fait 	quela donzella estaua en gran peligro 	943
1040|1041	et antandues toutes les paroles |qu’il disoient se dresce? en estant, 	y leuantose muy ayna ansi armado 	944
1042	ce li est avis 	como estaua 	945
1043	que trop porroit huimais demorer; sì prant son escu 		
1044|1045	et traist s’espee |et dist a cele 	y tomo su escudo y metio mano ala espada 	946
1046	qui le regrete : « Damoisele, n’aiez paor, 		
1047|1048	car je ne sui mie trop loing de vos |et mal vos a li chevaliers courroucie, 	y Respondio ala donzella non ayades pauor 	947
1049|1050	qu’il en morra. » |Lors s’en vait vers aux grant pas, 	ca non so lexos devos 	948
1051|1052	et quant cil le voit venir, |si a grant paor de mort 	y en tan mal punto se leuanto el traidor 	949
1053	et crie: « Aide aide! — 	que vos quiere desonrrar 	950
1054	Par mon chief, fait il, aide ne vos avra mestier, 	ca el morira ay amis manos como mal traidor 	951
1055	car vos en morrez 	y entonçes se dexo yr aellos a gran paso |y quando el cauallero lo vio venir contrasi / ouo muy gran pauor de muerte y Començo a llamar alos otros caualleros 	952|953
1056	et il est bien droiz, 	e dixo don lançarote 	954
1057|1058	quant ceste damoisele voliez honir a force. » |Lors hauce l’espee 	por buena fee non vos valdra oy nada su ayuda dellos 	955
1059|1060	et cil velt foïr, |mais il ne puet, 	ca vos moriredes antes como traidor 	956
1061|1062	car Lanceloz le fiert |si de l’espee	que queriades desonrrar ala mejor donzella del mundo 	957
1063|1064	qu’il li tranche l’espaule senestre, |et cil chiet a la terre 	y entonzes alzo la espada porlo ferir 	958
1065|1066	qui navrez se sent a mort. |Et li autre acourent 	y el Cauallero quiso fuir 	959
1067	por lui aidier	mas non pudo 	960
1068|1069	et Lanceloz lor laisse corre. l’espee traite, |si en occist IlI. tantost a ce 	y don lanzarote lo firio ansy quele Corto toda la espalda siniestra conel braço 	961
1070	qu’il les troeve desarmez; 	y cayo luego muerto en tierra 	962
1071	et li autre tornent an fuie a ce 	y los otros quisieronlo acorrer 	963
1072	qu’il ont paor de morir 	mas don lançarote quelos fallo desarmados 	964
1073|1074	et s’an vont plus |que le pas vers la montaingne. 	mato luego los dos dellos y los otros fueron poresas montañas 	965
1075	Et Lanceloz prant le millor des III. chevax 	e desque esto ouo fecho don lançarote tomo vn cauallo de los mejores 	966
1076	por ce qu’il avoit le suen perdu 	que ay fallo 	967
1077	et lesse les autres aler par la 	y torno ala donzella 	968
1078	ou il vuelent; 	que estaua asentada y espantada 	969
1079	puis vient a la damoisele	y quando lo ella vio le dixo 	970
1080	qui ert toute esbahie 	vos me librastes señor 	971
1081	dont Lanceloz pooit venir 	y sodes vos don lançarote 	972
1082	et li demande: « Biaux sire, 	si sin falla dixo el 	973
1083|1084	qui rescousse m’avez, estes vos Lanceloz ? » |Et il dist oil 	Entonçes 	974
1085	et oste son hiaume, 	se quito el yelmo 	975
1086	por ce qu’ele le quenoisse mielz.	porque lo conoçiese 	976
1087|1088	Et quant ele set |que ce est il, 	y quando lo ella Conoçio fue tan alegre 	977
1089	si est tant liee	quanto enel mundo 	978
1090	que nule plus ; 	mas no podia ser 	979
1091|1092	si li giete les braz au col et li fait la greingnor joie |qu’ele puet 	e Comenzolo de abrazar muchas vezes 	980
1093	et li demande 	y dixole 	981
1094	quele aventure l’a illuec amené et a quel ore. 	señor qual auentura vos traxo aqui a tal tiempo 	982
1095	Et il li conte? 	quando vos vbe tanto menester |y ella Conto lo que le acaesçiera conla fija del Rey peles 	983|984
1096|1097	conment il avoit perdu son cheval |ne ne pooit el chastel entrer, 	y como perdiera su Cauallo entrante enel Castillo 	985
1098|1099	et|por ce estoit il venuz souz les arbrisiaux 	y poreso vine aqui 	986
1100	tant que il fust jorz. » Sire, fait ele, vos ne manjastes anuit 	fastaque fuese de dia señor dixo ella 	987
1101	ne ier par aventure. — 	creo que anoche ni oy no hauedes comido 	988
1102	Vos dites voir, fait il. — 	verdad es dixo el |pues señor dixo ella 	989|990
1103	Or vos dirai, fait ele, 	yo vos dire 	991
1104	que nos ferons. Montons sor noz chevax 	que fagamos Caualguemos 	992
1105	et alons chies une moie cousine 	y vaiamos a Casa devna mi hermana 	993
1106	qui ci pres maint a pres de demi liue et illec trouverons a mengier et a boivre 	que esta çerca de aqui |y fallaremos 	994|995
1107	et biaux liz a noz voloirs. » 	y todo quanto hubieredes menester mucho me plaze 	996
1108	Et il dist 	dixo el 	997
1109|1110	que ce velt il bien, |car ausint ne feroient il riens illuec. 	que ya non tenemos aqui que fazer 	998
1111	Quant il sont monté, 	Como don lançarote aluergo conla hermana desu amiga |Entonzes Caualgaron 	999|1000
1112	si tornent a destre del chemin 	y fueron porsu camino 	1001
1113	et vont tant 	y andubieron tanto 	1002
1114	qu’il viennent a l’entree d’un petit boschet, 	que llegaron auna Casa 	1003
1115	si voient illuec une maison batillie close de fossez 	que hera muy fermosa 	1004
1116|1117	et troevent le pont levé. La damoisele huche le portier |et cil 	y desque llegaron aella fallaron vna puerta hechadiza 	1005
1118|1119	qui bien le connoissoit ist fors em braies et an chemise, |si avale le pont. 	Por do pasauan la puente 	1006
1120	Et la damoisele li dist: « Va tost, 	y la donzella començo a llamar al portero 	1007
1121|1122	si esveille ma cousine |et li di 	y desque la conoçio salio luego fuera 	1008
1123|1124	que je li amaing I. chevalier |de qui ele sera molt liee, 	y alço la puerta dela puente 	1009
1125|1126	quant ele le connoistra». |Cil cort por faire son conmandement 	y entro luego y dixole la donzella ve ayna 	1010
1127|1128	et Lancelot entre lui et la damoisele passent le pont|et descendent en mi la cort. 	y dile ami cormana 	1011
1129|1130	Et ne demora gueres |que li sires de laienz et la dame furent revestu et apparillié; 	que le traio vn huesped 	1012
1131|1132	si issent fors de la chambre |et font cierges alumer 	con que sera muy alegre 	1013
1133|1134	por veoir cler. |Si viennent a la damoisele 	desque lo conoçiere 	1014
1135|1136	et li font trop grant joie |et ele dist a sa cousine 	y el portero fizo luego su mandado y don lançarote y la donzella entraron 	1015
1137	qu’ele la lest ester 	y desçendieron enel Corral 	1016
1138|1139	et face joie au chevalier |qu’ele a amené, « 	y el señor dela Casa y su muger salieron aellos 	1017
1140	car bien saichiez, fait ele, 	y Resçiuieronlos muy bien 	1018
1141|1142	que a plus prodome de lui ne poez vos servir. » |Et cele demande	y la dueña del Castillo dixo asu cormana 	1019
1143	qui il est 	quien es este cauallero 	1020
1144|1145	et ele dist |que c’est Lanceloz del Lac. 	y ella dixo sabed que este es don lanzarote de lago 	1021
1146|1147	Lors li font tuit molt grant joie |et le font desarmer. 	y quando ella lo oyo fue muy alegre 	1022
1148|1149	Et la damoisele dist |que l’an lor apareille a mengier, 	y desque lo conoçieron fizieron conel mucha alegria conel todos 	1023
1150|1151	car il ne mangierent anuit, |et li sires de laienz le dist a ses genz 	y desarmaronlo y dieronle muy bien de Comer 	1024
1152|1153	qui bien en firent son conmandement, |car il distrent 	y fizieronle muy buen lecho 	1025
1154|1155	que tout ert prest.|Si fait mestre les tables 	e durmio fasta otro dia de mañana 	1026
1156|1157	et mengierent |tant com lor plost; 	que mucho le hera menester y otro dia de mañana preguntaron el huesped y la huespeda Ala donzella amiga 	1027
1158|1159	puis s’alerent couchier |et dormirent. Au matin J. 	que auentura vos traxo aqui anoche 	1028
1160|1161	poi aprés prime se leverent cil de laienz |et demanderent a la pucele 	y ella selo conto todo 	1029
1162	quele aventure l’avoit ersoir amenee a tele ore, 	ansi como el Cuento voslo a deuisado 	1030
1163	et cele lor conta 	Pordios dixeron ellos 	1031
1164	conment il lor estoit avenu 	bos fuistes bien andante 	1032
1165|1166	et conment I. chevaliers l’eust honnie, |se ne fust Lanceloz 	E don lançarote desque desperto vistiose 	1033
1167|1168	qui l’an garda |et li dist 	e vinose al palaçio 	1034
1169	que moult li a Diex aidié selonc les aventures 		
1170|1171	qui avenues li sont. |Quant Lanceloz fu vestuz 	e demando sus armas 	1035
1172|1173	et apparilliez, il vint en la sale |et salua son oste et dist 	y armose y subio ensu caballo y el huesped le dixo 	1036
1174|1175	que bon jor li donnast Diex. « Sire, fait Lanceloz, faites moi mes armes aporter, |car je ne voil plus demorer. » 	señor Do queredes yr aqui a vn castillo 	1037
1176	Et cil commande		
1177	que a l’an les aport, 	que esta enesta Montaña 	1038
1178|1179	mais ainz le fist mangier tout par loisir; |aprés li fait baillier ses armes 	dios vos ende guarde 	1039
1180	et il les prant »,	dixo el huesped 	1040
1181|1182	Ét quant il fu armez, li sires li demande |ou il velt aler 	que çinco años a que vn cauallero guarda la entrada 	1041
1183|1184	et il dist |qu’il voldroit estre au chastel 	y es tan buen Cauallero 	1042
1185|1186	qui est laissus en I. montaingne. « De la aler, fait li sires, vos garde Diex ! je nel vos loeroie en nule manniere, |car plus a de V. 	que por ay nunca paso Cauallero 	1043
1187|1188	anz |que chevaliers n’i pot antrer 	quelo non mastase 	1044
1189	qui ne moreust ou fust emprisonnez. — 	o lo non metiese en prision 	1045
1190	Comment fu ce dont? fait Lanceloz. Il covient 	que amarauilla es de gran bondad de armas 	1046
1191	que vos le me diez. — 	e porende vos consejo 	1047
1192	Et jel vos dirai volentiers. Il a I. an 	que no vayades alla en ninguna guisa del mundo 	1048
1193	et plus c’uns chevaliers garde l’antree 	Porçierto 	1049
1194	que nus n’i antre	dixo don lançarote 	1050
1195|1196	qu’il a ne conqueist par prouesce d’armes, |et por ce ne vos loeroie je en nule manniere a aler cele part, 	no dexaria de yr alla 	1051
1197|1198	car vos n’am porriez partir sanz bataille. — Enon Deu, fait Lanceloz, je ne lairoie en nule maniere |que je n’i alasse, 	por auentura 	1052
1199	car je i perdi mon cheval ersoir ne sai en quele manniere. — 	que me ende viniese ca yo perdi ay mi cauallo |e no se como 	1053|1054
1200	Puis que vos avez si grant talant d’aler i, fait li chevaliers, g’irai o vos et verrai l’onor 	Como el Cauallero Contaua a don lançarote |que estor de Mares hera su hermano 	1055|1056
1201	que Diex vos fera 	Pues ansi es dixo el huesped que todavia quereis yr alla yo quiero yr conbusco 	1057
1202	et vos conterai entre ci et la tel chose 	y tales cosas vos dire porel Camino 	1058
1203	par coi ceste bataille devroit remanoir. 	que vos plazera de dexar la vatalla 	1059
1204|1205	Lors dist a ses sergenz |qu’en li aport ses armes, 	y luego pidio sus armas y cauallo y armose y caualgo y fuese conel 	1060
1206	car il voldra a mon signor Lancelot faire compaingnie dusque au chastel. 	y la donzella dixo a don lançarote 	1061
1207|1208	Et quant il est armez|et il sont andui monté, la damoisele dist a Lancelot: « Sire, je ai oï dire 	señor ocho dias despues del dia de sancta maria magdalena 	1062
1209	qu’il avra I. tornoiement a Kamaalot. I serez vos ? — 	a de hauer vn gran torneo en Camalot 	1063
1210|1211	Por quoi le demandez vos ? — |Por ce	y porque dezides eso dixo el 	1064
1212|1213	que se je vos i cuidoie veoir, je ne lairoie en nule manniere |que je n’i alasse. — 	señor dixo ella 	1065
1214	Et je vos di, faît il,	porque si yo supiese 	1066
1215	que g’i serai, 	que vos fuesedes 	1067
1216	se je sui en ma lige poesté. — 	y non dexaria |por cosa del mundo de yr alla yo vos digo dixo el 	1068|1069
1217|1218	Or alez |dont, fait ele, a Dieu, 	que si dios me guarda y me da salud 	1070
1219	car je vos i verrai, 	que yo sere 	1071
1220	se merveille n’est.» Il s’em partent maintenant. 	y pues agora vos acomiendo a dios dixo la donzella 	1072
1221|1222	Quant il sont I. poi esloingnié del chastel, |si dist li chevaliers a Lancelot : « Sire, vos estes de la meson le roi Artu et compaingnon de la Table Reonde 	y fuese luego don lanzarote Consu huesped 	1073
1223|1224	et par ce cuit je bien |que vos quenoissiez cels 	y yendo ambos porel gran camino 	1074
1225	qui en sont conpaingnon. » 	dixo el huesped 	1075
1226	Et il dist 	a don lanzarote 	1076
1227	qu’il ne repaire mie a cort moult, e 	vos sodes dela casa del Rey artur 	1077
1228	et par ce nes? 	y compañero dela tabla Redonda 	1078
1229|1230	puis je pas connoistre touz, mais les plus erranz |et cil 	e porende conosçeredes los mas delos caualleros 	1079
1231	qui plus quierent aventures cuit je bien connoistre ; 		
1232	et si en i a il maint 	que y son todos los mas 	1080
1233|1234	que je ne connoiz mie, |ce poise moi, 	que demandan las auenturas 	1081
1235|1236	car il n’en i a nul|qui assez ne soit prodom et vaillanz ».	conozco yo dixo don lanzarote	1082
