		Sire fait elle enuellopee 	0
		quil ne la pouoit cengnoistre 	1
0	avoir trové. » 	pour pour ce	2
1	Si li conte tote s’aventure issi 	que ie le uouldroie auoir trouue |si luy compte toute son auanture	3|4
2	com vos avés oi dire ça arrieres. 	tant 	5
3	tant qu’il conoist bien 	quil cengnoit bien 	6
4	que c’est il 	que cest celle 	7
5	qu’ele quiert a, 	qui le quiert/ 	8
6	Mais por le coros de la mort al seneschal ne	Mais pour le couroust 	9
7	se volt fere conoistre, 	quil a du sencchal et de sa mort ne se uoult faire congnoistre/ 	10
8	ains li respont: « 	mes leur respont 	11
9	Certes, damoisele, chevalier 	certes damoiselle ie ne cengnois mie le cheualier 	12
10	qui porte escu blanc 	qui porte les blances armes. 	13
11|12	ne conois je nul. — En non Dieu, sire, fet ele, |ce poise moi chierement. » 	En nen dieu fait elle il me poyse monlt chierement. 	14
13	Et il n’en tient plus a li parole, 	A donc sen part |et ne uoult plus parler il la commandee a dieu 	15|16
14	ains part si tost 	et sen ua. 	17
15	com il l’ot commandee a Dieu a et chevalche en tel maniere jusqu’a tierce 	et cheuauche iusques a tierce eustes onques pitie |de nulle gentille dane aies tant	18|19
16	tant qu’il vint a l’issue de la forest; 	quil uint a lissue de la forest 	20
17	et il torne a destre vers un chemin viés et ancien; 	et il tourna a destre uers ung petit chemyn uieil: 	21
18	si ne demora gueres 	si ne demoura gueres 	22
19	qu’il vint a une eve P lee et parfonde, 	quil uint en une uallee/ |ou il couroit une eau monlt roidde la 	23|24
20	mais il n’i trueve pont 	quelle estoit grande et parfonde/ 	25
21	ne gué ne passage nul. 	et ne treuue ne pont ne planche |par ou il puisse passer. 	26|27
22	Et il regarde d’autre part de l’eve, 	Sy regarde de laultre part de leaue 	28
23	si voit I. petit chastel molt bien seant, clos de mur bateillié tot entor a la roonde. ll regarde grant piece le chastel 	et uoit ung beau chastel monlt bien seant et bien cloz de muraille tout entour. Il regarde le chastel grant pieche 	29
24	dont la façons li plest molt a regarder, 	car monlt luy plaisoit a uoir/ 	30
25	puis s’en torne contreval la riviere	puis sen tourne contre ual la riuiere 	31
26	por savoir 	pour scauoir 	32
27	s’il i peust trover ne pont ne gué, 	sil pouroit trouuer ne pont ne gue par le quel il puisse passer/ 	33
28	mais il n’en trueve point 	mes il nen truue point. 	34
29|30	et quant il voit |qu’il n’i passera, 	Et il uoit ce 	35
31	si ne set 	si ne scait 	36
32	que fere, 	que faire/ 	37
33	que retorner ne voldroit il mie. 	car retourner ne uoulloit pas. 	38
34	Atant voit issir del chastel une damoisele 	A tant uoit yssir une damoiselle du chastel la 	39
35	qui ert tote nue en sa chemise,	quelle estoit toute nue en sa chemise/ 	40
36	si le menoient troi vilain molt vilainement a 	sy la menoient quatre ribaulx monlt felonneusement 	41
37	et tenoit chescuns une hache en sa main; 	et tenoient chascun en sa main ung coustel trenchant. 	42
38	et ele crioit 	Et la damoiselle crioit 	43
39|40	quanque ele pooit crier |por els 	tant comme elle pouoit pour la laidure et honte 	44
41	qui li faisoient tel honte et tel laidure 	que telx ribaulx luy faisoient/ 	45
42	qu’il la venoient batant tot contreval la riviere. 	et la menoient batant contre ual la riuiere. 	46
43|44	Et quant la damoisele vit le chevalier de l’autre part de ! l’eve, |si commence a crier: « 	Et quant la damoyselle uoit le cheualier de lautre coste de la ry/ uiere commenca a crier et dire en tell maniere 	47
45	Ha, gentilz chevaliers, secorés ceste damoisele 	Haa beau et gentil cheualier secoures ceste damoiselle 	48
46	que cist ribaut vuelent ocirre. 	que ces ribaulx ueullent occire/ 	49
47	Ha, frans hom, 	haa franc homme fait elle me lesres uous ainsi mourir entre les mains de telx paillars. |et se uous pitie de moy 	50|51
48|49	ne m’i laissiés morir, |se vos onques eustes pitié de nule gentil damoisele !» 	car se uous ne me secoures ie suys a la mort liurer. 	52
50	Quant Boors ot ce 	Et quant boort ouyt 	53
51|52	qu’ele li prie |si pitousement 	quelle le prioit si piteusement 	54
53	qu'il la secore, 		
54	si ne set que fere, 	si ne scait |que faire 	55|56
55	kar volentiers li aidast 	car uoulentiers luy allast aider 	57
56	s’il peust; 	se il peult estre/	58
57	mais il voit l’eve noire et parfonde et si perilluse 	mes il uoit la riuiere parfonde et dangereuse a passer. 	59
58	qu’il cuide bien noier, 	et scait bien sil entre dedens 	60
59	s’il se met dedens; 	qu il se met en peril de mort.	61
60	et d'autre part il voit cele 	Et daultre part il uoit celle 	62
61	qui si durement crie merci; 	qui si piteusement fui crie mercy.	63
62	si l'em prent tels pitiés 	Si luy en prent telle pitie 	64
63|64	qu’il en laisse totes poors |et fet le signe de la crois en mi son vis, 	quil en laisse toute paour et fait le signe de la croix 	65
65|66	puis enbrace l’escu |et broche le cheval des esperons 	deuant son uisaige puys embrache son escu et fiert son cheual des esperens 	66
67	et se fiert en l’eve. 	et se lanche dedens leaue tout erraument: 	67
68|69	Et li chevals fu fors,|si commence a noer 	et le cheual commence a noer si tost 	68
70	si tost com il ot terre perdue, 	quil eust terre perdue. 	69
71	si l’enporte d’autre part de la rive a quelque paine, 	et sen passe le cheual iusques de laultre part de leaue mes ce fust a grant paine 	70
72	mais ançois ot beu de l’eve li uns et li autre, 	car ains quilz feussent passes beurent de leaue lun et laultre 	71
73	et se li chevals ne fust si buens, noié fuissent ambedui, 	et se le cheual neust este fort et bon ilz feussent noyes et lun et laultre 	72
74	kar li chevaliers estoit pesans por les armes 	car le cheualier estoit fort pesant pour les armes 	73
75	qu’il avoit vestues. 	quil auoit uestues. 	74
76	Quant il fu de l’autre part de l’eve, 	Quant il fut de lautre part de leaue 	75
77	si ne descendi pas, 	si ne descendist oncques 	76
78	ains cort vers cels 	ains courust uers ceulx 	77
79	qui la damoisele tenoient 	qui la damoiselle tenoient: 	78
80	et fiert si le premier 	et fiert tellement le premier 	79
81	qu’il aconsieut 	quil encontre 	80
82|83	qu’il li met le glaive par mi le cors, |si l’abat a terre, 	qu il lui met le glauie parmy le corps si labat a terre 	81
84|85	et li autre s’enfuient erraument |por ce 	et les autres se met tent en fuite. La damoiselle	82
86	que desarmé estoient. 		
87|88	Et la damoisele|qui delivree se voit se met a genols devant Boort 	qui deliuree se sent se met a genoulx deuant lui 	83
89	et dist: « 	et lui dit. 	84
90	Ha, gentils chevaliers, de Dieu soiés vos beneois, 	Haa gentil cheualier de dieu soiez uous benoit: 	85
91	quant vos m’avés de mort rescosse, 	car ces gloutens me eussent occiz 	86
92|93	et aorés en soit Diex, |quant il ceste part vos amena, 	se ne feussez uous. Damoiselle fait il 	87
94	kar cist gloton m’euissent ja morte. — Damoisele, fet il,		
95	por quoi ? — Sire fet ele, jel vos dirai bien, 	pour quoy. Sire fait elle ie le uous diray 	88
96|97	mais|que vos m’aiés mise a sauveté. — 	mais que uous me aiez mise a sauuete. 	89
98|99	Coment ? fet il. Avés vos dont garde ? — |Certes, fet ele, ja asseur ne seraî fant 	Comment fait il auez uous donc paour. Sire fait elle ia seure ne seray 	90
100	com je sache laiens le seignor del chastel, 	tant |que ie sache leans le seigneur de ce chasteau/ 	91|92
101	kar c’est li plus fel chevaliers del monde et li plus traîtres. » A ces paroles voient issir I. chevalier del chastel 	car cest le plus fel cheualier du monde et le plus cruel |Ces parolles uoient issir ung cheualier du chasteau: 	93|94
102	et la 	et la 	95
103|104	ou il vit Boort, |si li escrie : « Laissiés, dans chevaliers, la damoisele	ou il uoit boort il lui escrie. Cheualier laissez la damoiselle	96
105|106	que vos n’enmenrois mie! |Par mon chief, mar le rescosistes!» 	et par mon chief mal la rescouistes. Boort lentent 	97
107	Si li cort 	si lui court	98
108	quanqu’il puet le glaive alongié; 		
109	et Boors retrait son glaîve a lui del cors a celui 		
110|111	qu’il avoit ocis; |si laisse le cheval corre et le fiert si tres durement 	tant qu il peut du cheual traire le glaiue allongnie et le fiert si durement 	99
112	qu’il l’abat a terre si estordi 	quil labat a terre si estourdy 	100
113|114	qu’il n’a pooir de relever, |ains gist pasmés, 	qu il na pouoir de soy releuer: 	101
115	kar il chai si felenessement 		
116	qu’a poi 		
117|118	que la canole del col n'avoit brisee. |Et Boors li vet a cheval 	et booit lui ua par dessus le col a cheual tant 	102
119	par desus le cors tant que tot le debrise. 	que tout le debrise. 	103
120	Et lors est la damoisele si liee 	Et boort a tant la damoiselle esiouye 	104
121	qu’ele ne puet plus 	que elle ne peut plus: 	105
122	et dist a Boort : « Sire, nos n’avons mes garde,	et dit a boort. Sire nous nauons mes garde: 	106
123	kar je ne cuit 	car ie ne cuide point 	107
124	qu’il eust plus de chevaliers çaiens que cestui;	qu il y ait plus de cheualiers leans que cestui 	108
125	si vos dirai ore seurement ce 	si uous diray seurement ce	109
126	que vos me demandastes n’a encor gaires. — Dites, fet il. — Sire, fet ele, entre moi et I. chevalier 	que uous mauez demande. |Par ma foy fait elle moy et ung cheualier 	110|111
127	qui mes amis estoit chevalchions hui matin par mi cest chastel 	qui mon amy estoit cheuauchions parmi cest chasteau. 	112
128	et quant li freres a celui 	Et quant le frere de celui 	113
129	que vos avés abatu me vit, 	que uous auez abatu me uist 	114
130	si me volt a force prendre, 	si me uoulut auoir et prendre a force: 	115
131|132	kar il m’avoit molt longuement amee; |si me prist al frain 	car il me auoit longuement aymee. Il print mon cheual 	116
133	et m’en volt mener a force, 	et men uoulut mener a force: 	117
134	mes mes amis se combati a lui tant qu’il l’ocist. 	mais mon amy se combatist a lui |tant qu il loccist. 	118|119
135|136	Et|quant cist 	Et quant celui 	120
137	que vos veez ci ore vit son frere mort, 	que uous uoiez 	121
138|139	si fist mon ami prendre a force de vilains et de gens et l’ocist en venjance de son frere. |Mais de moi, 	cy uist son frere mort il fist mon amy prendre par force de gens et de uillains/ 	122
140	por cui Ses freres avoit esté ocis, dist il 	et loccist en uengance de son frere et dist 	123
141	qu’il se vengeroit sans main metre;	quil se uengeroit de moy sans main mettre.	124
142	si me fist prendre a ces ribaus 	Si me fist prendre par ces quatre ribaulx 	125
143	que vos veistes et lor commanda 	que uous auez ueu|et leur commanda 	126|127
144	qu’il me noiaissent, « 	quilz me noyassent/ 	128
145|146	kar par armes, dist il, |ne vueil je mie 	car par armes ne uueil ie pas 	129
147	qu’ele muire » ; 	que elle meure. 	130
148	si m'enmenoient, 	Si me emmenoient ainsi 	131
149	si com vos veistes, morir 	comment uous auez ueu pour noyer 	132
150	quant vos me venistes secorre par la volenté de Dieu et par la vostre. 	quant uaus me uenistes secourir par la uoulente de dieu et par la uostre. 	133
151	Or vos ai conté mon errement ; 	Or uous ay toute compte ma fortune/ 	134
152	si voldroie des Ore mes, 	si uouldroie 	135
153	se vostre plaisirs estoit, 	se uostre uoulente y estoit 	136
154	que vos me menissois a salveté en un mien chastel 	que uous me menissez a sauuete en ung mien chasteau 	137
155	qui est ci pres. — Volentiers », fet il. 	qui est cy pres. Voulentiers dit il. 	138
156	Si le prent par les bras 	et il la prent par le bras 	139
157	et le monte par devant lui sor le col de son cheval, 	et puis la met sur le col de son cheual/ 	140
158	si a geté son escu derieres son dos, 	si a iecte son escu derrier son dos:	141
159	si s’en vet cele part 	et puis tourne celle part la 	142
160	ou la damoisele li enseigne tant 	ou la damoiselle lui enseigne |tant	143|144
161	que ce vint aprés midi 	que uint aprez midy 	145
162	qu’il voient en un tertre I. bel a chastel, 	que ilz uirent deuant eulx ung moult beau chasteau: 	146
163|164	et lors ataignent Il. escuiers|qui issoient d’un bossel 	et lors attaignent deux escuiers a lentree de ung petit boix	147
165	et aportoit chescuns venoisons trosee detriers soi.	et portoit chacun uenoisen derrier lui troussee. 	148
166|167	Quant il virent la damoisele, |si descendent a pié 	Et quant ilz uirent la damoiselle ilz descendirent a pie 	149
168|169	et li font grant joie |com a celi 	et lui firent si grant henneur et si grant ioye comme a celle 	150
170	qui lor dame estoit 	qui leur dame estoit: 	151
171	mais molt se merveillent de ce 	mais moult se merueillent de ce 	152
172	qu’il la virent plorer: 	qu ilz la uoient plourer: 	153
173	si li enquierent 	si demandent 	154
174	que ele a. 	que elle a. 	155
175	Et ele lor dit 	et elle leur compte 	156
176	comment ses amis avoit esté ocis, «	comment son amy auoit este occy/	157
177	et je meismes euisse esté morte. 	et moy mesmes eusse este occie 	158
178	se ne fust cis frans chevaliers	se ne feust ce franc cheualier	159
179	qui par sa debonaireté me resqueust 	qui par sa debonnairete ma rescousse 	160
180	et se mist em peril de mort 	et sest mis en peril de mort 	161
181	por ma vie sauver. » 	pour moy sauuer. 	162
182	Et lors conseille a l’un de ses escuierset cil se destrosse maintenant de sa venoison, 	Et lors elle parle a conseil a ung des escuiers 	163
183	si la baille a son compaignon por porter, 	et celui se destrousse maintenant de sa uenoison et la baille a porter a son compaignon 	164
184	si s’en vet vers le chastel 	et sen ua uers le chasteau	165
185	quanqu’il puet traire del roncin. 	tant quil peut courir atout son roussin. 	166
186	Et Boors demande a la damoisele 	Et boort demande a la damoiselle 	167
187	comment li chastials a non 	comment le chasteau auoit nom 	168
188	ou ses amis a esté ocis. « Sire, fet ele, il a non Galedon 	ou son amy auoit este occy. Sire fait elle il a nen galdon/ 	169
189|190	et l’eve |par ou vos passastes a non Galede. » 	et leaue ou uous passastes a nom galide. 	170
191	Ensi parolent tant 	Ainsi sen uont parlant ensemble boort et la damoiselle	171
192	qu’il sont venu jusqu’al chastel,	tant que ilz sont uenus prez du chasteau 	172
193	si le voit Boors bien seant et fort. 	si le uoient beau et fort et moult bien seant. 	173
194	Et quant il montent ! le tertre, 	Et quant ilz sont montez le tertre 	174
195	si voient de laiens issir dames et damoiseles a grant plenté 	si uirent dames et damoiselles a grant plante 	175
196	dont les unes karolent 	dent les unes dansoient 	176
197	et les autres dancent et les autres joent de divers geus; 	et les autres deuisoient |et les autres iouoient de diuers ieux.	177|178
198	si estoient acesmees et vestues richement et avec venoient chevaliers jusqu’a X. 	si estoient toutes uestues moult richement/ |et auec elles uenoient des cheualiers iusques a dix 	179|180
199	qui molt faisoient grant joie; 	qui faisoient moult grant ioye. 	181
200	et quant il voient Boort, 	Et quant ilz uirent boort 	182
201	si crient tuit encontre lui: « Bien viengniés, sire,	si lui crierent tous. Bien uiengniez uous 	183
202|203	qui nostre dame avez delivres de mort |et rescosse des mains a ses enemis !» 	qui nostre dame auez rescousse de mort et deliuree des mains de ses ennemis. 	184
204	Et lors font descendre lor dame et lui avec : 	Et lors font descendre leur dame |et lui auec. 	185|186
205	si ne vos porroit nus conter la joie 	Si ne pourroit nul homme compter la grant ioye 	187
206	qui li fu fete. A tel joie et a tel feste enmainent Boort jusqu’al palés del chastel, 	qui leur fut faicte. |A telle ioye menerent boort au pallais. 	188|189
207|208	si le font desarmer, |ou il volsist ou non,	Et quant ilz eurent mengie la damoiselle lui demanda	190
209|210	et il le fist a envis, |kar il n’estoit encore mie tens de herbergier. 	comment il auoit nom. 	191
211|212	Ensi remist Boors laiens, |si li firent grant joie li un et li autre 	Et il respendist 	192
213	Et quant il orent mengié. a damoisele demande a Boort 		
214|215	comment il avoit non ét ¡l dist |qu’il avoit non Boors li Essilliés. « 	quil auoit nom boort le essillie et si estoit cousin germain de lancelot du lac. 	193
216	Et vos, fet il. damoisele, 	Et uous dame 	194
217|218	quels est li vostre nons ? — Sire, fet ele. je |ai non Blevine de Glocedun, 	quel est uostre nom. Sire fait elle iay nom benigne de glacedon. 	195
219	issi a non cist chastials ou nos somes. » A ces paroles 	et ce chasteau cy |ou nous sommes a aussi nom glacedon. ces parolles 	196|197
220	qu’il disoient, es vos I escuier 	quilz disoient uecy ung escuyer 	198
221	qui laiens entre,	qui entra leans 	199
222	si s’agenoille devant la damoisele. « Dame, fet il, la damoisele de Honguefort vostre cosine vos salue et vos mande 	si se agenoille |de uant la damoiselle dame fait il madame de honguesfort uous sallue 	200|201
223|224	qu’ele vient herbergier o vos. » |Et quant cele l’entent, 	et uous mande 	202
225|226	si saut sus si liee et|si joiose 	que elle se ueult ennuyt logier auec uous.	203
227	que nule plus 	Et quant celle lost 	204
228	et demande al vaslet 	si demande a lescuyer 	205
229	ou ele est. « Dame. fet il, a mains de demie lieue pres de ci. » 	ou elle est dame fait il a demye lieue de cy/ 	206
230|231	Et ele fet maintenant sa sele metre |et dist 	et elle mente sur son cheual auec quatre cheualiers et quatre escuyers 	207
232	qu’ele ira encontre li; 	pour aller a lencontre de la dame 	208
233	si monte et maine o li. VI. chevaliers et Illl. en laisse 	et si laisse quatre cheualiers auec boort 	209
234	por fere compaignie a Boort ; 	pour luy faire compagnie mes boort 	210
235|236	si se part atant de laiens. Mes Boors |qui les noveles a of̈es de cele de Honguefort 	qui les nouuelles a entendues de la dane de honguesfort ne scait 	211
237	si ne set que fere, 	que faire 	212
238|239	kar se il remaint laiens, ne puet estre |que l’en nel conoisse 	si pense longuement 	213
240|241	et ce ne voldroit il |por rien: 	car il ne ueult pas estre congneu 	214
242|243	si pense longuement a ceste chose. |Quant il ot une piece pensé, 	et quant il a longuement pen se 	215
244	si se drece en estant 	si se lieuue en son estant 	216
245	et demande ses armes tost et isnel. « Sire, font cil 	et demande ses armes. Sire sont ceulx 	217
246	qui avec lui estoient, 	qui auec luy estoient 	218
247	qu’en volés vos fere ? — Je me vueil. fet il, un poi aler esbatre jusqu’a cel boschel, 	pour quoy les demandes uous ie me uueil fait il armer |pour moy aller esbatre iusques en ce bochel 	219|220
248	si revendrai orendroit. » 	mes ie reuendray tantost/ 	221
249	Cil n’osent son commandement refuser. 	et ceulx nosent reffuser son commandement 	222
250|251	si aportent ses armes |et il les prent. 	lors luy apportent ses armes 	223
252	Et quant il est armés, 	et quant il fust arme 	224
253|254	si monte en son cheval a, |si se part de laiens par une posterne par devers le boschel », 	si sen part de le ans par la posterne uers ung petit bosc 	225
255	ne ne velt	et ne ueult 	226
256	que nus li face compaignie. 	que nul luy face compagnie. 	227
257|258	Et quant il est l. poi eslongiés del chastel, |si torne a destre vers une forest 	Et quant il est ung pou eslongnie il tourne uers une forest grande et espesse 	228
259|260	qu’il voit haute et espesse |et s’en vet al ferir des esperons; 	si fiert des esperons 	229
261	si se fiert en la forest et eirre 	et sen entra dedens 	230
262|263	tant |qu’il li anuite ; 	et cheuaucha tant 	231
264|265	et lors escote, |si ot une cloche soner 	que la nuyt uint. Il ouyt une cloche sonner 	232
266	et il sot bien tantost	si pense tantost 	233
267|268	que c’estoit hermitages: |si s’en torne cele part 	que cest ung hermitage. il sen alla celle part 	234
269|270	et descent a l’uis,|si apele et li hermites li oevre son huis, 	et puys frappa a luys/ 	235
271|272	si a le reçoit a bele chiere |et le desarme il meismes, 	et lermite le rechoit a belle chere et le desarma 	236
273	puis vet cueillir de l’erbe al cheval 	et puys cueillit de lerbe uerte pour le cheual 	237
274	et por fere lit al chevalier.	et fist le lyt au cheualier. 	238
275|276	Ensi est Boors remés chiés l’ermite, |et la damoisele de Glocedun chevalcha tant a 	Insi est boort demoure auec lermite et la damoiselle de glacedon a tant alle 	239
277	qu’ele encontra cele de Honguefort; 	quelle encentra celle de honguesfort/ 	240
278	si s’entresaluent, 	si sentresalluerent. 	241
279	mais molt se merveille cele de Glocedun, 	Et quant celle de glacedon uoit sa cousine et toute sa mesgnie 	242
280|281	quant ele voit sa cosine si atornee et tote sa maisnie: |si li demande l’acheison 	ainsi atournee elle sen merueille monlt sy lui demande lachoison 	243
282	et cele li conte de chief en chief 	et celle luy compte toute la uerite 	244
283	et dist 	et dist	245
284	que jamés ne finera d’errer 	que iamaiz ne finera de errer iusques a 	246
285	jusqu’el ait le chevalier trové, « 	tant quelle aura trouue le cheualier/ 	247
286	et bien sachiés, fet ele, bele cosine, 	et sachiez belle cousine 	248
287	que c’est li plus bials chevaliers et li mieldres 	que cest le plus beau et le meilleur 	249
288	que je onques mes veisse, 	que ie ueisse on ques 	250
289	et si est encore jovenes enfés; 	et sy est encore ione enfant/ 	251
290	si ai tel duel, 	si ay tel deul 	252
291	quant il me membre de la vilenie 	quant il me souuient de la uillanie	253
292	que je fis, 	que ie luy feiz 	254
293	qu’a poi que li cuers ne me part el ventre. — En non Dieu, bele cosine, fet cele de Glocedun, 	que a pou que le cueur ne me part du uentre. Eu nom dieu belle cousine fait celle de glacedon/	255
294	s’il vos avint bele aventure, il ne m’est pas hui avenue mains bele. » 	sy uous est aduenu belle auanture/ il ne men est pas aduenue une moins belle. 	256
295	Si li conte tot ensi 	Sy luy compte tout ainsi 	257
296	com il li estoit avenu 	comment il luy estoit aduenu/ 	258
297	et dist 	et dist 	259
298	qu’ele a le chevalier herbergié; « 	quelle auoit herbegie le cheualier/ 	260
299	mais bien sachiés, fet ele, 	et uous dys bien	261
300|301	que c’est li plus bials chevaliers |que je onques mes veisse 	que cest le plus beau cheualier du monde/ 	262
302|303	et jovenes durement » ; |si li devise sa façon et son grant et sa mesure 	sy lui deuise sa facon 	263
304	tant qu’a cele de Honguefort est avis 	tant quil est aduiz a celle de honguesfort 	264
305	que c’est cil 	que cest celuy	265
306	qu’ele quiert, 	quelle quiert/ 	266
307	si li tarde molt 	si luy tarde 	267
308	qu’ele le voie. 	quelle le uoie En telle magniere cheuauchent	268
309	Ensi chevalchent jusqu’al chastel, 	tant quilz sont uenues au chastel 	269
310	si descendent la damoisele molt honorement 	si decendent la damoiselle monlt hounourablement	270
311	et molt font grant joie de li	et font grant ioye de celle de honguesford. 	271
312	Et lors sont montees el palés; 	lors sont mentees au pallaiz 	272
313	si demande cele de laiens 	si demande la damoiselle de leans 	273
314|315	ou ses ostes est. « |Par foi, font si chevalier, ¡l s’en vet orrendroit tos armés fors de cest chastel, 	ou est son hoste/ deuray dirent les cheualiers de leans Il sen ua orendroit tout seul arme hors de ce chastel 	274
316	mais il nos dist 	mes il nous dist 	275
317	qu’il revendroit tantost; 	quil reuendroit tantost/ 	276
318|319	n’onques |por nul pooir ne volt soffrir 	ne onques ne uolt souffrir 	277
320	que nus de nos alast avec lui. — 	que nul allast auec luy 	278
321	Quel part s’en ala il ? fet ele. — Dame, font il, vers cel boschel. — 	si a prins sen chemin uers ce bochel. 	279
322	Or tost, fet ele, montés, alés aprés lui, 	Or tost dyt la dame montes sy alles apprez luy 	280
323	si le nos ramenés. » 	et le ramenes arriere. 	281
324	Lors sont monté li X. chevalier 	Lors montent tous les cheualiers	282
325	et vienent jusqu’al boschel, 	et uiennent iusques au bochel 	283
326	si le cerchent amont et aval, 	et le chercent ament et aual/ 	284
327|328	mes del chevalier ne pueent riens trover, |si en sont molt irié et dolent 	mais ne le peuent trouuer/ 	285
329	et mandent a lor dame 		
330|331	qu’il ne le pueent trover. « En non Dieu, fet ele, |ensi ne remandra il pas. » 	Eu nen dieu fait elle il ne demoura pas ainsy 	286
332|333	Si monte |et tote sa maisnie 	si monte elle et sa mesgnie 	287
334	et commande a cerchier le bois de totes pars 	et commencent a chercer le bochel de toutes pars 	288
335	et il en font son commandement.	et prie aulx cheualiers |quilz le chersacent	289|290
336	Mais tot ce ne lor valt riens, 	mes ce ne leur ualust riens/ 	291
337	kar il n'em puent avoir nul asenement a, 	car ilz nen porent ouyt nulle uraie enseigne. 	292
338	Quant ele vit ce, 	Quant elle uoit ce 	293
339	si s’en retorne en son chastel dolente et corociee 	si sen retoure en son chastel dollente et courroucee/ 	294
340|341	et conte a cele de Honguefort |comment ses ostes 	et compte a celle de henguesford 	295
342|343	s’en estoit alez, |puis demande a cels de laiens: « Bials seignors, 	comment son hoste sen est alle puys demande a ceulx de leans. Beaux seigneurs 	296
344	quant s’em parti il — 	quant sen parti il/ 	297
345	Par foi, dame, font il, 	par ma foy 	298
346	si tost 	si tost 	299
347	com il vos en vit aler et dist 	que uous feustes partie/|et dist 	300|301
348	qu’il revendroit tost. — 	quil reuendroit tantost. 	302
349	Par foi, fet ele, gabez nos a. » 	par ma foy dist la dame il nous a gabes. 	303
350	Lors demanda cele de Honguefort 	Lors demande celle de honguesford 	304
351	quels armes il portoit 	quelles armes il portoit	305
352	et ele li devise. « En non Dieu, fet ele, je te trovai hui matin a l’entree d’une forest, 	et elle luy deuise. Eu nom dieu fait elle ie le trouuay|huy matin a lentree de une forest/ 	306|307
353	mes il ne portoit mie tel escu 	mes il ne portoit mye telles armes 	308
354	com cil	come celuy 	309
355	que je quier. — Bele cosine, fet cele de laiens, il le puet bien avoir changié 	que ie quiers/ belle cousine fait celle de|leans il les peult bien auoir changiez 	310|311
356	et je vos di al mien cuidier 	et ie cuide bien a mon aduiz 	312
357	que ce est cil 	que cest celuy 	313
358	que vos querez : 	que uous queres 	314
359	si vos prie 	sy uous prie 	315
360|361	que vos me laissiés o vos aler |tant que trové l’aions 	que me lessiez aller auecques uous tant 	316
362|363	et lors savrai l’acheison |por quoi il laissa mon ostel a tel ore. — Il m’est molt bel, fet cele de Honguefort, 	que laurens trouue. Il mest monlt bel dyt celle de honguesfort 	317
364	que vos i viegniés, 	que uous uiengnies auec moy 	318
365|366	puis|qu’il vos plest. » 	puis quil uous plaist. 	319
367|368	Ensi remistrent la nuit laiens |et al matin. 	ainsi demeurent la nuyt leans. et au matin 	320
369	si tost com eles ! virent le jor, 	quant ilz uirent le iour 	321
370	si leverent et se partirent del chastel 	si sen partirent du chastel 	322
371	et entrerent en la queste de lor chevalier.	et entrerent en la queste de leur cheualier. 	323
372	Mais or laisse atant li contes a parler d’eles et de Boort	Or lessons maintenant le compte de boors et des deux dames 	324
373	et retorne a parler de Lancelot la 	et retourons a parler de lancelot du lac le	325
374	ou il est entrez en la forest de Sarpenic, 	quel est entre en la forest de la sapine. 	326
375	si com li contes a devise ariers. 	Comment lancelot emporta le corps de gallehaut 	327
376	Or dist li contes 	que plusieurs cheualiers gardoient: |et comment il rescouist la seur de meleagant 	328|329
377	qu’il fist grant chaut le jor 	que len uouloit ardre iiii.xx. xiiii. Grant chault fist dit le compie le iour 	330
378	que Lancelos entra en la forest de Sarpenic 	que lancelot fut entre en la sapinoie 	331
379	et por ce ne remest il mie	et pour ce ne demoura il pas 	332
380|381	qu’il ne chevalchast jusqu’à none; |si li avint ensi 	quil ne cheuauchast iusques a uespres 	333
382|383	qu’il n’encontra home ne feme jusqu’al vespre; |mais lors sans faille, 	sans rencentrer homme ne femme. 	334
384	si com il dut issir de forest 		
385	qui tot le jor li ot duré, 		
386|387	encontra une damoisele |qui molt faisoit grant duel et chevalchoit I. palefroi noir a molt riehe lorain 	Sicomme il deust issir dela forest il rencontra une damoiselle grant deul faisant montee sur ung coincte pallefroy. Il salue la damoiselle 	335
388	et a molt cointe sele de l'oevre d’Engleterre. Il salue la damoisele 		
389|390	et ele lui. « Damoisele, fet il, |kar me dites, 	et lui dit. Dame dictes moy pour quoy uous plourez 	336
391	s’il vos plest, 	sil uous plaist 	337
392	por quoi vos plorés. — 		
393	Certes, sire, fet ele, 	Certes sire 	338
394	se je i' cuidoie avoir preu, je le vos diroie. — Damage, fet il, ll’i avrez vos ja, 	se ie y cuidoie auoir prouffit ie uous le diroie. |Dommage fait il ny aurez uous ia 	339|340
395	se Dieu plest, 	se dieu plaist. 	341
396	mais dites le moi par covent 		
397|398	que, |se je vos puis aidier a vos esleecier, je vos aiderai a mon pooir. — En non Dieu, sire, fet ele, 	car se ie uous puis aider ie uous aideray a esclercir uostre cueur a mon pouoir. 	342
399	donc le vos dirai je. ll est voirs 	Par dieu sire denc fait elle le uous diray ie. Il fut uoir 	343
400|401	que Meleagans, li fiz al roi Baldemagu, ala a la cort le roi Artu por la roine Genievre conquerre, |s’il peust; 	que meleagant le filz du roy bademagus alla a la court du roy artus pouc la royne genieure conquerre. 	344
402	et endementiers fist tant une damoisele 	En dementiers fist tant une damoiselle 	345
403	qui estoit? sa suer 	qui sa seur estoit 	346
404	qu’ele geta Lancelot d’une tor ou Meleagans l’avoit mis en prison, 	que elle iecta lancelot hors de prison de une tour la 	347
405	ne sai por quoi. 	ou il lauoit mis. 	348
406|407	Quant ele l’ot delivré, |si le tint avec li tant 	Quant elle leust deliure elle le tint auec elle 	349
408	qu’il fu garis, 	tant qu il fut gary: 	350
409	kar molt avoit eu mesaise en la prison, 	et moult y auoit eu mesaise. 	351
410	et puis l’envoia a la cort le roi Artu 	et puis lenuoia a la court du roy artus la 	352
411	ou il ocist Meleagan, 	ou il occist meleagant. 	353
412	ce savons nos or bien.	mais tantost 	354
413	Mais si tost com li parent sorent 	que ses parens sceurent 	355
414|415	qu’ele avoit Lancelot osté de la prison, |si distrent 	que elle auoit iecte lancelot hors de prison 	356
416	qu’ele l’avoit fait por Meleagan ocirre; 	ilz la occuperent de la mort de meleagant. 	357
417|418	si le pristrent a force |et l’acheisonerent de sa mort 	et fut dit 	358
419|420	et distrent |que, s’ele ne trovoit 	que se elle ne trouuoit 	359
421	qui l’en desfendist. 	qui la deffendist	360
422	qu'il feroient de lui justice si grant	que len feroit de elle telle iustice 	361
423	com l’en doit fere de cele 	que len deuoit faire de femme 	362
424	qui son frere ocist. 	qui son frere auoit occis. 	363
425	Et ele dist 	Et elle dit 	364
426	qu’ele troveroit bien 	que elle trouueroit bien 	365
427	qui la desfendroit: 	qui len deffendroit. 	366
428	si mist jor d’amener I. chevalier por li desfendre, 	Si lui fut iour determine de trouuer ung cheualier pour elle deffendre. 	367
429	si s’est puis porchaciee en Pluisors liex,	Et elle a depuis pour chasse en plusieurs lieux 	368
430	mais onques ne trova chevalier 	mais oncques ne trouua cheualier 	369
431	qui ses armes en osast prendre contre celui 	qui ses armes osast prendre centre celui 	370
432	qui apelee l’avoit. 	qui lauoit appelle. 	371
433	Or si est tant la chose alee 	Or est tant la chose allee 	372
434	que li jors est aterminés a hui ; 	que le iour est ennuy termine: 	373
435	si n’a trové la pucele nul desfendeor 	si na trouue nul desfendeur. 	374
436	et por ce dient li un et li autre 		
437	qu’ele est atainte del meffet 		
438	que l’en li met sus : 		
439|440	si l’ont jugiee, |ce m’est vis, a ardoir le matin 	et pource lont iugiee a estre arse au matin 	375
441	et por ce 	et cest la cause 	376
442|443	qu’il m’en membroit, |or em ploroie je si durement, 	qui me fait plourer 	377
444	kar certes ele estoit une des plus cortoises damoiseles ! del monde et une des plus vaillans. — 	car elle estoit une des plus haultes damoiselles du monde: et des plus uaillantes. 	378
445	Or me dites, damoisele, fet Lancelos, 	OR me dictes damoiselle fait lancelot 	379
446	et s’ele trovoit demain 	se elle trouuoit demain 	380
447|448	qui la deffendist, |dont ne seroit ele quite del jugement 	qui la deffendist ne seroit elle pas quicte du iugement. Sire dit elle ie ne scay. 	381
449	que l’en a fet ? — Sire, fet ele, je ne sai. —		
450|451	Et est ce, fet il, gaires loing |que ele est ? — Sire. fet ele, il n’i a que. VI. lieues englesches. 	Et esse fait il gaires loingz dicy. Sire dit elle il ny a que six lieues anglesches/ 	382
452	Se vos leviés demain matin, vos i seriés ains prime. — 	et|se uous partiez demain matin uous y seriez demain a prime. 	383|384
		Et	385
453|454	Ou le porrai je, fet il, trover ? — |Al chastel a, fet ele, de Floego 	ou la pourroie ie fait il trouuer. En la forest de florega:	386
455	et cis chemins vos i menra droit, 	et ce chemin icy uous y menera tout droit 	387
456	se vos le volés tenir. — 	se uous le sauez tenir. Il se part de la damoiselle 	388
457|458	Or vos commant a Dieu, damoisele », fet il.|Si s’em part atant 	et la commande a dieu. 	389
459	et cele s’en vet faisant son duel. 	Et celle sen reua faisant son deul. 	390
460|461	Et il chevalche |tant 	et il cheuauche tant	391
462	qu’il vint fors de la forest, 	quil uint hors de la forest 	392
463|464	si vit devant lui une maison de religion |et il torne cele part 	si uoit deuant lui une maison de religion.Il tourne celle part pour hebergier. 	393
465	por herbergier.		
466	Et quant il i vint, 	Et quant il uint la	394
467	si trueve a la porte IlII. des freres 	si trouua deux freres 	395
468	qui ja avoient chanté complie 	qui auoient chantee complie: 	396
469	et estoient venu hors? al serain;	et ilz estoient uenus hors au serain 	397
470	si saillent encontre lui 	si saillent encontre lui 	398
471	por fere descendre 	pour le descendre 	399
472	et dient 	et dient	400
473	que bien soit il venus; 	que bien soit il uenu. 	401
474|475	si le font entrer laiens |et li demandent 	aprez lui demandent 	402
476|477	s’il a mengié, |et il dist 	sil menga huy. Il dit 	403
478	que nenil, 	que nenny. 	404
479	et il font erraument mettre la table, 	et ilz font incentinent mettre la table le pain et le uin dessus 	405
480	mais il dist 	mais il dit 	406
481	qu’il ne mengera devant 	qu il ne mengera deuant	407
482	qu’il ait esté al mostier, 	quil ait este au monstier dire ses oraisons 	408
483	lar il n’i entra hui. 	car il ny auoit huy este 	409
484	Lors entre en l’eglise. 	Lors entre en leglise 	410
485	por orer et en ce qu’il se fu agenoilliés, 	et ainsi 	411
486	si regarde a destre	quil fut agenoullons si regarde a dextre partie 	412
487|488	et voit unes prones d’argent trop richement fetes a floretes d’or et a oisials et a bestes, |et dedens avoit V. chevaliers armés, les hialmes es testes, les espees es mains, 	et uoit unes prones dargent moult bien faictes a florectes dor a bestes et a oiseaulx de diuerses manieres Dedens auoit cinq cheualiers armez de toutes armes les espees en leurs mains	413
489|490	ausi apresté de deffendre |que	ainsi prestz a deffendre 	414
491	se l’en les volsist asaillir. De ce se merveilla molt Lancelos ;	comme se len uoulsist assaillir. |De ce se merueille lancelot 	415|416
492	si se drece erraument 	si se dresse sur piez 	417
493|494	et vet cele part, |si salue les chevaliers	et ua celle part et salue les cheualiers. 	418
495	et il dient 	Et ilz dient 	419
496|497	que bien soit il venus. |Et il entre dedens les prones par un petit huisselet a 	que bien soit il uenu. et lancelot entre dedens les prones par ung petit huysset 	420
498	et esgarde les prones	et regarde les prones 	421
499	qui tant sont riches 	qui tant sont belles et riches 	422
500	qu’il ne cuide pas 	quil ne cuide pas 	423
501	que nus rois les peust esligier; 	que ung roy les peust esligier. 	424
502	puis voit delés les chevaliers une tombe, la plus riche	et uoit delez les cheualiers une tombe la plus riche 	425
503	qui onques fust fete par home, 	que encques feust ueue de nul homme: 	426
504	kar ele ert tote d’or fin a chieres pierres precioses 	car elle estoit de fin or a pierres precieuses 	427
505	qui molt valoient miels d’un grant roialme. 	qui plus ualloient |que ung grant royaume. 	428|429
506	Se la tumbe fu de grant bialté, 	Et se la tombe fut de grant beaute/ 	430
507|508	nient ne monte la bialtés envers la richece |dont ele estoit 	ce nestoit riens enuers la grant richesse: 	431
509	et avec ce estoit ele la greignor 	et auec ce estoit elle la greigneure	432
510	que Lancelos eust onques veue : 	qu il uist encques. 	433
511	si se merveille molt 	si est moult esmerueillie 	434
512	qui puet estre li princes 	qui pouoit estre le prince 	435
513	qui dedens fu mis. Il demande as chevaliers 	qui fut illec mis. |Et il demande aux cheualiers 	436|437
514	qui sont iluec. « Sire, font il, nos gardons le cors	qui illec sont |de quoy ilz seruent. Sire nous gardons le corps 	438|439
515	qui en ceste tumbe est. 	qui gist dedens ceste tombe 	440
516	qu'il n’en soit portez fors de çaiens;	qu il ne soit porte hors de ceans. 	441
517	si somes. V. 	Si sommes cinq 	442
518	por garder le de jors, par nuit en i a autres. V. 	pour le garder chacun iour: |et par nuit en y a autres cinq 	443|444
519	qui font autretel servise 	qui font autel seruice 	445
520	comme nos faisons de jors. — 	comme nous faisens de iour.	446
521	Et por quoi, fet Lancelos, avez vos poor 	Et pour quoy auez uous paour fait lancelot 	447
522|523	qu’il n’en soit portés? — Sire, font il, |por ce 	quil ne soit emporte. Sire fent ilz pource 	448
524|525	que uns des freres de çaîens |qui molt est preudom et de sainte vie nos dist n’a encor gaires 	que ung des freres de ceans nous dist na encores gaires 	449
526|527	que uns chevaliers vendroit ceste part |qui a force l’en osteroit 	que ung cheualier uendroit ceste part 	450
528|529	et fors de cest païs l’en feroit porter. |Et nos, gens de ceste terre, voldrions miels morir 	qui a force len osteroit et hors de ce pais le feroit porter et nos gens de ceste terre aymeroient mieulx mourir 	451
530|531	qu’il fust remués d’entre nos : por ce |si le gardons issi 	que il fust remue dentre nous 	452
532|533	com vos veez, |lar li preudom i nos dist 	car le preudomme nous dist 	453
534	que li chevaliers ne demoreroit pas 	que le cheualier ne demouroit pas	454
535	qu’il ne venist — 	quil ne uenist. 	455
536	Or me dites. fet Lancelos, 	Or me dictes fait lancelot. 	456
537	ne fu cil molt haus princes 	Ne feust pas cest cheualier hault prince 	457
538	a cui l’en fist si haute sepulture? — Sire, font cil, haus hom fu il et riches; avec ce 	a qui len feist ceste sepulture. Sire font ilz ce fust ung hault homme et riche/ 	458
539	qu’il fu haus hom fu il li plus preudom 	auec ce fust le plus preudomme 	459
540	qui onques fust a son tens. —	qui onques fust en son temps. 	460
541	Ha, Diex, fet Lancelos, 	Haa dieux fait lancelot 	461
542	qui fu il ?— Sire, font il, 	qui fust il. Sire font ilz 	462
543	se vos conoissiés letres, veoir le porriés, 	sy uous cengnossies lettres bien |pouries scauoir	463|464
544	kar ses nons est escris el chief de cele lame. » 	qui il fust/ |car son nen est escript au chief de celle lame/ 	465|466
545|546	Lors va Lancelos cele part, |si regarde les letres 	lors ua lancelot celle part sy treuue les lettres 	467
547	qui dient: « 	qui disoient.	468
548	Ci gist Galehout li fiz a la Jaiande, li sires des Lointaignes Isles a, 	Icy gist gallehault le filz a la gayande 	469
549	qui por l’amor de Lancelot morut. » 	qui pour lamour de lancelot mourust/ 	470
550	Et quant il vit ce, 	et il uoit ce si chiet pausme. 	471
551|552	si chiet pasmés et gist grant piece a terre |sans mot dire; 	et geust grant piece a terre sans mot dire 	472
553	et li chevalier le corent relever, 	et les cheualiers le courent releuer	473
554	si se merveillent molt 	si se merueillent 	474
555	qu’il puet estre. 	qui il peult estre. 	475
556	Et quant il revint de pasmison, 	Et quant il est leue de paumoisens 	476
557	si s’escrie: « 	si se escrie et dist/ 	477
558|559	Ha, las! |Quel dolor et quel damage!» 	Helas quelle douleur 	478
560	Et lors fiert l’un poing en l’autre 	quel ennuy	479
561	et esgratine son viaire	et quel dommage/ 	480
562|563	si qu’il en fet le sanc salir de totes pars, |si se prent as chevels 	lors se tourne a part 	481
564	et se fiert grans cops del poing en mi le front et en mi le pis 	et pleure 	482
565	et crie si durement 	et crie monlt durement 	483
566|567	qu’il n’i a celui |qui tote pitiés n’en preigne; 	si que cest pitie de le uoir 	484
568	si se laidenge et maldit l’ore 	et mauldit leure	485
569|570	qu’il fu nes |et dit: « 	qui fust onques ne et dit. 	486
571	Ha, Diex ! 	Haa dieux 	487
572	Quel damage, 	quel dommage 	488
573|574	quel perte del plus preudome del monde |qui mors est por le plus vil chevalier et por le plus malvés 	et quelle parte du plus preudomme du mende. 	489
575	qui onques fust ! 		
576	Tant fet Lancelos grant duel 		
577|578	que tuit cil de laiens le vienent regarder a merveille; |si li demandent 	ceulx de leans le regardent a merueilles/ 	490
579	qui il est 		
580	et il ne puet mot dire, 		
581|582	ains crie totes voies |et se debat et descire. 	ains crie et se debat et deschire. 	491
583|584	Quant il a son duel demené grant piece, |si regarde les letres 	et apies qu il a son deul demene grant piece il regarde les lettres 	492
585	qui dient 	qui dient	493
586	que por lui est mors Galehout; 	que pour luy mourust galle. 	494
587	si dist 	Si dist 	495
588|589	que|or seroit il trop malvés, 	que ores seroit bien mauuais	496
590	s’il ausi ne moroit por 	sil ne mouroit pour luy. 	497
591	lui:si saut maintenant jus des prones 	Si sault hors du prosne 	498
592	et pensa 	et dist	499
593	qu’il iroit querre s’espee 	que il yra querir son espee/ 	500
594	et qu’il s’en ocirroit, 	et que il se occira 	501
595	kar ausi avoit ele esté Galehout a, 	quant	502
596	Et maintenant	ainsy est galle. mort pour lui 	503
597|598	qu’il fu issus del mostier, |si encontra une des damoiseles del Lac, cele 	et a lissue du menstier il encentra une des damoiselles a la dame du lac celle a qui boort 	504
599	qui a Boort avoit parlé devant le chastel de Honguefort et ele le conuit bien, 	auoit parle au chastel de honguesfort 	505
600	si le prent par le pan de la cote et l’areste. « 	et celle le print par le poing et le arreste/ 	506
601	Qu’est ce ? fet ele. 	quoy fait elle 	507
602	Ou alés vos ensi ? — 	ou alles uous ainsy/	508
603	Ha, damoisele, fet il, laissiés moi mes dolors finer,	Haa damoiselle fait il laissies moy mes douleurs parfournir. 	509
604	kar jamés n’avroie joie ne repos en cest siecle. — Parlés, fet ele, a moi. » 	car ia mais ne auray ioie ne repos en ce siecle/ |Parles a moy fait elle 	510|511
605	Et il ne li dit mot, 	et il ne luy respent mot 	512
606	ains se lance outre 	ains se lance oultre si	513
607	si qu’il li eschape des mains. 	que il luy eschappe des mains 	514
608|609	Et quant ele l’en vit aler, |si li crie: « Je vos deffent, fet ele, par la rien 	et quant elle le uoit ainsy aller si dist. Sire ie uous deffens de par la riens 	515
610	que vos plus amez en cest monde 	que plus aimes 	516
611	que vos n’ailliés avant tant 	que uous ne alles en auant premier 	517
612	que vos aiés parlé a moi. » 	que aies parle a moy/ 	518
613	Et il s’areste, 	et il sarreste 	519
614	si la regarde 	si la regarde. 	520
615|616	et quant il la conut, |si li dist	Et il la congnoit il dist 	521
617	que bien soit ele venue. « 	que bien soit elle uenue. 	522
618	En non Dieu, fet ele, vos me deuissiés fere plus bele chiere 	Eu nen dieu fait elle uous me deussies faire plus belle chere 	523
619|620	que vos ne me fetes, |al mains 	que uons ne faictes au moins pource 	524
621|622	por ce que je sui messages vostre dame del Lac. —|Ha, damoisele, fet il, 	que ie suys a uostre dame du lac. damoiselle fait il ne uous desplaise 	525
623	por Dieu ne vos poist, 		
624	certes je ai tant de dolor 		
625	que nus for Diex ne me porroit conforter, 		
626	ne a ne cuidiés 	et ne cuidiez pas 	526
627	que jamés aie joie por aventure 	que iamaiz iaie ioie pour auanture 	527
628	qui me puist avenir. — En non Dieu, fet ele, 	qui me puisse aduenir. |Eu nen dieu fait elle si aures. 	528|529
629	si avrois. Escotez 	Or escoutes 	530
630|631	que ma dame vos mande. — |Or dites, fet il. — Ele velt, fet ele, 	que ma dame uous mande Elle uous mande 	531
632	que vos ostés le cors Galehout de caiens et le fetes porter en litiere en la Dolerose Garde 	que uous ostes le corps de gallehault |qui est ceans et le faictes porter dedens le chastel de la douloureuse garde 	532|533
633	et iluec soit mis en la tombe meismes 	et soit mis en la tombe 	534
634	ou vos trovastes vostre non escrit; 	ou uous trouuastez son nom en escript 	535
635	et ele le velt ensi, 	et elle le ueul ainsy pource 	536
636	por ce qu’ele set bien 	quelle scait bien 	537
637	que en cel lieu sera vostre cors enterrez. » 	que en ce mesmes lieu sera uostre corps enterre. 	538
638|639	Et quant il l’ot, |si en est molt liés 	Et quant il entent ce sy dist 	539
640|641	et dist |que molt li sont ces noveles plaisans, 	que moult luy sent ces nouuelles plaisans 	540
642|643	kar tot ensi le fera il ; |puis demande 	car tout ainsy le fera il/ puys demande 	541
644	comment sa dame le fet. « 	comment sa dane le fait/ 	542
645	Par foi, fet ele, ele a esté. VIlI. jors deshaitiee trop durement, 	par ma foy elle a este uiii. iours malade durement 	543
646	kar ele trova en son sort, 	car elle trouua en son sort 	544
647	si com ele meismes me dist puis, 	que si tost 	545
648	que si tost com vos troveriés la tombe Galehout, 	comment uous trouueries la tombe de gal. 	546
649	que vos vos ocirriés de duel, 	que uous uous occiries de deul 	547
650|651	se vos n’estiés destornez. |Por ce m’envoia ele ça a grant besoing, 	et pour ce menuoia elle ceste part 	548
652	si vos mande 	et uous prie	549
653	que vos laissiés le duel ester, 		
654|655	qu’il ne vos puet fere |se nuire non,	que uous lessies ce deul 	550
656	et vos prie par la rien 	et que pour la riens 	551
657	que vos plus amés 	que uous plus ames 	552
658|659	que vos al plus bel |que vos porrois vos reconfortés, 	que uous uous reconfortes le plus beau 	553
660	et se vos ensi ne le fetes, bien sachiés 	que uous pourres.|et se uous ne le faictes ainsy sachies 	554|555
661	que al premier besoing 	que au premier affaire	556
662	que vos avrois de li, ele vos faudroit. » 	que uous aures elle uous fauldra. 	557
663	Et il dist 	et il dyt 	558
664	qu’il se confortera,	qui se cenfortera puys 	559
665	puis qu’ele le velt. « 	quelle ueult. 	560
666	Or vos covient, fet ele, vos armes prendre, 	Or uous cenuient uos armes prendre 	561
667	kar je voi bien 	car le scay bien tant des cheualiers de ceans 	562
668	qu’il ne le vos en lairont mie en pes porter 	quilz ne le uous lesserent point emporter 	563
669|670	tant com il le porront deffendre.» |Et il dist 	tant quilz le puyssent deffendre. 	564
671	qu’il i morroit ançois 		
672	qu’il ne l’ostast de laiens; 		
673|674	si se vet armer |et la damoisele vient tantost as chevaliers 	si sen ua armer tout maintetenant/ et la damoiselle uient aulx cheualiers 	565
675	qui gardoient la tombe, 	qui gardoient la tombe 	566
676	si lor dist: « Seignor, fet ele, volés vos destorner ce	si leur dist. Seigneurs uoulles uous deffendre ce 	567
677|678	qu’il covient estre a force ?» |et demandent 	qui cenuient a estre oste a force/ 	568
679|680	por quoi ele le dist. « Je le di, fet ele, |por le cors 	ie le dys fait elle pour le corps 	569
681	que vos gardez et si savés bien 	que uous gardes|car uous saues bien 	570|571
682|683	qu’il en sera ostez. — Non sera, font il, |que nos puissons. — 	qu il sera oste 	572
684	En non Dieu, fet ele,		
685	si iert, 		
686|687	et bien sachiés, fet ele, |que cil est venus 	car celuy est uenu	573
688	qui l’en ostera. 	qui len ostera/ 	574
689	Et se vos le contredites, vos en morrois tuit: 	et se uous centredistes uous en mourres tous. 	575
690	por ce vos vendroit il miels 	Et pour ce uauldroit il mieulx 	576
691	que vos le laississiés atant, 	que uous le lessies uenir 	577
692	ains que vos vos en façois ocirre. » 	que de uous faire occire. 	578
693|694	Et cil dient |que ja tant	Et ceulx dient 	579
695|696	com il soient vif n’en sera portés. « |Et bien sache, font il, li chevaliers 	que tant quilz seront uifz ne le lesront emporter. A ces parolles uint leans lancelot tout arme. 	580
697	qui venus est por avoir le, 		
698|699	que s’il estoit encore plus preus |que Lancelos n’est, 	Et	581
700	si n’en menra il point. —		
701	Or verrons, fet ele, 		
702|703	comment il vos en avendra. » A ces paroles vint laiens Lancelos tos armés |et quant li chevalier le voient venir, 	quant les cheualiers le uoyent uenir 	582
704	si li demandent 	si luy demandent 	583
705	qu’il velt fere. « Je vueil, fet il, avoir le cors 	que il ueult faire ie uueil |auoir fait il le corps 	584|585
706	qui laiens est. — 	qui leans gist. 	586
707	Par foi, font il, vos ne l’avrois mie por nient. 	Par|ma foy font il uous ne laures point 	587|588
708	Nos ¡ morrons ançois tuit 	ains y mourrent tous	589
709	que vos l’enportois. — A morir, fet il, en estes donc tuit, 	que uous lemportes. au mourrir estes uous tous uenus 	590
710	puis	puis que a moins 	591
711|712	que a mains ne vos en volés soffrir !» |Si saut dedens les prones 	ne uous en uoulles passer 	592
713|714	et il li corent sus, |kar arrieres le cuident fere sailir 	Ceulx sont dedens les prosnes et il leur court sus incentinent 	593
715	por poor de morir; 		
716|717	si le fierent par la ou il le pueent ataindre |et il ot el poing l’espee nue ;	et eulx a luy. lancelot tire son espee toute nue 	594
718	si lor done grans cops et pesans 		
719|720	et fiert le premier |qu’il encontre si durement 	et frappe sur eulx en telle maniere 	595
721|722	que por le hialme ne por la coife de fer ne remaint |qu’il ne li mete l’espee 	que le premier 	596
723	jusqu’al test; 		
724|725	et il le hurte de soi, |Si l’abat a terre. 	quil attaint il le met par terre. 	597
726|727	Et lors saillent molt irieement tuit li autre, |si depiecent son escu et son hialme et son hauberc 	lors le assaillent les aultres moult uigoureusement: 	598
728	et le blecent en pluisors lieus. 		
729|730	Mais il ne li chaut de rien |qu’il li facent, 	mais peu leur prouffite: 	599
731	kar tant est dolens 	car tant est dolent 	600
732	que nus plus; 	que nul plus. 	601
733|734	si lor laisse corre par grant ire |et lor done de l’espee si grans cops 	si leur laisse courir par grant ire tant 	602
735	que tos les fet guenchir avant lui.	que tous les fait reculer de lui. 	603
736	Et lors esgarde celui des IllI. 	Lors regarde lun des quatre 	604
737	qui plus li faisoit mal et cil estoit molt grans et molt fors; 	qui plus lui faisoit mal a son auiz 	605
738|739	et Lancelos |qui le vient ataignant li done par mi le hialme si grant cop 	si lui donne sur son heaume tel coup 	606
740	qu’il en fet le feu saillir, 	qu il en fait le feu saillir/ 	607
741	et l’espee glace 	et lespee glace	608
742	qui de droit ne fu pas ferue. 		
743|744	si descent desus la senestre espaule. |Li cops fu grans et par ire ferus, 	si descent sur la destre espaulle du cheualier: 	609
745	et bien i parut 		
746	que l’espee cola par mi l’espaule a al chevalier, 		
747|748	si que li bras a tote l’espaule chiet desus le pavement. |Et lors sont molt esmaié li autre troi, 	si que le bras lui cheut atout lespee sur le pauement. Celui trebucha a terre 	610
749	si font molt malvés samblant d’els deffendre por le grant cop		
750	qu’il ont veu et por l’espee 	et se pasma de langoisse 	611
751	que chescuns d’els a ja sentie jusqu’al sanc. 	quil sentist. |Lors sont moult esmaiez les autres .iii. 	612|613
752	Et Lancelos lor cort sus 	et lancelot leur court sus 	614
753	et en fiert I. el hialme 	et en fiert tellement ung ament le heaume 	615
754	si qu’il le fet flatir a terre d’ambesdeus les paumes. 	qu il le fait flatir a terres 	616
755|756	Et|quant li autre dui voient ce, 	Et quant les autres deux uoient ce 	617
757	si tornent en fuies vers l’uis a garison; 	si tournent uers luys a garant. 	618
758|759	et Lancelos vint ataignant le deerrain, |si le fiert par entre l’escu et le bras 	Et lancelot uient attaignant le derrain par entre lescu et le col 	619
760	si qu’il li trenche le poing 	si lui trenche le bras: 	620
761|762	et li escus chiet a terre, |et cil torne en fuies 	et lescu chiet a terre. Lancelot court a lautre	621
763	qui maheignié se sent. 	qui ia se releuoit 	622
764|765	Et Lancelos vient a l’autre |qui ja se relevoit, sel fiert de l’espee si grant cop 	et le fiert si grant coup 	623
766	qu’il li fet le hialme voler en la place. 	qu il lui fait uoler le heaume de la teste en la place. 	624
767	Et quant cil sent son chief nu, 	Quant celui sent sa teste 	625
768	si cria merci 	nue il crie mercy 	626
769	et dist 	et dit 	627
770	qu’il ne l’ocie pas, 		
771|772	kar il est pres de sa volenté fere. « |Or te covient donc, fet Lancelos, fiancer	qu il est prest de faire sa uoulente. Il te conuient denc promettre dit lancelot 	628
773|774	que tu le cors mon seignor Galehout conduiras a la Dolerose Garde|et iluec le feras garder 	que tu conduiras le corps de gallehaut a la douloureuse garde	629
775	tant que je i viegne; 	tant que ie y uiengne/ 	630
776	et se l’en te demande 	et se len te demande 	631
777	qui t’i envoie, 	qui te y enuoie 	632
778	si diras « cil 	si dis: celui 	633
779	qui ot les ames blanches le jor 	qui eut les blanches armes le iour	634
780	que li chastials fu conquis. » 	que le chasteau fut cenquis 	635
781|782	Et il li fiance |que tot ensi le fera il. 	et cefui lui promet. 	636
783	Lors prent Lancelos la lame par le plus gros chief, 	Lors prent lancelot la lame par le gros chief 	637
784|785	si tire de grant force |qu’a pou qu’il ne se deront tos, 	et la tire de si graut force 	638
786|787	si que li sans li vole par mi le nes et par mi la boche et li cors li sue d’anguoisse. |Mais por tote la destrece ne remaint	que a peu 	639
788	qu’il n’ait la tombe levee en haut à; mes nule dolors 	quil ne se derompt tout et tant que le corps lui sue dangoisse/ |mais nulle douleur 	640|641
789	qu’il eust onques ne monte rien a cele dolor 	quil eust |mais ne monte riens a celle douleur 	642|643
790	qu’il ot, 	qu il eust 	644
791	quant il vit le cors Galehout tot ensi armé 	quant il uist le corps de gallehaut tout arme ainsi 	645
792	com il estoit; 	comme il estoit. 	646
793	si trova s’espee delés lui 	Si trouua son espee empres lui 	647
794|795	qui molt estoit et bone et clere; |et sans faille de l’espee meesmes 	qui tant estoit benne et belle. et sans faulte il sen eust occiz 	648
796	se fust il ocis, 		
797	se la damoisele ne li eust tolue erraument. 	se la damoiselle ne lui eust ostee. 	649
798	Lors fist Lancelos une biere fere de fust 	Lors fist lancelot une biere de fust 	650
799|800	et la fist covrir des plus riches pailes de laiens, |et	et la fist couurir du plus riche drap de leans. 	651
801	quant il l’ot atornee al plus richement 	Quant il leust apointe le mieulz 	652
802	qu’il pot, li chevaliers prisons li dist: « Sire, fet il, 	qu il peut le cheualier prisonnier lui dist. Sire il seroit bon 	653
803	se l’en movoit tot de nuis, ce seroit sens. — 	de emporter le corps de nuit. |Pour quoy fait lancelot 	654|655
804|805	Por quoi ? fet il. — |Por ce	Pource fait il 	656
806	que, 	que	657
807	se li chevalier de cest païs savoient 	se les cheualiers de ce pais sauoient 	658
808|809	que l’en len deust porter, il feroient gaitier les trespas |si qu’il seroit arestés en alcun lieu ; 	que len le deust emporter ilz feroient garder le trespas. 	659
810	et por ce vos loeroie je 	Et pour ce uous conseilleroie 	660
811	qu’il meust orendroit, 	que on partist 	661
812	kar il seroit bien eslongiés, 	car il seroit bien eslongnie 	662
813	ains qu’il fust jors, XX. lieues englesches.	ains qu il feust iour dix lieues anglesches. 	663
814	Et il s’i acorde bien; 	Et il se y accorde/ 	664
815	si met la litiere sor Il. palefrois amblans 	si met la littiere sur deux pallefrois amblans 	665
816	et enportent ensi Galehout fors de sa region; 	et emportent ainsi gallehaut hors de la maison. 	666
817	si en font li frere grant duel 	Si en ont les freres grant deul 	667
818|819	et molt en sont corocié et dolenta de ce |que l’en l’enporte. 	et sont dolens 	668
820	Et Lancelos le convoie grant piece de nuis, plorant et regretant sa proesce et sa valor 	que on lemportoit. Lancelot le compartie uoie grant piece de la nuit plourant et plaignant|et regrettant sa prouesse et sa ualeur. 	669|670
821	et se ne fust la damoisele 	Et se ne feust la damoiselle 	671
822	qui avec lui estoit molt en eust plus fet	qui auec lui estoit moult en eust fait plus 	672
823	qu’il ne fist, 	quil ne faisoit: 	673
824	mais ele l’en detorna, 	mais elle len destourna. 	674
825	et il deffendi al chevalier 	Et lancelot commande au cheualier 	675
826	que il nel feist en terre metre devant 	qu il ne feust enterre 	676
827	que il fust venus. 	deuant quil uenist. 	677
828|829	Si se part atant li uns de l’autre |et il retorne a l’abeie, 	Si se depart de lui et retourne a la religien se couchier 	678
830	si se couche, c’onques la nuit 		
831|832	ne volt mengier |ne boivre por chose 	et oncques ne uoulut la boire ne mengier. 	679
833	que l’en li deist, 		
834	ains plora et dolosa tot adés; 		
835	si li anuioit molt li jors 	si lui ennuya moult le iour 	680
836	qui tant demoroit a venir. a Al matin, 	qui tant demouroit a uenir. |Et au matin 	681|682
837	si tost com li jors aparut, se leva	si tost comme le iour apparust |se leua	683|684
838|839	et oi messe entre lui et la damoisele |et puis s’arma. 	et ouist messe lui et la damoiselle. 	685
840	Lors » li dist ele les noveles de Boort 	Lors elle lui dist nouuelles de boort 	686
841|842	et ce |qu’ele en avoit veu devant Honguefort, 	et que elle lauoit ueu deuant a honguefort 	687
		et comment il le fait. 	688
843	et il en fu molt liés. 	et il en fut moult ioyeux. 	689
844	Et ele li dist: « Sire, il vos vet querant 	Aprez elle lui dit. Sire il uous ua querant 	690
845	ne jamés ne finera	ne iamais ne finera 	691
846	tant qu’il vos avra trové. — Damoisele, fet il, 	deuant |quil uous aura trouue. Damoiselle fait lancelot 	692|693
847	se vos le cuidiés trover ains de moi, je vos voldroie proier 	se uous le trouuez |auant que moy ie uous uouldroie prier 	694|695
848|849	que vos feissiés tant por moi |que vos li portissiés ceste espee 	que uous lui porteissiez ceste espee 	696
850	qui fu mon seignor Galehout, 	qui fut a mon compaignen gallehaut 	697
851	et li dites 	et lui dictes 	698
852	qu’il la DOrt de par moi, 	quil la porte de par moy 	699
853	que molt est bone. » 	car elle est moult bonne et belle. 	700
854	Et ele dist 	Et elle dist	701
855	qu’ele le trovera par tens	que elle le trouuera par temps 	702
856	et bien fera cest message; 	et bien fera ce message. 	703
857	si s’en part atant de lui et il s’en vet droit vers le chastel de Floego, 	Si se part atant de elle |et sen ua uers le chasteau de florega 	704|705
858	si i vint a hore de prime. 	si y uint entour prime. 	706
859	Et il esgarde es pres defors la vile, 	et il regarde es prez hors la uille 	707
860|861	si voit molt grant gent entor le feu |ou l’en devoit ardoir la suer Meleagan», 	si y uist moult grant gent entour ung feu ou len deuoit ardoir la seur de meleagant. 	708
862	et quant il aperçoit le feu, 	Quant il apperceust le feu	709
863	si a poor de la damoisele. 	si eut grant paour de la damoiselle. 	710
864|865	Lors broche le cheval |et vint errant cele part 	Lors frappe le cheual des esperons 	711
866|867	tant com il puet del cheval traire. |Et quant il est venus jusque la, 	et uient celle part. 	712
868|869	si esgarde |et voit la damoisele 	et quant il uoit la damoiselle 	713
870	qui ja estoit amenee al feu 	qui ia estoit amenee au feu 	714
871	por destruire, 	pour destruire 	715
872	si estoit en pure sa chemise et le tenoient. VI. pautonier, trois d’une part et trois d’autre; 	laquelle estoit en une poure chemise |et la tenoient six pautenniers. trois de une part et trois dautre: 	716|717
873	si n’atendoient a geter le el feu fors le commandement as juges, 	et ne actendent la iecter au feu |fors le commandement du iuge 	718|719
874	et ele ploroit trop durement 	Et elle plouroit moult tendrement 	720
875	et regretoit Lancelot: « 	et regrettoit lancelot: en disant. 	721
876	Ha, gentilx chevaliers Lancelos,	Haa gentil homme lancelot 	722
877	kar pleust ore a nostre Salveor 	car pleust a dieu 	723
878|879	que vos seuissiés ceste novele, |si fuissiés pres de ci a demie lieue! 	que uous feussiez prez de cy a demy lieue 	724
880|881	Certes a l’aide de Dieu|et de la vostre seroie je encore anuit rescosse malgré tos mes enemis. 	certes a laide de dieu ie seroie rescous se malgre tous mes ennemis 	725
882	Mais vos ne le savés pas a, 		
883	si me covendra ore morir por la vie 	si me conuendra mourir pour la uie	726
884	que je vos sauvai emprés Dieu; 	que ie uous sauuay aprez dieu 	727
885|886	mais certes il ne m’en poise pas tant |por moi 	mais certes dit elle il ne me poise pas tant pour moy 	728
887	com il fet por le coros 	comment il fait pour le courroust	729
888	que vos en avrois, 	que uous aurez 	730
889	quant vos le savrois. 	quant uous le saurez 	731
890	Mais ce me reconforte molt 	mais ce me conforte 	732
891	que je sai bien 	que ie scay bien 	733
892	que les damoiseles gaaigneront tant en ma mort 	que les damoiselles gaigneront a ma mort 	734
893	que jamés nule ne vos requerra d’aide 	car iamais nulles ne uous requerrent daide 	735
894	que vos li faillois tant 	que uous ne les aidez |tant 	736|737
895	com il vos remenbre de moi, 	quil uous souuiengne de moy 	738
896|897	kar vostre cuers est si frans |qu’il ne puet estre sans trop grant merites rendre a totes celes 	car uren cueur est ainsi franc. 	739
898	qui de par moi se reclaiment: 		
899	si m’est avis	Si mest auiz 	740
900	qu’il m’est molt miels a m’ame de morir 	quil mest mieulx a lame 	741
901	por loialté fere et por geter de prison 	pour loiaulle faire et pour ietter de peril ung si uaillant homme 	742
902	si vaillant home comme vos 	comment uous/ 	743
903	que vos fuissiés mors par la desloialté de Meleagan 	que se uous feussies mort par la desloyaulte melleagant/ 	744
904	qui en prison vos avoit mis par traïson. » 	qui en prison uous auoit mis. 	745
905	Ensi disoit la damoisele molt tendrement plorant et	AInsi disoit la damoiselle menlt tendrement plourant. 	746
906|907	lors vint Lancelos poignant cele part |ou il la vit: 	lors uient lancelot poignant celle part	747
908	si dist a cels 	si dist a ceulx 	748
909	qui le tenoient: « Laissiés la damoisele! — 	qui tenoient la damoiselle/ lessies la damoiselle. 	749
910	Por quoi, sire, fet J. chevaliers armés 	pour|quoy fait ung cheualier arme 	750|751
911|912	qui avant saut, le lairons nos ? — |Por ce, fet il, 	qui deuant estoit/ la lesrons ilz. pour ce fait il 	752
913	que vos n’avés droit en li por fere mal. — 	que uous naues nul droit a la faire mourir/	753
914	Si avons, fet cil, si grant 	si auons fait celuy asses grant 	754
915|916	que nos l’avons atainte de murdre |dont je l’apelai, 	car nous lauens actainte de meurdre donc ie lappeloie/ 	755
917	et ele s’en offri a deffendre,	et elle sen offrit a deffendre 	756
918	mais ele ne trova onques 	mes elle ne trouua enques cheualier 	757
919	qui 	qui pour elle portast escu/ 	758
920	por li en prist escu et ce n’est pas merveille, 	et ce nest pas de merueille 	759
921	que chescuns set bien 	car chascun scait bien 	760
922|923	quele en a desloialment ovré. — |De quoi ? fet Lancelos. — De ce, fet il,	quelle a desloyaument ouure de quoy fait lancelot/ 	761
924	qu’ele delivra Lancelot 	de oster lancelot de prison 	762
925	por Meleagan ocirre, son frere. — 	pour occire melleagant son frere Adenc dit lancelot 	763
926	Se vos, fet Lancelos, osiés mostrer 	se uous uoullies dire |quelle aist fait traison 	764|765
927	qu’ele eust fet traïson ne murdre, je seroie pres del deffendre. — 	ou meurdre ie suys prest de prouuer a lencontre. |Et pourtant aduises 	766|767
928	Qui estes vos? fet cil. — Uns chevaliers sui, fet Lancelos, 	se deffendre le uoulles. |Qui estes uous fa⟦i⟧t celuy/ cheualier suys fait lancelot	768|769
929	qui vieng ceste part 	qui uiens uers ceste part 	770
930	por ceste damoisele deffendre. —	pour deffendre la damoiselle. 	771
931	Par foi, fet cil, 	Par ma foy	772
932	se je voloie, il ne m’en covendroit ja combatre, 	se ie uoulloie il ne men conuendroit ia deffendre. 	773
933	kar des ier en est ! ele atainte, 	car des hyer elle estoit attaincte 	774
934|935	puis qu’ele ne pot trover |qui la deffendist, 	puis quelle ne pouoit deffence trouuer/ 	775
936	mais je sent ma querele a si loial et si droituriere 	mes ie sens ma droicture si loyalle 	776
937	qu’il n’a chevalier el monde vers cui je ne l’osaise bien prover au ? grant droit 	quil n y a cheualier eu monde contre|qui ie ne losasses bien prouuer. 	777|778
938|939	que je i ai. — En non Dieu, fet Lancelos, |or i parra, 	Eu nen dieu fait lancelot ie suys tout prest de la deffendre 	779
940	que je sui pres que je la desfende vers vos. — Voire, fet cil, par mon chief, 	uers uous/ uoire dist celuy/ |par mon chief 	780|781
941	et vos en morrois comme traitres et desloials. »	et uous en moures |comment traictre et desloyal/ 	782|783
942	Lors traient la damoisele loins del feu 	Lors est la damoiselle reculee du feu/ 	784
943|944	et li chevalier s’entreslongent li uns de l’autre, |si s’entrevienent 	et les cheualiers se eslongnent 	785
945	si tost 	et puys uiennent lun contre laultre 	786
946	com li cheval pueent aler	tant come cheuaulx peuent courre/ 	787
947	et s’entrefierent des glaives si durement 	et sentrefierent si durement 	788
948|949	qu’il les font voler en pieces; puis s’entrehurtent si des cors et des visages |qu’il n’i a celui	que les lances uollent en pieces. 	789
950	qui tos ne soit estordis et desconreez. 		
951|952	Mais li chevaliers par est si estonés |qu’il ne se puet tenir en sele, 	mes le cheualier ne se peult tenir en la selle/ 	790
953	ains vole jus del cheval 	ains uolle ius du cheual/ 	791
954|955	et al parchaoir feri li |quins del hialme en la terre, 	et au choir ferit le coing du feaulme a terre 	792
956	si qu’a bien pou 	si que a pou	793
957	qu’il n’a le col brisié. 	quil na le col brisie. 	794
958|959	Et|quant Lancelos a fet son tour, 	Et quant lancelot le uoit 	795
960	si descent, 	si descent a pie 	796
961|962	kar honte li seroit de requerre a cheval celui |qui est a pié; 	et tire son espee 	797
963|964	si trait l’espee|et cort sus a celui 	et court sus a celuy 	798
965	qui ja se relevoit, 	qui ia se releuoit/ 	799
966	si li done par mi le hialme tel cop 	si luy denne tel coup sur le chief 	800
967	qu’il le fet a terre flatir des paumes et des genols ; 	qui le fist flattir a terre des palmes et des genoulz 	801
968	puis recuevre I. autre cop et le fiert 	puis recouure ung autre coup |et le fiert 	802|803
969|970	si qu’il le fet tot parchaoir |et le prent par le hialme, 	si quil le fait parchoir/ apres le prent par le heaulme 	804
971	si le traine jusqu’al feu et le gete dedens.	et le traine iusques au feu/ |si le iette dedens 	805|806
972|973	Et cil estoit |si estordis 	et celuy estoit si estourdi 	807
974	et tant avoit perdue la force del cors 		
975	que relever ne se pot, 	quil ne se pouoit remuer 	808
976	si le covint remanoir el feu	si luy conuient demourer au feu/ 	809
977	et morir en tel maniere. 	et mourir en telle maniere.	810
978	Et lors vienent avant cil 	Lors uiennent ceulx 	811
979	qui le champ gardoient, 	qui gardoient le champ 	812
980	si dient a Lancelot 	et dient a lancelot 	813
981	qu’il en a assés fet et li rendent la damoisele saine et haitiee, 	quil en a asses fait |si luy rendent la damoiselle saine et haictiee	814|815
982	et il la fet vestir,	et il a fait uestir 	816
983	puis li demande 	puis luy demande 	817
984|985	qu’ele velt |qu’il face mes. « Sire, fet ele,	que elle ueult plus. Sire fait elle ie uueil 	818
986	que vos me menés a salveté a mon chastel. » 	que uous me mettes a sauuete en mon chastel/ 	819
987	Et il dist 	et il dist 	820
988|989	que volentiers: |si le fet monter 	que si fera il uoulentiers 	821
990	et le conduit jusqu’al chastel	sy la cenduit au chastel 	822
991|992	ou ele l’ot gardé maint jor. Li chastials avoit non Galefort|et seoit sor une petite riviere, 	ou elle uoulloit aller. 	823
993	si estoit molt aaisiés de totes choses 	et ou elle lauoit garde maint iour 	824
994	et fors a merveille, 	et auoit nen gallasfort/ 	825
995	Et quant Lancelos vint la, il ne fet pas a demander 	Et quant lancelot uint la il ne feist mie a demander 	826
996	se l’en li fist joie, 	se on luy fist grant chere. 	827
997	kar cil del chastel savoient ja bien 	Car ceulx du chastel sauoient ia bien 	828
998	que lor dame estoit delivree par I. chevalier	comment leur dame estoit del iuree par ung cheualier 	829
999|1000	qui o li venoit. |Et quant il le virent, 	qui auec elle uenoit sy le recheurent 	830
1001|1002	si le reçurent a si grant joie |com se ce fust Damedieu meismes 	eomment sil eust este dieu 	831
1003	et s’agenoillent tuit devant lui 	et se agenoullerent deuant luy 	832
1004	et crioient a une vois tuit ensamble : « Sire, sor tos cels del monde soiés vos bien venus, 	et crioient tous a une uois. Sire sur tous ceulx du mende uous soyes le bien uenu 	833
1005|1006	qui nostre grant duel avés torné en grant joie !» |A tel feste ont laiens Lancelot receu 	quy nostre grant deul aues tourne en ioye. A telle feste ont leans lancelot receu. 	834
1007	et quant il ont la damoisele descendue devant son mestre palés, 	Et quant il eust cenuoiee la damoyselle iusques deuant son maistre pallais/ 	835
1008	si s’en volt aler maintenant, 	si sen ueult lancelot aller 	836
1009	kar il n’estoit mie encore plus de tierce. 		
1010	Mais ele le prist al frain 	mes elle le print au fraing 	837
1011	et le fist descendre a fine force a 	et le fist demourer a forche/ 	838
1012|1013	et dist: « |Par Sainte Crois. vos ne m’eschaperois mie ensi. » 	et luy dist. Tresdoulx cheualier uous ne me eschapperes pas ainsy. 	839
1014	Lors le commande a desarmer et vaslet saillent avant 	Lors commande |quil soit desarme. 	840|841
		Et uarletz saillent 	842
1015	por fere son commandement a; 	pour faire son commandement et tantost 	843
1016	et tantost com il ot son hialme osté 	quil eust son heaulme oste 	844
1017	et ele le conut, 	si le cengneust bien 	845
1018	si li cort les bras tendus 	si luy sault les bras tenduz 	846
1019	et le volt baisier en la boche, 	et le uouloit baisier en la bouche 	847
1020	quant il li guenchist, 	quant il se destourna	848
1021|1022	et ele li baise la face et le col et le menton, |puis que autre chose n’em puet avoir ; 	et elle luy baise le col/ 	849
1023|1024	si plore de pitié |et li dist: « 	et puys pleure de pitie et dist/ Gentil cheualier 	850
1025	Ha, gentilx chevaliers, 		
1026|1027	tant vos avoie desirré a veoir |ains que je moreuisse! 	tant ie uous auoye desire a uoir 	851
1028|1029	Mais comment l’avez vos puis fet?,|Et il li dist : « Bien, Dieu merci. — 	auant que ie mourusse/ 	852
1030|1031	Et ceste part, fet ele, |comment venistes vos, 	et comment uenistes ceste part/ 	853
1032|1033	qui avant ier vos en partistes ? — |Par foi, fet il, une grant acheison. m’i amena. »	car auant hyer uous en partistes. 	854
1034|1035	Si li conte |comment. I. chevalier o unes armes vermeilles l’avoit apelé de traïson a la cort le roi Artu 	Par ma foy fait il ung cheualier a unes armes uermeilles ma appelle de traison en la court du roy artus. 	855
1036	por la mort de Meleagan; 	pour la mort de melleag. 	856
1037	si l’en covient a deffendre en la cort le roi Baudemagu. « 	si men conuient a deffendre en la court du roy bademagus/ 	857
1038	Ha, fet ele, je sai bien 	Haa fait elle ie scay bien 	858
1039|1040	qui il est. |C’est Argodras li Ros et li chevaliers 	qui il est cest argorindes le roux/ et le cheualier 	859
1041	que vos avés hui ocis et ars estoit ses freres; 	que uous aues occy et ars estoit son frere/ 	860
1042	si ne sai 	si ne scay 	861
1043	que vos puissiés fere, 	que puissies faire/ 	862
1044|1045	kar|se mes peres set 	car se mon pere scait 	863
1046	que vos aiés ocis Meleagan, je criem	que uous aies occis melleagant ie crains 	864
1047|1048	qu’il ne vos face ocirre por le grant duel |qu’il avra des noveles. — 	quil ne uous fache occire. 	865
1049|1050	Coment ? fet Lancelos, |nel set il mie encore ? — 	comment fait lancelot. ne scait il pas encore 	866
1051	Certes, sire, nenil; 	qui se a fait. |se maist dieux nennil fait elle 	867|868
1052	si est Meleagans en cest païs aportés plus a de XV. jors 	Si est melleagant apporte en ce pays .xu. iours a passes/ 	869
1053	et est el chastel des Illl. Pierres et le gardent iluec si celeement 	et est au chastel des quatre pierres. |Et le gardent illec si celleement 	870|871
1054|1055	que li rois n’en set encore riens:|si en covendra esploitier al plus sagement 	que se roy nen scait encores riens: mes dictes moy 	872
1056|1057	que vos porrois. |Mes a	a 	873
1058	quant est li jors 	quant est le iour 	874
1059	que vos vos en devés deffendre? » 	que uous uous deuez deffendre. 	875
1060	Et il dist 	Et il dit 	876
1061	que c’est le jor de la Magdalaine. « 	que cest au iour de la magdalaine. 	877
1062	Or vos en conseut Diex, fet ele. 	Or uous conseille dieu fait elle: 	878
1063	kar j’ai grant poor 	car iay grant paour	879
1064	que Argodras ne vos face anui par traïson. — De ce, fet il, n’aiés ja garde! Tot son pooir en face, 	que agarindes ne uous face auoir quel que trayson. |De ce fait il naiez ia paour. 	880|881
1065	que je n’en avrai ja poor. » Assés parlerent cele nuit de maintes choses a et molt firent cil del chastel grant joie de lor dame 	Assez parlent celle nuit de plusieurs choses et menlt firent ceulx du chasteau grant feste de lui et de leur dame 	882
1066|1067	qu’il cuidoient avoir perdue, |et or l’ont saine et haîtie 	quilz cuidoient auoir perdue. 	883
1068	Et al matin, 	Et au matin 	884
1069	si tost	si tost 	885
1070	com li jors parut cler, se leva Lancelos 	comment le iour apparut 	886
1071|1072	et se parti de la damoisele, |quant il fu armés; 	se leua lancelot et print congie de la damoiselle. 	887
1073	et ele le commande molt a Dieu 	Et elle le commanda a dieu 	888
1074	et li pria 	et lui pria 	889
1075|1076	qu’il s’en revenist |par li al repairier; 	quil reuenist par elle au repairier. 	890
1077	et il dist 	Et il dit 	891
1078	que si feroit il, 		
1079|1080	s’il pooit. |Si se remet en son chemin 	que si feroit il sil pouoit. Il se met en son chemin 	892
1081	et eirre tot le jor jusqu’al vespre 	et erre iusques au soir. 	893
1082	et lors aproche d’une riviere 	Lors approuche de une riuiere 	894
1083	que l’en apeloit Aglonde, 	que len appelloit aglondes/ 	895
1084	si en estoit l’eve molt parfonde et molt noire. 		
1085	Et quant il vint pres de l’eve, 		
1086	si vit trois paveillons tendus pres de la rive; 	si uoit trois paueillons tendus pres de la riuiere. 	896
1087	si en estoit li uns grans et bials et li autre dui estoient moien. 	si en estoit ung grant et blanc et les autres deux estoient noirs. 	897
1088	Et lors issi del greignor paveillon I. chevaliers tos desarmés 	Et lors issist dun paueillen ung cheualier tout arme 	898
1089	qui li dist 	qui lui dist 	899
1090	que bien soit il venus, 	que bien soit il uenu. 	900
1091|1092	et il li rent maintenant son salu. «|Ha, sire, fet il, vos me samblés chevaliers errans 	Et il lui rent son salut. Beau sire uous semblez cheualier errant: 	901
1093	et je aim tos cels 	et iayme tous ceulx 	902
1094	qui en tel mestier usent lor vie, 	qui en telle maniere usent leur uie: 	903
1095	kar je meismes sui chevaliers errans 	car moy mesmes suis cheualier errant. 	904
1096|1097	et por ce vos vueil je proier |que vos herbergiés anuit mes o moi; 	Et pour ce 	905
1098|1099	kar se vos passés avant de ci, vos ne troverois |se forest non, si salvages 	quil est temps de se hebergier uous censeille ie 	906
1100	que vos i porrois tost desvoier. 		
1101	Et il est bien tens de herbergier, 		
1102|1103	ce veés vos bien : |por ce vos lo 	que uous demour⟦e⟧z/ 	907
1104|1105	que vos remanois et vos avrois ostel bel |et buen tot a vostre voloir. — 	et uous aurez hostel tout a uostre uoulente. Beau sire fait lancelot ie demoureray 	908
1106	Bials sire, fet Lancelos, 		
1107|1108	puis qu’il vos plest, je remaindrai |et por vostre proiere et	puis quil uous plaist.	909
1109|1110	por ce |que vos dites 	et que uous dictes 	910
1111	que vos estes chevaliers errans. a,	que uous estes cheualier errant. 	911
1112	Lors descent et vaslés saillent des autres paveillons, 	Lors descent de son cheual/ |et uarletz saillent des autres paueillens 	912|913
1113	si le desarment et li aportent I. mantel de samit legier a afubler 	si le desarment et lui apportent ung manteau de samit 	914
1114	por le chaut	pour affubler pour le chault 	915
1115	qui grans estoit ; 	qui grant estoit. 	916
1116|1117	si le mainent el grant paveillon avec l’autre chevalier. |Et lors parlerent ensamble 	Si le mainent au grant paueillon. lui et le cheualier sentreacointerent 	917
1118|1119	et s’entracointierent |et demanda li uns a l’autre de son estre ». Li chevaliers enquiert a Lancelot 	et demanda lun a lautre 	918
1120	dont il vient 	dont ilz estoient: 	919
1121|1122	et ou il vet |et quele aventure le maine si sol,	et quelle auanture le menoit si seul. 	920
1123	et il li conte une partie de son estre 	Et il lui compte de son estre une partie 	921
1124	et autre l’en çoile e; 	et lautre lui en celle: 	922
1125	et totes voies li dist 	et toutesfois dit il 	923
1126	que en la cort al roi Baudemagu voldroit estre por soi deffendre vers un chevalier 	que en la court du roy bademagus uouldroit il estre pour ung cheualier 	924
1127	qui l’a apelé de traïson. 	qui lauoit appelle de trayson. 	925
1128|1129	En ce qu’il parloient ensi, |orent li escuier mise la table, 	Et ainsi qu ilz parloient len mist les tables. ilz lauent leurs mains 	926
1130|1131	si vont laver; |si s’asiet Lancelos et li chevaliers et une damoisele 	et puis se assient le cheualier et lancelot: 	927
1132	qui molt ert bele 	et une damoiselle moult belle/ 	928
1133	et estoit amie al seignor de laiens; 	laquelle estoit amie au cheualier de leans. 	929
1134	si mengierent tuit troi ensamble. mes cele 	Si mengerent tous trois ensemble: |mais celle 	930|931
1135|1136	qui Lancelot esgarde ne se puet saoler de lui veoir, |Kar tant li samble bials 	qui lancelot regarde laisse le boire et le mengier pour la grant beaute 	932
1137|1138	qu’ele ne prisa onques mes bialté d’ome envers cesti : |si l’esgarde si viselment 	que elle uoit en lui/ 	933
1139|1140	que tot en laisse le mengier |n’a autre chose n’entent. fors a lui remirer. 	si que a autre chose ne entent. 	934
1141	Si ont li escuier osté le premier mes de sor la table 	si ont les escuiers oste le premier mes 	935
1142|1143	c’onques la damoisele n’en tasta, |ains pensa totes voies.	que encques la damoiselle nen tasta ains pensa a lancelot: 	936
1144	Et en cel pensé li descent el cuer une si grant amor	et en celle pensee lui descendoit une telle amour au cueur 	937
1145	qu’ele aime Lancelot outre ce 	que elle ayma lancelot oultre 	938
1146	que feme n’ama mes home; 	que femme ne ayma oncques homme. 	939
1147	si li est avis 	Si lui est auiz 	940
1148	que s’il l’amoit 	que sil laymoit 	941
1149	qu'ele seroit beneuree. 	quelle seroit trop eureuse.	942
1150	Mais ci endroit n’em parole plus li contes, 	Mais cy endroit |plus nen parle le compte 	943|944
1151	kar ça avant le devisera 	car cy aprez le uous deuisera 	945
1152|1153	et comment ele l’ama merveillosement |et comment ele le proia et la merveille 	et comment elle layma merueilleusement. 	946
1154	que ses amis en fist, 		
1155	quant il sot 		
1156|1157	qu’ele l’amoit, |et comment cele morut	et comment elle mourut pource	947
1158|1159	por ce |qu’il la refusa, 	quil la refusa 	948
1160|1161	tot ce vos trespassera li contes ci endroit |por deviser une aventure 	Comment lancelot rescouist le frere du cheualier 	949
1162	qu’il lor avint el paveillon 	qui lauoit logie. 	950
1163	ou il estoient. 	Et comment il se deffendist centre argondes. 	951
1164	Ci dist li contes 	et puis alla a la douloureuse tour faire enterrer le corps de galle .iiii.xx.xu. LE compte dit 	952
1165|1166	que, |quant il orent le secont mes eu, es vos un chevalier armé d’unes armes vermeilles 	que quant ilz eurent eu le second mes uecy ung cheualier arme de armes uermeilles courant 	953
1167|1168	qui vint corant par devant le paveillon o grant compaignie de chevaliers. |Et cil as armes vermeilles 	par deuant le paueillon a grant compaignie de cheualiers 	954
1169	qui devant venoit entre el paveillon a et voit. I. escuier 	et il entra au paueillon |et uist ung escuier 	955|956
1170	qui servoit a la table, 	qui seruoit a la table 	957
1171|1172	si estoit freres al chevalier de laiens. |Et il cort maintenant cele part, 	qui estoit frere au cheualier de leans. Il le prent par les espaulles 	958
1173|1174	si le prent par les espaules |et le lieve devant lui sor l’arçon de la sele, 	et le met deuant lui es arcons de sa selle 	959
1175|1176	si|s’en torne a tot. 	si sen ua atout. 	960
1177	Et quant cil del paveillon voit ce. si crie a Lancelot: « 	Et quant celui du paueillon uoit ce |si crie a lancelot. 	961|962
1178	Ha, bials sire, je sui mors, 	Haa sire ie suis mort 	963
1179	se cil enporte ensi mon frere, 	se celui emporte mon frere/ 	964
1180	kar il l’ocirra, 	car il loccira 	965
1181	s’il n’est secors: 	sil nest secouru 	966
1182	si vos pri por Dieu 	Si uous prie pour dieu 	967
1183	que vos i metés paine. » 	que uous mettez paine a le secourir 	968
1184	Et Lancelos saut de la table 	Et lancelot sault hors de la table 	969
1185	et demande ses armes, 	et demande ses armes, 	970
1186	et I. escuiers vint avant,	et ung escuier uint a lui 	971
1187	si li dist : « 	et lui dist. 	972
1188	Par foi, sire, vos armes et vostre cheval enmainent il ! — Voire, fet il. par mon chief, ja	Par ma foy sire uoz armes emportent il. |Par mon chief pour ce ne ne demourra il pas	973|974
1189|1190	por ce ne remaindra |que je nes sieve.» 	que ie ne le suiue. 	975
1191|1192	Lors vient fors del paveillon et li chevaliers o lui |et il esgarde cels 	Et lors sault hors du paueillen et le cheualier auec lui Ilz regardent ceulx 	976
1193	qui s’en vont 	qui sen uont 	977
1194|1195	qui ja avoient passé l’eve par J. pont de fust;|et Lancelos demande al chevalier 	qui auoient ia passe leaue par ung pont de fust. Lancelot demande au cheualier	978
1196	s’il remaindra. « Sire, fet il, nenil,	sil demourra. Sire fait il nenny 	979
1197	ains vos ferai compaignie 	ains uous feray compaignie 	980
1198|1199	tant |que nos aions trové 	tant que uous aiez trouue 	981
1200	qui armes vos baut. » 	qui armes uous baillera. 	982
1201	Lors acueillent lor voie tot a pié 	Lois uiennent au pent tout a pie 	983
1202|1203	et vienent au pont, |si passent outre 	et passent oultre 	984
1204	et s’adrecent a I. tertre 	et se adrecent a ung terte par	985
1205	par ou li chevalier s’en vont; 	ou les cheualiers uont. 	986
1206	si n’ont gaires alé 	Si ne ont gaires alle 	987
1207	quant il encontrent I. chevalier armé d’unes armes noires 	quant ilz encontrent ung cheualier arme dunes armes noires 	988
1208	qui venoit al pont par I. chemin de travers. 		
1209	Et quant il voit Lancelot, 	Quant il uist lancelot il 	989
1210|1211	si s’areste |por ce 	se arresta pource 	990
1212	que bien le conoissoit, 	qu il le congnoissoit bien 	991
1213	si li demande 	et lui demanda 	992
1214	ou il vet ensi a pié tos desammés. « 	ou il alloit ainsi a pie tout desarme. 	993
1215|1216	Qui estes vos, sire chevaliers, fet Lancelos, |qui me demandés 	Quest ce fait lancelot demandez uous	994
1217	ou je vois ? — Je sui, fet il, I. chevaliers d’estrange païs, 	ou ie uois. Oy sire |si suis ung cheualier destrange pais 	995|996
1218	mais molt me merveil de ce 	qui moult me merueille 	997
1219	que je vos voi ensi aler. » 	de uous uoir aller ainsi. 	998
1220	Et Lancelos li conte 	Et lancelot lui compte	999
1221	comment il estoit herbergiés et	comment il estoit hebergie: 	1000
1222	comment I. chevaliers vint laiens 	et comment ung cheualier uint la 	1001
1223	ou il menjoit, 	ou il mengoit 	1002
1224	qui prist a force I. vaslet 	qui print a force ung uarlet 	1003
1225	et le mist sor le col de son cheval. «	et le mist sur le col de son cheual. 	1004
1226	Et encore m’a il plus meffet, fet Lancelos, 	Et encores y a il plus fait lancelot	1005
1227	kar cil 	car ceulx 	1006
1228	qui avec lui vindrent enporterent mes armes 	qui auec luy sont emportent mes armes 	1007
1229	et enmenerent mon cheval. — 	et emmainent mon cheual/ 	1008
1230|1231	Quel guerredon, fet cil, |porroie je atendre de vos, 	quel guerdon fait celuy pouroie ie auoir 	1009
1232	se je por vos me desarmoie et vos bailloie mes armes et mon cheval ? — 	de uous se ie me desarmoye |et uous bailloie mes armes et mon cheual/ 	1010|1011
1233	Certes, fet Lancelos, 	certes fait lancelot: 	1012
1234	tel com vos deviseriés. — 	tel comme uous deuiseres/ 	1013
1235	Se vos, fet il, el premier lieu 	se fait il au premier lieu 	1014
1236|1237	ou je vos troverai armé, |por que je soie desarmés, me creantés a doner vos armes » Ie vos bailleroie les moies. — 	ou ie uous trouueray arme me promettes a bailler uos armes ie uous bailleray les miennes 	1015
1238	Certes, fet Lancelos, 	Certes fait lancelot 	1016
1239	si ferai je, 	si feray ie pourtant 	1017
1240	por que vos ne me truisiés combatant. » 	que uous ne me trouues combatant/ 	1018
1241	Et cil descent maintenant, 	et celuy deschent maintenant 	1019
1242	si se desarme et baille a Lancelot tot son hernois, 	sy se desarme et baille tout son harnois a lancelot 	1020
1243	et il s’en appareille 	et il sen appareille 	1021
1244|1245	et monte en son cheval, |puis dist a son oste 	et mente sus le cheual 	1022
1246|1247	qu’il s’en retort; Imes il dist |que non fera. « 	et fait retourner son hoste 	1023
1248|1249	Si ferois, |fet Lancelos a lar je conoistrai bien les armes a celui 	et prent congie de luy. lancelot print son chemin apres ceulx 	1024
1250|1251	que je vois querant en quelque lieu je les truisse. |Et cil dist, 	qui sen uont tant 	1025
1252|1253	puis qu’il velt, |s’en retornera: 	quil est uenu eu tertre en hault/ 	1026
1254|1255	si s’en vet |et enmaine o lui le chevalier 	et lors uoit deuant luy la forest des trois perilz 	1027
1256	qui molt est liés de ce 	et ce pour quoy elle est 	1028
1257	que Lancelos li doit I. guerredon. 		
1258	Et Lancelos aquelt son chemin aprés cels que ? il sieut 		
1259|1260	tant qu’il est venus el tertre en haut |et lors voit devant lui la forest	ainsy appellee deuisera bien le compte 	1029
1261|1262	que l’en apele la forest des Trois Perilx, |et ce por quoi ele fu ensi apelee devisera bien li contes ça avant. 	cy en auant. 	1030
1263	Quant il fu amont el tertre, 	QUant il fust amonlt eu tertre 	1031
1264|1265	si esgarde devant lui, |mais il ne voit nul de cels 	si regarde deuant luy 	1032
1266	que il queroit, 		
1267|1268	kar il s’estoient ja ferus en la forest. |Et totes voies sieut il les esclos des chevals	et suyst les pas des cheuaulx tant	1033
1269	tant que il vient a l’entree de la forest; 	quil uint a lentree de la forest/ 	1034
1270	et lors encontre une damoisele tote chenue 	et lors encentra une damoiselle toute chanue 	1035
1271	qui chevalchoit molt cointement 	qui cheuauchoit menlt coinctement toute descheuelee/ ses tresches entre ses espaulles 	1036
1272	et estoit tote deslie, ses treces par ses espaules comme pucele 	comment une pucelle 	1037
1273|1274	et avoit en son chief l. chapel de roses, |kar c’estoit entor la Saint Johan. Il le salue 	et auoit sur son chief ung chapiau de roses/ il la sallue 	1038
1275	et ele li dist 	et elle luy dist 	1039
1276|1277	que bone aventure li doinst Diex. « Damoisele, fet il, me savriés vos a dire |quel part uns chevaliers o unes armes vermeilles 	que bonne aduanture luy dennast dieu damoiselle fait il aues uous point ueu passer par cy ung cheualier a unes armes uermeilles. 	1040
1278	s’en vet ? — 	Eu nom dieu fait elle 	1041
1279|1280	En non Diex, fet ele, je le vos enseigneroie bien, |se je voloie. — Dites le moi, fet il, 	se ie uoulloie ie uous lenseigneroie bien dictes le moy fait il par tel conuenant 	1042
1281|1282	par covent |que je soie vostre chevaliers el premier lieu 	que ie soie uostre cheualier au premier lieu 	1043
1283	ou vos me requerrois. — 	que uous me requerres/ 	1044
1284	Se vos me creantés, fet ele,	se uous me promettes 	1045
1285|1286	que vos me sievrois de quel hore |que vos en semoigne, je le vos enseignerai. » 	que au pre/ mier lieu ou ie uous requesray uous me aideres ie uous lenseigneray/ 	1046
1287	Et cil li creante, 	et il luy promet/ 	1047
1288|1289	dont il se repenti puis molt durement |tel hore fu. « 	denc depuys sen repentist/ 	1048
1290|1291	Or alés, fet ele, tot cest chemin», |si li mostre I. sentier estroit 	Or alles fait elle tout ce chemyn en trauers de la forest 	1049
1292|1293	qui aloit al travers de la forest. « |Si ne tornés, fet ele, de nule part 	sans tourner de nulle part. 	1050
1294	et quant vos avrois alé entor demie lieue, 	Quant uous aures cheuauche enuiron demye lieue 	1051
1295|1296	si verrois delés I. vivier trois paveillons tendus. |La dedens troverois le chevalier 	si uerres de les une riuiere trois pauillons la dedens trouueres le cheualier 	1052
1297	que vos querés 	que uous demandes 	1053
1298|1299	que l’en apele Arramant le Gros; |si le conoistrois a ces enseignes 	et len lappelle arrement le gras et le cengnoistres a telles enseignes 	1054
1300	qu’il a en mi le front II. plaies. 	quil ha deux playes au frent/ 	1055
1301	Or vos en poés aler, 	or uous en poues aller 	1056
1302	mais que vos m’aiés dit vostre nom. » 	mes que mayes dist uostre nen/ 	1057
1303|1304	Et il se nome molt a envis |et totes voies li dist 	et il se nomme monlt enuiz et dist 	1058
1305	qu’il a non Lancelot del Lac. « Alez a Dieu 	quil a a nen lancelot du lac. 	1059
1306|1307	», fet ele. Atant s’en part |et s’en vet tot le chemin 	A tant sen ua lancelot tout le chemyn 	1060
1308|1309	qu’ele li avoit enseigné, |si grant aleure 	quelle luy a enseigne/ 	1061
1310	com il plus puet del cheval traire,		
1311|1312	tant |que il atainst les chevaliers 	tant quil attaint le cheualiee 	1062
1313|1314	que il sievoit. |Et cil lor i escrie si haut 	si luy escrie si hault 	1063
1315	que bien porent oîr, 	que bien le peult ouir 	1064
1316|1317	et maintenant li vient acorant li uns d’eus, l’escu al col, le lance el poing, |et fu armés de totes armes. 	maintenant luy uient a lencontre lun de lautre lescu au col la lance au poing armes de toutes pieces/ 	1065
1318|1319	Et Lancelos le fiert |si que pour le hauberc ne remaint 	et lancelot le fiert si durement 	1066
1320|1321	qu’il ne li met par mi le cors le fer del glaive |si l’empaint bien com cil 	quil luy met le fer du glaiue parmy le coprs 	1067
1322	qui assés ot		
1323|1324	et cuer et force: |si le porte del cheval a terre et retrait son glaive a lui; 	si le porte a terre/	1068
1325	si voit I. autre venir tot appareillié de joster 	et uoit ung aultre uenir tout prest de iouster 	1069
1326	et il nel refuse pas, 	et il ne le reffuse pas/ 	1070
1327	ains li torne le chief del cheval, 		
1328	et cil 	et celuy 	1071
1329	qui vint acorant li done tel cop en l’escu 	qui uient accourant luy donne tel coup sur son escu 	1072
1330	que tote sa lance vole en pieces. 	que sa lance uolle en pieces. 	1073
1331|1332	Et Lancelos, |qui un poi porta sa lance bas. l'ataint par desus l’arcon de la sele,	et lancelot porte la sienne ung pou plus bas 	1074
1333	si le fiert 	si la actaint et le fiert si durement 	1075
1334	si que les mailes del hauberc ne pueent soffrir le grant cop 	que les mailles du haubers ne peurent le coup souffrir	1076
1335|1336	que li glaives ne li voist par mi le cors |si que li fers pert d’autre part; 	que le glaiue ne lui uoit parmi le corps 	1077
1337|1338	si l’empainst si durement|qu’il le porte a terre et lui et le cheval. 	si quil porte luy et le cheual a terre. 	1078
1339|1340	Et|lors dient cil 	Et lors dient ceulx 	1079
1341	qui devant s’en aloient 	qui deuant sen alloient 	1080
1342	que molt joste bien li chevaliers, 	que monlt iouste bien le cheualier. 	1081
1343|1344	quant. Il. de lor meillors compaignons a ensi abatus. |Et Lancelos laisse corre a els tos 	Quant lancelot eust rompu sa lance il mest la maina lespee 	1082
1345	qui encore estoient nuef; 		
1346|1347	si ot l’espee traite, |por ce que ses glaives estoit brisiés al chevalier 	et lesse courre uers les aultres 	1083
1348	qu’il ot derrainement abatu ; 	qui estoient uingt. 	1084
1349	si lor detrenche lor escus 	si leur despiece escus 	1085
1350|1351	et lor depiece lor hialmes |et lor ront les haubers sor les bras et sor les espaules; 	et detrenche leurs heaulmes/	1086
1352	si fet tant par sa proesce 	et fist tant par sa proesse 	1087
1353	que tuit cil 	que tous ceulx 	1088
1354	qui le voient s’en merveillent. 	qni le uoient en sont esmerueillies. 	1089
1355	Et la ou il voit le chevalier as armes vermeilles, 	Et la ou il uoit le cheualier aux armes uermeilles 	1090
1356|1357	si nel mesconoist pas, |ains li adresce par mi els tos	si luy adreche son cheual parmy tous eulx/ 	1091
1358	et li done si grant cop par mi le hialme 	et luy donne tel coup sus le heaulme 	1092
1359|1360	que cil est si estordis |qu’il ne se puet es arçons tenir, 	quil ne se peult tenir aux archons/ mes uolle a terre 	1093
1361|1362	ains vole a terre. |Et Lancelos li va par desus le cors a cheval	et lancelot luy ua denner si grant coup sus le col 	1094
1363	tant que cil pert la vertu et la force tote. 	tant quil pert sa forche et sa uertu/ 	1095
1364|1365	Et|lors sont li autre molt esmaié, 	Lors sont les aultres bien esmayes 	1096
1366	kar bien cuident 	car il cuident 	1097
1367|1368	que cil soit mors |qui lor sires estoit; 	que leur maistre soit mort. 	1098
1369	si se metent en paine del vengier	Si se mettent en paine de le uenger 	1099
1370	et corent sus a Lancelot tuit ensamble. 	et courent sus a lancelot/ 	1100
1371	Mais il nel truevent pas si esbahi 	mes ilz ne le treuuent pas esbahy 	1101
1372	qu’il ne soit tos pres de soi deffendre; 	mes est prest de se deffendre 	1102
1373	si lor abandone son escu 	si leur habandonne son escu/ 	1103
1374|1375	et tient l’espee |dont il lor done grans cops par la 	et il ne a censuict cheualier a coup 	1104
1376|1377	ou il les ataint, |ne onques 	quil ne luy face lespee sentir iusques en la char 	1105
1378|1379	por pooir |qu’il aient ne li porent tolir terre, 	ou quil ne le porte du cheual a terre. 	1106
1380	ains se met par mi els maintes fois, quel gré 		
1381	qu’il en aient. 		
1382	Et de tant li avient il bien 	Et les a si bien attournes 	1107
1383	qu’il n’aconsieut chevalier a droit cop 		
1384|1385	qu’il ne face s’espee sentir en char nue |ou il nel port del cheval a terre: 	quil en y a cinq gisans sur terre 	1108
1386|1387	si lor esrache les escus des cols et les hialmes des testes et lor decoupe poins et bras a |et se hurte en els de cors et de cheval »; 	tellement 	1109
1388	si en a V. si atornés 		
1389	qu’il gisent a terre si conreé 		
1390	qu’il n’ont pooir de relever. 	quilz ne se peuent releuer. 	1110
1391|1392	Quant li autre voient ce, |si lor est avis 	Et quant les aultres uoient	1111
1393	que, 		
1394|1395	s’il i demorent plus, il n’em pueent eschaper sans morir |et por ce s’enfuient al plus tost 	que leurs compaignons sont ainsy traicties ilz sen fuyent au plus tost	1112
1396	qu’il pueent vers la forest 	quil peuent uers la forest la 	1113
1397	ou il la voient plus espesse. 	ou il la uirent plus espesse/	1114
1398	Et Lancelos ne les sieut mie granment, 	et lancelot ne les poursuyuist pas 	1115
1399	ains retorne al chevalier	ains retourne au cheualier 	1116
1400	qu’il ot abatu, celui as armes vermeilles, 	qui portoit les armes uermeilles/ 	1117
1401	kar il voldra savoir 	car il ueult scauoir 	1118
1402	qui il est. 	qui il est/ 	1119
1403|1404	Et quant il i est venus, |si trueve l’escuier 	et quant il est uenu il treuue lescuyer 	1120
1405|1406	que il queroit, |que on avoit mis sor I. roncin, les mains liies triés le dos, 	quil queroit monte sus ung rouchin les mains liees derriere le dos. 	1121
1407	et vient a lui, 	sy uint a lui 	1122
1408	si le deslie. 	et le deslie/ 	1123
1409	Et quant il se sent delivrés, 	et quant il est deliure 	1124
1410	si li chiet as piés 	si le mercie menlt et lance. descent a terre 	1125
1411	et le mercie de Dieu ; 	et luy baille son cheual a garder/ 	1126
1412|1413	et Lancelos descent, |si li baille son cheval a garder. puis vet al chevalier 	puys sen ua au cheualier 	1127
1414	qui ja s’estoit relevés en son seant, si estordis 	qui ia estoit redrechie en son seant/ |si estourdy	1128|1129
1415	qu’il ne veoit gote. 	quil ne uoit goutte. 	1130
1416	Et Lancelos li esrache le hialme de la teste si felenessement 	et lancelot luy arrache le heaulme de la teste si fellennessement 	1131
1417	que cil flatist à terre des paumes et de tot le viaire; 	que celui flatist a terre des pausmes et des genoulx 	1132
1418|1419	si saine del nes et del front trop durement. |Et Lancelos dist 	et lui dit 	1133
1420	qu’il l’ocirra, 	quil le occira 	1134
1421	s’i ne se tient por outré; 	sil ne se rent 	1135
1422	et cil est si esmaiés 	Et celui est si esuanouy 	1136
1423|1424	a |qu’il ne li puet respondre, 	qu il ne lui peut respondre mot 	1137
1425|1426	ains gist pasmés adens |Et Lancelos le redrece, 	ains gist tout pasme Lancelot le redrece 	1138
1427	si le trueve si ensanglenté 	si le treuue si senglant 	1139
1428	qu’il cuide bien 	que bien cuide 	1140
1429	que il soit mors, 	quil soit mort. 	1141
1430	et lors se repent de ce 	Lors se repent de ce 	1142
1431	que tant li avoit fet mal; 	que il lui a tant meffait. 	1143
1432	si s’asiet les lui por veoir 	Si se rassiet emprez lui |pour ueoir 	1144|1145
1433	que il fera. 	quil fera. 	1146
1434	Et ja se relevoient troi de cels 	et ia se releuoient trois de ceulx 	1147
1435	qui a terre avoient geu, 	qui estoient a terre	1148
1436	et Lancelos lor laisse core	et lors leur court sus lanceloi 	1149
1437	et dit 	et leur dit 	1150
1438	que mort sont	que mors sont	1151
		se ilz ne se rendent 	1152
		Et ceulx 	1153
		qui ont grant paour 	1154
		quil ne les occie lui rendrient leurs espees en disant 	1155
		quilz sont prestz de faire sa uoulente.	1156
