0	avoir trové. » 	Sire fait elle enuellopee |quil ne la pouoit cengnoistre pour pour ce	0|1
1	Si li conte tote s’aventure issi com vos avés oi dire ça arrieres. 	que ie le uouldroie auoir trouue |si luy compte toute son auanture tant 	2|3
2	tant qu’il conoist bien 	quil cengnoit bien 	4
3	que c’est il 	que cest celle 	5
4	qu’ele quiert a, 	qui le quiert/ 	6
5	Mais por le coros de la mort al seneschal ne se volt fere conoistre, 	Mais pour le couroust |quil a du sencchal 	7|8
6	ains li respont: « 	et de sa mort ne se uoult faire congnoistre/ 	9
7	Certes, damoisele, chevalier 	mes leur respont certes damoiselle ie ne cengnois mie le cheualier 	10
8	qui porte escu blanc ne conois je nul. — En non Dieu, sire, fet ele, ce poise moi chierement. » 	qui porte les blances armes. |En nen dieu fait elle il me poyse monlt chierement. 	11|12
		A donc sen part 	13
9	Et il n’en tient plus a li parole, 	et ne uoult plus parler il la commandee a dieu |et sen ua. 	14|15
10	ains part si tost com il l’ot commandee a Dieu a et chevalche en tel maniere jusqu’a tierce tant qu’il vint a l’issue de la forest; 	et cheuauche iusques a tierce eustes onques pitie de nulle gentille dane aies tant|quil uint a lissue de la forest 	16|17
11	et il torne a destre vers un chemin viés et ancien; 	et il tourna a destre uers ung petit chemyn uieil: 	18
12	si ne demora gueres 	si ne demoura gueres 	19
13	qu’il vint a une eve P lee et parfonde, 	quil uint en une uallee/ |ou il couroit une eau monlt roidde la quelle estoit grande et parfonde/ 	20|21
14	mais il n’i trueve pont ne gué ne passage nul. 	et ne treuue ne pont ne planche par ou il puisse passer. 	22
15	Et il regarde d’autre part de l’eve, 	Sy regarde de laultre part de leaue 	23
16	si voit I. petit chastel molt bien seant, clos de mur bateillié tot entor a la roonde. ll regarde grant piece le chastel 	et uoit ung beau chastel monlt bien seant et bien cloz de muraille tout entour. Il regarde le chastel grant pieche 	24
17	dont la façons li plest molt a regarder, 	car monlt luy plaisoit a uoir/ 	25
18	puis s’en torne contreval la riviere	puis sen tourne contre ual la riuiere |pour scauoir 	26|27
19|20	por savoir s’il i peust trover ne pont ne gué, |mais il n’en trueve point 	sil pouroit trouuer ne pont ne gue par le quel il puisse passer/ mes il nen truue point. 	28
21|22	et quant il voit |qu’il n’i passera, 	Et il uoit ce 	29
23	si ne set que fere, 	si ne scait |que faire/ 	30|31
24	que retorner ne voldroit il mie. 	car retourner ne uoulloit pas. 	32
25	Atant voit issir del chastel une damoisele 	A tant uoit yssir une damoiselle du chastel la 	33
26	qui ert tote nue en sa chemise,	quelle estoit toute nue en sa chemise/ 	34
27	si le menoient troi vilain molt vilainement a 	sy la menoient quatre ribaulx monlt felonneusement 	35
28	et tenoit chescuns une hache en sa main; 	et tenoient chascun en sa main ung coustel trenchant. 	36
29|30	et ele crioit |quanque ele pooit crier por els 	Et la damoiselle crioit tant comme elle pouoit pour la laidure et honte 	37
31	qui li faisoient tel honte et tel laidure 	que telx ribaulx luy faisoient/ 	38
32	qu’il la venoient batant tot contreval la riviere. 	et la menoient batant contre ual la riuiere. 	39
33	Et quant la damoisele vit le chevalier de l’autre part de ! l’eve, 	Et quant la damoyselle uoit le cheualier de lautre coste de la ry/ uiere commenca a crier 	40
34	si commence a crier: « 	et dire en tell maniere 	41
35	Ha, gentilz chevaliers, secorés ceste damoisele 	Haa beau et gentil cheualier secoures ceste damoiselle 	42
36	que cist ribaut vuelent ocirre. 	que ces ribaulx ueullent occire/ 	43
37	Ha, frans hom, ne m’i laissiés morir, 	haa franc homme fait elle me lesres uous ainsi mourir entre les mains de telx paillars. 	44
38	se vos onques eustes pitié de nule gentil damoisele !» 	et se uous pitie de moy |car se uous ne me secoures ie suys a la mort liurer. 	45|46
39	Quant Boors ot ce qu’ele li prie si pitousement 	Et quant boort ouyt |quelle le prioit si piteusement 	47|48
40|41	qu'il la secore, |si ne set que fere, 	si ne scait que faire 	49
42	kar volentiers li aidast 	car uoulentiers luy allast aider 	50
43|44	s’il peust; |mais il voit l’eve noire et parfonde 	se il peult estre/ mes il uoit la riuiere parfonde et dangereuse a passer. 	51
45|46	et si perilluse |qu’il cuide bien noier, 	et scait bien sil entre dedens 	52
47	s’il se met dedens; 	qu il se met en peril de mort.	53
48	et d'autre part il voit cele 	Et daultre part il uoit celle 	54
49	qui si durement crie merci; 	qui si piteusement fui crie mercy.	55
50	si l'em prent tels pitiés 	Si luy en prent telle pitie 	56
51|52	qu’il en laisse totes poors |et fet le signe de la crois en mi son vis, 	quil en laisse toute paour et fait le signe de la croix deuant son uisaige puys embrache son escu 	57
53|54	puis enbrace l’escu |et broche le cheval des esperons 	et fiert son cheual des esperens 	58
55	et se fiert en l’eve. 	et se lanche dedens leaue tout erraument: 	59
56|57	Et li chevals fu fors,|si commence a noer 	et le cheual commence a noer si tost 	60
58	si tost com il ot terre perdue, 	quil eust terre perdue. 	61
59	si l’enporte d’autre part de la rive a quelque paine, 	et sen passe le cheual iusques de laultre part de leaue mes ce fust a grant paine 	62
60	mais ançois ot beu de l’eve li uns et li autre, 	car ains quilz feussent passes beurent de leaue lun et laultre 	63
61	et se li chevals ne fust si buens, noié fuissent ambedui, 	et se le cheual neust este fort et bon ilz feussent noyes et lun et laultre 	64
62	kar li chevaliers estoit pesans por les armes 	car le cheualier estoit fort pesant pour les armes 	65
63	qu’il avoit vestues. 	quil auoit uestues. 	66
64	Quant il fu de l’autre part de l’eve, 	Quant il fut de lautre part de leaue 	67
65|66	si ne descendi pas, |ains cort vers cels 	si ne descendist oncques ains courust uers ceulx 	68
67	qui la damoisele tenoient 	qui la damoiselle tenoient: 	69
68	et fiert si le premier 	et fiert tellement le premier 	70
69	qu’il aconsieut 	quil encontre 	71
70	qu’il li met le glaive par mi le cors, 	qu il lui met le glauie parmy le corps 	72
71	si l’abat a terre, 	si labat a terre 	73
72|73	et li autre s’enfuient erraument |por ce que desarmé estoient. 	et les autres se met tent en fuite. La damoiselle	74
74|75	Et la damoisele|qui delivree se voit se met a genols devant Boort 	qui deliuree se sent se met a genoulx deuant lui 	75
76	et dist: « 	et lui dit. 	76
77	Ha, gentils chevaliers, de Dieu soiés vos beneois, 	Haa gentil cheualier de dieu soiez uous benoit: 	77
78	quant vos m’avés de mort rescosse, 	car ces gloutens me eussent occiz 	78
79|80	et aorés en soit Diex, |quant il ceste part vos amena, 	se ne feussez uous. Damoiselle fait il 	79
81	kar cist gloton m’euissent ja morte. — Damoisele, fet il,		
82	por quoi ? — Sire fet ele, jel vos dirai bien, 	pour quoy. Sire fait elle ie le uous diray 	80
83|84	mais|que vos m’aiés mise a sauveté. — Coment ? fet il. Avés vos dont garde ? — 	mais que uous me aiez mise a sauuete. 	81
85	Certes, fet ele, ja asseur ne seraî fant com je sache laiens le seignor del chastel, 	Comment fait il auez uous donc paour. Sire fait elle ia seure ne seray tant que ie sache leans le seigneur de ce chasteau/ 	82
86|87	kar c’est li plus fel chevaliers del monde et li plus traîtres. » A ces paroles voient issir I. chevalier del chastel |et la ou il vit Boort, 	car cest le plus fel cheualier du monde et le plus cruel Ces parolles uoient issir ung cheualier du chasteau: 	83
88|89	si li escrie : « Laissiés, dans chevaliers, la damoisele|que vos n’enmenrois mie! 	et la 	84
90|91	Par mon chief, mar le rescosistes!» |Si li cort 	ou il uoit boort il lui escrie. Cheualier laissez la damoiselle	85
92|93	quanqu’il puet le glaive alongié; |et Boors retrait son glaîve a lui del cors a celui 	et par mon chief mal la rescouistes. Boort lentent 	86
94	qu’il avoit ocis; 	si lui court	87
95|96	si laisse le cheval corre |et le fiert si tres durement 	tant qu il peut du cheual traire le glaiue allongnie et le fiert si durement 	88
97	qu’il l’abat a terre si estordi 	quil labat a terre si estourdy 	89
98|99	qu’il n’a pooir de relever, |ains gist pasmés, 	qu il na pouoir de soy releuer: 	90
100	kar il chai si felenessement 		
101	qu’a poi que la canole del col n'avoit brisee. 		
102|103	Et Boors li vet a cheval par desus le cors |tant que tot le debrise. 	et booit lui ua par dessus le col a cheual tant que tout le debrise. 	91
104	Et lors est la damoisele si liee 	Et boort a tant la damoiselle esiouye 	92
105	qu’ele ne puet plus 	que elle ne peut plus: 	93
106	et dist a Boort : « Sire, nos n’avons mes garde,	et dit a boort. Sire nous nauons mes garde: 	94
107	kar je ne cuit 	car ie ne cuide point 	95
108	qu’il eust plus de chevaliers çaiens que cestui;	qu il y ait plus de cheualiers leans que cestui 	96
109	si vos dirai ore seurement ce 	si uous diray seurement ce	97
110	que vos me demandastes n’a encor gaires. — Dites, fet il. — Sire, fet ele, entre moi et I. chevalier 	que uous mauez demande. |Par ma foy fait elle moy et ung cheualier 	98|99
111	qui mes amis estoit chevalchions hui matin par mi cest chastel 	qui mon amy estoit cheuauchions parmi cest chasteau. 	100
112	et quant li freres a celui 	Et quant le frere de celui 	101
113	que vos avés abatu me vit, 	que uous auez abatu me uist 	102
114	si me volt a force prendre, 	si me uoulut auoir et prendre a force: 	103
115|116	kar il m’avoit molt longuement amee; |si me prist al frain 	car il me auoit longuement aymee. Il print mon cheual 	104
		et men uoulut mener a force: 	105
117	et m’en volt mener a force, mes mes amis se combati a lui tant qu’il l’ocist. 	mais mon amy se combatist a lui |tant qu il loccist. 	106|107
118	Et quant cist 	Et quant celui 	108
119|120	que vos veez ci ore vit son frere mort, si fist mon ami prendre a force de vilains et de gens et l’ocist en venjance de son frere. |Mais de moi, 	que uous uoiez cy uist son frere mort il fist mon amy prendre par force de gens et de uillains/ 	109
121	por cui Ses freres avoit esté ocis, dist il 	et loccist en uengance de son frere et dist 	110
122	qu’il se vengeroit sans main metre;	quil se uengeroit de moy sans main mettre.	111
123	si me fist prendre a ces ribaus 	Si me fist prendre par ces quatre ribaulx 	112
124	que vos veistes et lor commanda 	que uous auez ueu|et leur commanda 	113|114
125	qu’il me noiaissent, « 	quilz me noyassent/ 	115
126	kar par armes, dist il, ne vueil je mie qu’ele muire » ; 	car par armes ne uueil ie pas |que elle meure. 	116|117
127	si m'enmenoient, 	Si me emmenoient ainsi 	118
128	si com vos veistes, morir 	comment uous auez ueu pour noyer 	119
129	quant vos me venistes secorre par la volenté de Dieu et par la vostre. 	quant uaus me uenistes secourir par la uoulente de dieu et par la uostre. 	120
130	Or vos ai conté mon errement ; 	Or uous ay toute compte ma fortune/ 	121
131	si voldroie des Ore mes, 	si uouldroie 	122
132	se vostre plaisirs estoit, 	se uostre uoulente y estoit 	123
133	que vos me menissois a salveté en un mien chastel 	que uous me menissez a sauuete en ung mien chasteau 	124
134	qui est ci pres. — Volentiers », fet il. 	qui est cy pres. Voulentiers dit il. 	125
135	Si le prent par les bras 	et il la prent par le bras 	126
136	et le monte par devant lui sor le col de son cheval, 	et puis la met sur le col de son cheual/ 	127
137	si a geté son escu derieres son dos, 	si a iecte son escu derrier son dos:	128
138	si s’en vet cele part 	et puis tourne celle part la 	129
139	ou la damoisele li enseigne tant 	ou la damoiselle lui enseigne tant	130
140	que ce vint aprés midi 	que uint aprez midy 	131
141	qu’il voient en un tertre I. bel a chastel, 	que ilz uirent deuant eulx ung moult beau chasteau: 	132
142|143	et lors ataignent Il. escuiers|qui issoient d’un bossel 	et lors attaignent deux escuiers a lentree de ung petit boix	133
144	et aportoit chescuns venoisons trosee detriers soi.	et portoit chacun uenoisen derrier lui troussee. 	134
145|146	Quant il virent la damoisele, |si descendent a pié 	Et quant ilz uirent la damoiselle ilz descendirent a pie 	135
147	et li font grant joie com a celi 	et lui firent si grant henneur et si grant ioye comme a celle 	136
148	qui lor dame estoit 	qui leur dame estoit: 	137
149|150	mais molt se merveillent de ce |qu’il la virent plorer: 	mais moult se merueillent de ce qu ilz la uoient plourer: 	138
151	si li enquierent 	si demandent 	139
152	que ele a. 	que elle a. 	140
153	Et ele lor dit 	et elle leur compte 	141
154	comment ses amis avoit esté ocis, «	comment son amy auoit este occy/	142
155	et je meismes euisse esté morte. 	et moy mesmes eusse este occie 	143
156	se ne fust cis frans chevaliers	se ne feust ce franc cheualier	144
157	qui par sa debonaireté me resqueust 	qui par sa debonnairete ma rescousse 	145
158	et se mist em peril de mort por ma vie sauver. » 	et sest mis en peril de mort pour moy sauuer. 	146
159	Et lors conseille a l’un de ses escuierset cil se destrosse maintenant de sa venoison, 	Et lors elle parle a conseil a ung des escuiers 	147
160	si la baille a son compaignon por porter, 	et celui se destrousse maintenant de sa uenoison et la baille a porter a son compaignon 	148
161	si s’en vet vers le chastel 	et sen ua uers le chasteau	149
162	quanqu’il puet traire del roncin. 	tant quil peut courir atout son roussin. 	150
163	Et Boors demande a la damoisele 	Et boort demande a la damoiselle 	151
164	comment li chastials a non 	comment le chasteau auoit nom 	152
165	ou ses amis a esté ocis. « Sire, fet ele, il a non Galedon 	ou son amy auoit este occy. Sire fait elle il a nen galdon/ 	153
166	et l’eve par ou vos passastes a non Galede. » 	et leaue ou uous passastes a nom galide. 	154
167|168	Ensi parolent tant |qu’il sont venu jusqu’al chastel,	Ainsi sen uont parlant ensemble boort et la damoiselle tant que ilz sont uenus prez du chasteau 	155
169	si le voit Boors bien seant et fort. 	si le uoient beau et fort et moult bien seant. 	156
170	Et quant il montent ! le tertre, 	Et quant ilz sont montez le tertre 	157
171|172	si voient de laiens issir dames et damoiseles a grant plenté |dont les unes karolent 	si uirent dames et damoiselles a grant plante dent les unes dansoient 	158
173	et les autres dancent 	et les autres deuisoient 	159
174	et les autres joent de divers geus; 	et les autres iouoient de diuers ieux.	160
175	si estoient acesmees et vestues richement et avec venoient chevaliers jusqu’a X. 	si estoient toutes uestues moult richement/ |et auec elles uenoient des cheualiers iusques a dix 	161|162
176	qui molt faisoient grant joie; 	qui faisoient moult grant ioye. 	163
177	et quant il voient Boort, 	Et quant ilz uirent boort 	164
178	si crient tuit encontre lui: « Bien viengniés, sire,	si lui crierent tous. Bien uiengniez uous 	165
179|180	qui nostre dame avez delivres de mort |et rescosse des mains a ses enemis !» 	qui nostre dame auez rescousse de mort et deliuree des mains de ses ennemis. 	166
181	Et lors font descendre lor dame et lui avec : 	Et lors font descendre leur dame et lui auec. 	167
182	si ne vos porroit nus conter la joie 	Si ne pourroit nul homme compter la grant ioye 	168
183	qui li fu fete. A tel joie et a tel feste enmainent Boort jusqu’al palés del chastel, 	qui leur fut faicte. A telle ioye menerent boort au pallais. 	169
184	si le font desarmer, 	Et quant ilz eurent mengie la damoiselle lui demanda	170
185	ou il volsist ou non,	comment il auoit nom. 	171
186	et il le fist a envis, 	Et il respendist 	172
187|188	kar il n’estoit encore mie tens de herbergier. |Ensi remist Boors laiens, 	quil auoit nom boort le essillie 	173
189	si li firent grant joie li un et li autre 	et si estoit cousin germain de lancelot du lac. 	174
190	Et quant il orent mengié. a damoisele demande a Boort 	Et uous dame 	175
191|192	comment il avoit non ét ¡l dist |qu’il avoit non Boors li Essilliés. « 	quel est uostre nom. Sire fait elle iay nom benigne de glacedon. 	176
193	Et vos, fet il. damoisele, 	et ce chasteau cy 	177
194	quels est li vostre nons ? — Sire, fet ele. je ai non Blevine de Glocedun, issi a non cist chastials ou nos somes. » A ces paroles 	ou nous sommes a aussi nom glacedon. ces parolles 	178
195	qu’il disoient, es vos I escuier 	quilz disoient uecy ung escuyer 	179
196	qui laiens entre,	qui entra leans 	180
197	si s’agenoille devant la damoisele. « Dame, fet il, la damoisele de Honguefort vostre cosine vos salue 	si se agenoille |de uant la damoiselle dame fait il madame de honguesfort uous sallue 	181|182
198	et vos mande 	et uous mande 	183
199|200	qu’ele vient herbergier o vos. » |Et quant cele l’entent, 	que elle se ueult ennuyt logier auec uous.	184
201|202	si saut sus si liee et si joiose |que nule plus 	Et quant celle lost 	185
203	et demande al vaslet 	si demande a lescuyer 	186
204	ou ele est. « Dame. fet il, a mains de demie lieue pres de ci. » 	ou elle est dame fait il a demye lieue de cy/ 	187
205|206	Et ele fet maintenant sa sele metre |et dist 	et elle mente sur son cheual auec quatre cheualiers et quatre escuyers 	188
207	qu’ele ira encontre li; 	pour aller a lencontre de la dame 	189
208|209	si monte |et maine o li. VI. chevaliers et Illl. en laisse 	et si laisse quatre cheualiers auec boort 	190
210|211	por fere compaignie a Boort ; |si se part atant de laiens. Mes Boors 	pour luy faire compagnie mes boort 	191
212|213	qui les noveles a of̈es de cele de Honguefort |si ne set que fere, 	qui les nouuelles a entendues de la dane de honguesfort ne scait que faire 	192
214|215	kar se il remaint laiens, ne puet estre |que l’en nel conoisse 	si pense longuement 	193
216	et ce ne voldroit il por rien: 	car il ne ueult pas estre congneu 	194
217|218	si pense longuement a ceste chose. |Quant il ot une piece pensé, 	et quant il a longuement pen se 	195
219	si se drece en estant 	si se lieuue en son estant 	196
220|221	et demande ses armes tost|et isnel. « Sire, font cil 	et demande ses armes. Sire sont ceulx 	197
222	qui avec lui estoient, 	qui auec luy estoient 	198
223	qu’en volés vos fere ? — Je me vueil. fet il, un poi aler esbatre jusqu’a cel boschel, 	pour quoy les demandes uous ie me uueil fait il armer pour moy aller esbatre iusques en ce bochel 	199
224	si revendrai orendroit. » 	mes ie reuendray tantost/ 	200
225	Cil n’osent son commandement refuser. 	et ceulx nosent reffuser son commandement 	201
226|227	si aportent ses armes |et il les prent. 	lors luy apportent ses armes 	202
228	Et quant il est armés, 	et quant il fust arme 	203
229|230	si monte en son cheval a, |si se part de laiens par une posterne par devers le boschel », 	si sen part de le ans par la posterne uers ung petit bosc 	204
231	ne ne velt	et ne ueult 	205
232	que nus li face compaignie. 	que nul luy face compagnie. 	206
233|234	Et quant il est l. poi eslongiés del chastel, |si torne a destre vers une forest 	Et quant il est ung pou eslongnie il tourne uers une forest grande et espesse 	207
235	qu’il voit haute et espesse 		
236|237	et s’en vet al ferir des esperons; |si se fiert en la forest 	si fiert des esperons 	208
238|239	et eirre tant |qu’il li anuite ; 	et sen entra dedens 	209
240|241	et lors escote, |si ot une cloche soner 	et cheuaucha tant que la nuyt uint. Il ouyt une cloche sonner 	210
242	et il sot bien tantost	si pense tantost 	211
243|244	que c’estoit hermitages: |si s’en torne cele part 	que cest ung hermitage. il sen alla celle part 	212
245	et descent a l’uis,	et puys frappa a luys/ 	213
246|247	si apele et li hermites li oevre son huis, |si a le reçoit a bele chiere 	et lermite le rechoit a belle chere 	214
248	et le desarme il meismes, 	et le desarma 	215
249	puis vet cueillir de l’erbe al cheval 	et puys cueillit de lerbe uerte pour le cheual 	216
250	et por fere lit al chevalier.	et fist le lyt au cheualier. 	217
251|252	Ensi est Boors remés chiés l’ermite, |et la damoisele de Glocedun chevalcha tant a 	Insi est boort demoure auec lermite et la damoiselle de glacedon a tant alle 	218
253	qu’ele encontra cele de Honguefort; 	quelle encentra celle de honguesfort/ 	219
254	si s’entresaluent, 	si sentresalluerent. 	220
255	mais molt se merveille cele de Glocedun, 	Et quant celle de glacedon uoit sa cousine 	221
256|257	quant ele voit sa cosine si atornee et tote sa maisnie: |si li demande l’acheison 	et toute sa mesgnie ainsi atournee elle sen merueille monlt sy lui demande lachoison 	222
258	et cele li conte de chief en chief 	et celle luy compte toute la uerite 	223
259	et dist 	et dist	224
260|261	que jamés ne finera d’errer |jusqu’el ait le chevalier trové, « 	que iamaiz ne finera de errer iusques a tant quelle aura trouue le cheualier/ 	225
262	et bien sachiés, fet ele, bele cosine, 	et sachiez belle cousine 	226
263	que c’est li plus bials chevaliers et li mieldres 	que cest le plus beau et le meilleur 	227
264	que je onques mes veisse, 	que ie ueisse on ques 	228
265	et si est encore jovenes enfés; 	et sy est encore ione enfant/ 	229
266	si ai tel duel, 	si ay tel deul 	230
267	quant il me membre de la vilenie 	quant il me souuient de la uillanie	231
268	que je fis, 	que ie luy feiz 	232
269	qu’a poi que li cuers ne me part el ventre. — En non Dieu, bele cosine, fet cele de Glocedun, 	que a pou que le cueur ne me part du uentre. |Eu nom dieu belle cousine fait celle de glacedon/	233|234
270	s’il vos avint bele aventure, il ne m’est pas hui avenue mains bele. » 	sy uous est aduenu belle auanture/ il ne men est pas aduenue une moins belle. 	235
271	Si li conte tot ensi com il li estoit avenu 	Sy luy compte tout ainsi |comment il luy estoit aduenu/ 	236|237
272	et dist 	et dist 	238
273	qu’ele a le chevalier herbergié; « 	quelle auoit herbegie le cheualier/ 	239
274	mais bien sachiés, fet ele, 	et uous dys bien	240
275|276	que c’est li plus bials chevaliers |que je onques mes veisse 	que cest le plus beau cheualier du monde/ 	241
277|278	et jovenes durement » ; |si li devise sa façon et son grant et sa mesure 	sy lui deuise sa facon 	242
279	tant qu’a cele de Honguefort est avis 	tant quil est aduiz a celle de honguesfort 	243
280|281	que c’est cil |qu’ele quiert, 	que cest celuy quelle quiert/ 	244
282	si li tarde molt 	si luy tarde 	245
283|284	qu’ele le voie. |Ensi chevalchent jusqu’al chastel, 	quelle le uoie En telle magniere cheuauchent tant quilz sont uenues au chastel 	246
285	si descendent la damoisele molt honorement 	si decendent la damoiselle monlt hounourablement	247
286	et molt font grant joie de li	et font grant ioye de celle de honguesford. 	248
287	Et lors sont montees el palés; 	lors sont mentees au pallaiz 	249
288	si demande cele de laiens ou ses ostes est. « 	si demande la damoiselle de leans 	250
289|290	Par foi, font si chevalier, ¡l s’en vet orrendroit tos armés fors de cest chastel, |mais il nos dist 	ou est son hoste/ deuray dirent les cheualiers de leans Il sen ua orendroit tout seul arme hors de ce chastel mes il nous dist 	251
291|292	qu’il revendroit tantost; n’onques |por nul pooir ne volt soffrir 	quil reuendroit tantost/ ne onques ne uolt souffrir 	252
293	que nus de nos alast avec lui. — 	que nul allast auec luy 	253
294	Quel part s’en ala il ? fet ele. — Dame, font il, vers cel boschel. — 	si a prins sen chemin uers ce bochel. 	254
295	Or tost, fet ele, montés, alés aprés lui, 	Or tost dyt la dame montes sy alles apprez luy 	255
296	si le nos ramenés. » 	et le ramenes arriere. 	256
297	Lors sont monté li X. chevalier 	Lors montent tous les cheualiers	257
298	et vienent jusqu’al boschel, 	et uiennent iusques au bochel 	258
299|300	si le cerchent amont et aval, mes del chevalier ne pueent riens trover, |si en sont molt irié et dolent 	et le chercent ament et aual/ 	259
301	et mandent a lor dame 	mais ne le peuent trouuer/ 	260
302|303	qu’il ne le pueent trover. « En non Dieu, fet ele, |ensi ne remandra il pas. » 	Eu nen dieu fait elle il ne demoura pas ainsy 	261
304|305	Si monte |et tote sa maisnie 	si monte elle et sa mesgnie 	262
306	et commande a cerchier le bois de totes pars 	et commencent a chercer le bochel de toutes pars 	263
307	et il en font son commandement.	et prie aulx cheualiers 	264
308	Mais tot ce ne lor valt riens, 	quilz le chersacent mes ce ne leur ualust riens/ 	265
309	kar il n'em puent avoir nul asenement a, 	car ilz nen porent ouyt nulle uraie enseigne. 	266
310	Quant ele vit ce, 	Quant elle uoit ce 	267
311	si s’en retorne en son chastel dolente et corociee 	si sen retoure en son chastel dollente et courroucee/ 	268
312	et conte a cele de Honguefort 	et compte a celle de henguesford 	269
313|314	comment ses ostes s’en estoit alez, |puis demande a cels de laiens: « Bials seignors, 	comment son hoste sen est alle puys demande a ceulx de leans. Beaux seigneurs 	270
315	quant s’em parti il — 	quant sen parti il/ 	271
316	Par foi, dame, font il, 	par ma foy si tost 	272
317	si tost com il vos en vit aler et dist 	que uous feustes partie/|et dist 	273|274
318	qu’il revendroit tost. — 	quil reuendroit tantost. 	275
319	Par foi, fet ele, gabez nos a. » 	par ma foy dist la dame il nous a gabes. 	276
320	Lors demanda cele de Honguefort 	Lors demande celle de honguesford 	277
321	quels armes il portoit 	quelles armes il portoit	278
322	et ele li devise. « En non Dieu, fet ele, je te trovai hui matin a l’entree d’une forest, 	et elle luy deuise. Eu nom dieu fait elle ie le trouuay huy matin a lentree de une forest/ 	279
323|324	mes il ne portoit mie tel escu |com cil	mes il ne portoit mye telles armes come celuy 	280
325	que je quier. — Bele cosine, fet cele de laiens, il le puet bien avoir changié 	que ie quiers/ belle cousine fait celle de leans il les peult bien auoir changiez 	281
326	et je vos di al mien cuidier 	et ie cuide bien a mon aduiz 	282
327	que ce est cil 	que cest celuy 	283
328|329	que vos querez : |si vos prie 	que uous queres sy uous prie 	284
330	que vos me laissiés o vos aler tant que trové l’aions 		
331|332	et lors savrai l’acheison |por quoi il laissa mon ostel a tel ore. — Il m’est molt bel, fet cele de Honguefort, 	que me lessiez aller auecques uous tant que laurens trouue. Il mest monlt bel dyt celle de honguesfort 	285
333	que vos i viegniés, 	que uous uiengnies auec moy 	286
334|335	puis|qu’il vos plest. » 	puis quil uous plaist. 	287
336|337	Ensi remistrent la nuit laiens |et al matin. 	ainsi demeurent la nuyt leans. et au matin 	288
338	si tost com eles ! virent le jor, 	quant ilz uirent le iour 	289
339	si leverent et se partirent del chastel 	si sen partirent du chastel 	290
340	et entrerent en la queste de lor chevalier.	et entrerent en la queste de leur cheualier. 	291
341	Mais or laisse atant li contes a parler d’eles et de Boort	Or lessons maintenant le compte de boors et des deux dames 	292
342	et retorne a parler de Lancelot la 	et retourons a parler de lancelot du lac le	293
343	ou il est entrez en la forest de Sarpenic, 	quel est entre en la forest de la sapine. 	294
344	si com li contes a devise ariers. 	Comment lancelot emporta le corps de gallehaut 	295
345	Or dist li contes 	que plusieurs cheualiers gardoient: |et comment il rescouist la seur de meleagant 	296|297
346	qu’il fist grant chaut le jor 	que len uouloit ardre iiii.xx. xiiii. Grant chault fist dit le compie le iour 	298
347	que Lancelos entra en la forest de Sarpenic 	que lancelot fut entre en la sapinoie 	299
348	et por ce ne remest il mie	et pour ce ne demoura il pas 	300
349|350	qu’il ne chevalchast jusqu’à none; |si li avint ensi 	quil ne cheuauchast iusques a uespres 	301
351|352	qu’il n’encontra home ne feme jusqu’al vespre; |mais lors sans faille, 	sans rencentrer homme ne femme. 	302
353|354	si com il dut issir de forest |qui tot le jor li ot duré, encontra une damoisele 	Sicomme il deust issir dela forest il rencontra une damoiselle grant deul faisant montee sur ung coincte pallefroy. Il salue la damoiselle 	303
355	qui molt faisoit grant duel 		
356	et chevalchoit I. palefroi noir a molt riehe lorain 		
357	et a molt cointe sele de l'oevre d’Engleterre. Il salue la damoisele 		
358|359	et ele lui. « Damoisele, fet il, |kar me dites, 	et lui dit. Dame dictes moy pour quoy uous plourez 	304
360	s’il vos plest, 	sil uous plaist 	305
361	por quoi vos plorés. — 		
362	Certes, sire, fet ele, 	Certes sire 	306
363|364	se je i' cuidoie avoir preu, je le vos diroie. — Damage, fet il, ll’i avrez vos ja, |se Dieu plest, 	se ie y cuidoie auoir prouffit ie uous le diroie. Dommage fait il ny aurez uous ia se dieu plaist. 	307
365	mais dites le moi par covent 		
366|367	que, |se je vos puis aidier a vos esleecier, je vos aiderai a mon pooir. — En non Dieu, sire, fet ele, 	car se ie uous puis aider ie uous aideray a esclercir uostre cueur a mon pouoir. 	308
368	donc le vos dirai je. ll est voirs 	Par dieu sire denc fait elle le uous diray ie. Il fut uoir 	309
369|370	que Meleagans, li fiz al roi Baldemagu, ala a la cort le roi Artu por la roine Genievre conquerre, |s’il peust; 	que meleagant le filz du roy bademagus alla a la court du roy artus pouc la royne genieure conquerre. 	310
371	et endementiers fist tant une damoisele 	En dementiers fist tant une damoiselle 	311
372	qui estoit? sa suer 	qui sa seur estoit 	312
373	qu’ele geta Lancelot d’une tor ou Meleagans l’avoit mis en prison, ne sai por quoi. 	que elle iecta lancelot hors de prison de une tour la |ou il lauoit mis. 	313|314
374	Quant ele l’ot delivré, 	Quant elle leust deliure elle le tint auec elle |tant qu il fut gary: 	315|316
375	si le tint avec li tant 		
376|377	qu’il fu garis, |kar molt avoit eu mesaise en la prison, 	et moult y auoit eu mesaise. 	317
378|379	et puis l’envoia a la cort le roi Artu |ou il ocist Meleagan, ce savons nos or bien.	et puis lenuoia a la court du roy artus la ou il occist meleagant. 	318
380	Mais si tost com li parent sorent 	mais tantost |que ses parens sceurent 	319|320
381|382	qu’ele avoit Lancelot osté de la prison, si distrent |qu’ele l’avoit fait por Meleagan ocirre; 	que elle auoit iecte lancelot hors de prison ilz la occuperent de la mort de meleagant. 	321
383|384	si le pristrent a force |et l’acheisonerent de sa mort 	et fut dit 	322
385|386	et distrent |que, s’ele ne trovoit 	que se elle ne trouuoit 	323
387	qui l’en desfendist. 	qui la deffendist	324
388	qu'il feroient de lui justice si grant com l’en doit fere de cele 	que len feroit de elle telle iustice |que len deuoit faire de femme 	325|326
389	qui son frere ocist. 	qui son frere auoit occis. 	327
390	Et ele dist 	Et elle dit 	328
391	qu’ele troveroit bien 	que elle trouueroit bien 	329
392	qui la desfendroit: 	qui len deffendroit. 	330
393	si mist jor d’amener I. chevalier por li desfendre, 	Si lui fut iour determine de trouuer ung cheualier |pour elle deffendre. 	331|332
394	si s’est puis porchaciee en Pluisors liex,	Et elle a depuis pour chasse en plusieurs lieux 	333
395	mais onques ne trova chevalier 	mais oncques ne trouua cheualier 	334
396	qui ses armes en osast prendre contre celui 	qui ses armes osast prendre centre celui 	335
397	qui apelee l’avoit. 	qui lauoit appelle. 	336
398	Or si est tant la chose alee 	Or est tant la chose allee 	337
399	que li jors est aterminés a hui ; 	que le iour est ennuy termine: 	338
400	si n’a trové la pucele nul desfendeor 	si na trouue nul desfendeur. 	339
401	et por ce dient li un et li autre 		
402	qu’ele est atainte del meffet 		
403	que l’en li met sus : 		
404|405	si l’ont jugiee, |ce m’est vis, a ardoir le matin 	et pource lont iugiee a estre arse au matin 	340
406	et por ce qu’il m’en membroit, 	et cest la cause 	341
407	or em ploroie je si durement, 	qui me fait plourer 	342
408	kar certes ele estoit une des plus cortoises damoiseles ! del monde et une des plus vaillans. — 	car elle estoit une des plus haultes damoiselles du monde: et des plus uaillantes. 	343
409	Or me dites, damoisele, fet Lancelos, 	OR me dictes damoiselle fait lancelot 	344
410	et s’ele trovoit demain 	se elle trouuoit demain 	345
411|412	qui la deffendist, |dont ne seroit ele quite del jugement 	qui la deffendist ne seroit elle pas quicte du iugement. Sire dit elle ie ne scay. 	346
413	que l’en a fet ? — Sire, fet ele, je ne sai. —		
414|415	Et est ce, fet il, gaires loing |que ele est ? — Sire. fet ele, il n’i a que. VI. lieues englesches. 	Et esse fait il gaires loingz dicy. Sire dit elle il ny a que six lieues anglesches/ 	347
416	Se vos leviés demain matin, vos i seriés ains prime. — 	et|se uous partiez demain matin uous y seriez demain a prime. 	348|349
417	Ou le porrai je, fet il, trover ? — Al chastel a, fet ele, de Floego 	Et|ou la pourroie ie fait il trouuer. En la forest de florega:	350|351
418	et cis chemins vos i menra droit, 	et ce chemin icy uous y menera tout droit 	352
419	se vos le volés tenir. — 	se uous le sauez tenir. Il se part de la damoiselle 	353
420|421	Or vos commant a Dieu, damoisele », fet il.|Si s’em part atant 	et la commande a dieu. 	354
422	et cele s’en vet faisant son duel. 	Et celle sen reua faisant son deul. 	355
423	Et il chevalche tant 	et il cheuauche tant	356
424	qu’il vint fors de la forest, 	quil uint hors de la forest 	357
425|426	si vit devant lui une maison de religion |et il torne cele part por herbergier.	si uoit deuant lui une maison de religion.Il tourne celle part pour hebergier. 	358
427	Et quant il i vint, 	Et quant il uint la	359
428	si trueve a la porte IlII. des freres 	si trouua deux freres 	360
429	qui ja avoient chanté complie 	qui auoient chantee complie: 	361
430	et estoient venu hors? al serain; si saillent encontre lui 	et ilz estoient uenus hors au serain |si saillent encontre lui 	362|363
431	por fere descendre 	pour le descendre 	364
432	et dient 	et dient	365
433|434	que bien soit il venus; |si le font entrer laiens 	que bien soit il uenu. aprez lui demandent sil menga huy. Il dit 	366
435|436	et li demandent |s’il a mengié, 	que nenny. 	367
437|438	et il dist que nenil, |et il font erraument mettre la table, 	et ilz font incentinent mettre la table le pain	368
		et le uin dessus 	369
439	mais il dist 	mais il dit 	370
440	qu’il ne mengera devant 	qu il ne mengera deuant	371
441	qu’il ait esté al mostier, 	quil ait este au monstier dire ses oraisons 	372
442	lar il n’i entra hui. 	car il ny auoit huy este 	373
443	Lors entre en l’eglise. por orer 	Lors entre en leglise |et ainsi 	374|375
444|445	et en ce qu’il se fu agenoilliés, |si regarde a destre	quil fut agenoullons si regarde a dextre partie 	376
446|447	et voit unes prones d’argent trop richement fetes a floretes d’or et a oisials et a bestes, |et dedens avoit V. chevaliers armés, les hialmes es testes, les espees es mains, 	et uoit unes prones dargent moult bien faictes a florectes dor a bestes et a oiseaulx de diuerses manieres Dedens auoit cinq cheualiers armez de toutes armes les espees en leurs mains ainsi prestz a deffendre 	377
448	ausi apresté de deffendre 		
449|450	que|se l’en les volsist asaillir. De ce se merveilla molt Lancelos ;	comme se len uoulsist assaillir. De ce se merueille lancelot 	378
451	si se drece erraument 	si se dresse sur piez 	379
452|453	et vet cele part, |si salue les chevaliers	et ua celle part et salue les cheualiers. 	380
454	et il dient 	Et ilz dient 	381
455|456	que bien soit il venus. |Et il entre dedens les prones par un petit huisselet a 	que bien soit il uenu. et lancelot entre dedens les prones par ung petit huysset 	382
457	et esgarde les prones	et regarde les prones 	383
458	qui tant sont riches 	qui tant sont belles et riches 	384
459	qu’il ne cuide pas 	quil ne cuide pas 	385
460	que nus rois les peust esligier; 	que ung roy les peust esligier. 	386
461	puis voit delés les chevaliers une tombe, la plus riche	et uoit delez les cheualiers une tombe la plus riche 	387
462	qui onques fust fete par home, 	que encques feust ueue de nul homme: 	388
463	kar ele ert tote d’or fin a chieres pierres precioses 	car elle estoit de fin or a pierres precieuses 	389
464	qui molt valoient miels d’un grant roialme. 	qui plus ualloient que ung grant royaume. 	390
465	Se la tumbe fu de grant bialté, nient ne monte la bialtés envers la richece 	Et se la tombe fut de grant beaute/ |ce nestoit riens enuers la grant richesse: 	391|392
466|467	dont ele estoit |et avec ce estoit ele la greignor 	et auec ce estoit elle la greigneure	393
468	que Lancelos eust onques veue : 	qu il uist encques. 	394
469	si se merveille molt 	si est moult esmerueillie 	395
470	qui puet estre li princes 	qui pouoit estre le prince 	396
471	qui dedens fu mis. Il demande as chevaliers 	qui fut illec mis. |Et il demande aux cheualiers 	397|398
472	qui sont iluec. « Sire, font il, nos gardons le cors	qui illec sont de quoy ilz seruent. Sire nous gardons le corps 	399
473	qui en ceste tumbe est. 	qui gist dedens ceste tombe 	400
474	qu'il n’en soit portez fors de çaiens;	qu il ne soit porte hors de ceans. 	401
475	si somes. V. 	Si sommes cinq 	402
476	por garder le de jors, par nuit en i a autres. V. 	pour le garder chacun iour: |et par nuit en y a autres cinq 	403|404
477	qui font autretel servise comme nos faisons de jors. — 	qui font autel seruice |comme nous faisens de iour.	405|406
478	Et por quoi, fet Lancelos, avez vos poor 	Et pour quoy auez uous paour fait lancelot 	407
479	qu’il n’en soit portés? — Sire, font il, 	quil ne soit emporte. Sire fent ilz pource 	408
480|481	por ce que uns des freres de çaîens |qui molt est preudom et de sainte vie nos dist n’a encor gaires 	que ung des freres de ceans nous dist na encores gaires 	409
482|483	que uns chevaliers vendroit ceste part |qui a force l’en osteroit 	que ung cheualier uendroit ceste part 	410
484|485	et fors de cest païs l’en feroit porter. |Et nos, gens de ceste terre, voldrions miels morir 	qui a force len osteroit et hors de ce pais le feroit porter et nos gens de ceste terre aymeroient mieulx mourir 	411
486	qu’il fust remués d’entre nos : por ce 	que il fust remue dentre nous 	412
487|488	si le gardons issi com vos veez, |lar li preudom i nos dist 	car le preudomme nous dist 	413
489	que li chevaliers ne demoreroit pas 	que le cheualier ne demouroit pas	414
490	qu’il ne venist — 	quil ne uenist. 	415
491	Or me dites. fet Lancelos, ne fu cil molt haus princes 	Or me dictes fait lancelot. |Ne feust pas cest cheualier hault prince 	416|417
492	a cui l’en fist si haute sepulture? — Sire, font cil, haus hom fu il et riches; avec ce qu’il fu haus hom fu il li plus preudom 	a qui len feist ceste sepulture. Sire font ilz ce fust ung hault homme et riche/ |auec ce fust le plus preudomme 	418|419
493	qui onques fust a son tens. —	qui onques fust en son temps. 	420
494	Ha, Diex, fet Lancelos, 	Haa dieux fait lancelot 	421
495	qui fu il ?— Sire, font il, se vos conoissiés letres, veoir le porriés, 	qui fust il. Sire font ilz sy uous cengnossies lettres bien pouries scauoir|qui il fust/ 	422|423
496	kar ses nons est escris el chief de cele lame. » 	car son nen est escript au chief de celle lame/ 	424
497|498	Lors va Lancelos cele part, |si regarde les letres 	lors ua lancelot celle part sy treuue les lettres 	425
499	qui dient: « 	qui disoient.	426
500	Ci gist Galehout li fiz a la Jaiande, li sires des Lointaignes Isles a, 	Icy gist gallehault le filz a la gayande 	427
501	qui por l’amor de Lancelot morut. » 	qui pour lamour de lancelot mourust/ 	428
502	Et quant il vit ce, 	et il uoit ce 	429
503	si chiet pasmés et gist grant piece a terre sans mot dire; 	si chiet pausme. |et geust grant piece a terre sans mot dire 	430|431
504	et li chevalier le corent relever, 	et les cheualiers le courent releuer	432
505	si se merveillent molt 	si se merueillent 	433
506	qu’il puet estre. 	qui il peult estre. 	434
507	Et quant il revint de pasmison, 	Et quant il est leue de paumoisens 	435
508	si s’escrie: « 	si se escrie et dist/ 	436
509|510	Ha, las! |Quel dolor et quel damage!» 	Helas quelle douleur 	437
511	Et lors fiert l’un poing en l’autre 	quel ennuy	438
512	et esgratine son viaire	et quel dommage/ 	439
513|514	si qu’il en fet le sanc salir de totes pars, |si se prent as chevels 	lors se tourne a part 	440
515|516	et se fiert grans cops del poing en mi le front |et en mi le pis 	et pleure 	441
517	et crie si durement 	et crie monlt durement 	442
518|519	qu’il n’i a celui |qui tote pitiés n’en preigne; 	si que cest pitie de le uoir 	443
520	si se laidenge et maldit l’ore 	et mauldit leure	444
521|522	qu’il fu nes |et dit: « 	qui fust onques ne et dit. 	445
523	Ha, Diex ! 	Haa dieux 	446
524	Quel damage, 	quel dommage 	447
525|526	quel perte del plus preudome del monde |qui mors est por le plus vil chevalier et por le plus malvés 	et quelle parte du plus preudomme du mende. ceulx de leans le regardent a merueilles/ 	448
527	qui onques fust ! 		
528	Tant fet Lancelos grant duel 		
529	que tuit cil de laiens le vienent regarder a merveille; 		
530	si li demandent 		
531	qui il est 		
532	et il ne puet mot dire, 		
533	ains crie totes voies 	ains crie 	449
534	et se debat et descire. 	et se debat et deschire. 	450
535|536	Quant il a son duel demené grant piece, |si regarde les letres 	et apies qu il a son deul demene grant piece il regarde les lettres 	451
537	qui dient 	qui dient	452
538	que por lui est mors Galehout; 	que pour luy mourust galle. 	453
539	si dist 	Si dist 	454
540	que or seroit il trop malvés, 	que ores seroit bien mauuais	455
541	s’il ausi ne moroit por 	sil ne mouroit pour luy. 	456
542	lui:si saut maintenant jus des prones 	Si sault hors du prosne 	457
543|544	et pensa |qu’il iroit querre s’espee 	et dist que il yra querir son espee/ 	458
545	et qu’il s’en ocirroit, 	et que il se occira 	459
546|547	kar ausi avoit ele esté Galehout a, |Et maintenant	quant ainsy est galle. mort pour lui 	460
548	qu’il fu issus del mostier, 		
549|550	si encontra une des damoiseles del Lac, cele |qui a Boort avoit parlé devant le chastel de Honguefort et ele le conuit bien, 	et a lissue du menstier il encentra une des damoiselles a la dame du lac celle a qui boort auoit parle au chastel de honguesfort 	461
551	si le prent par le pan de la cote et l’areste. « 	et celle le print par le poing et le arreste/ 	462
552	Qu’est ce ? fet ele. 	quoy fait elle 	463
553	Ou alés vos ensi ? — 	ou alles uous ainsy/	464
554	Ha, damoisele, fet il, laissiés moi mes dolors finer,	Haa damoiselle fait il laissies moy mes douleurs parfournir. 	465
555	kar jamés n’avroie joie ne repos en cest siecle. — Parlés, fet ele, a moi. » 	car ia mais ne auray ioie ne repos en ce siecle/ |Parles a moy fait elle 	466|467
556	Et il ne li dit mot, 	et il ne luy respent mot 	468
557	ains se lance outre 	ains se lance oultre si	469
558	si qu’il li eschape des mains. 	que il luy eschappe des mains 	470
559|560	Et quant ele l’en vit aler, |si li crie: « Je vos deffent, fet ele, par la rien 	et quant elle le uoit ainsy aller si dist. Sire ie uous deffens de par la riens 	471
561	que vos plus amez en cest monde 	que plus aimes 	472
562	que vos n’ailliés avant tant 	que uous ne alles en auant premier 	473
563	que vos aiés parlé a moi. » 	que aies parle a moy/ 	474
564	Et il s’areste, 	et il sarreste 	475
565	si la regarde 	si la regarde. 	476
566|567	et quant il la conut, |si li dist	Et il la congnoit il dist 	477
568	que bien soit ele venue. « En non Dieu, fet ele, vos me deuissiés fere plus bele chiere 	que bien soit elle uenue. |Eu nen dieu fait elle uous me deussies faire plus belle chere 	478|479
569	que vos ne me fetes, al mains 	que uons ne faictes au moins pource 	480
570|571	por ce que je sui messages vostre dame del Lac. —|Ha, damoisele, fet il, 	que ie suys a uostre dame du lac. damoiselle fait il ne uous desplaise 	481
572	por Dieu ne vos poist, 	et ne cuidiez pas 	482
573	certes je ai tant de dolor 	que iamaiz iaie ioie pour auanture 	483
574|575	que nus for Diex ne me porroit conforter, ne a ne cuidiés |que jamés aie joie por aventure 	qui me puisse aduenir. 	484
576|577	qui me puist avenir. — En non Dieu, fet ele, |si avrois. Escotez 	Eu nen dieu fait elle si aures. 	485
578|579	que ma dame vos mande. — |Or dites, fet il. — Ele velt, fet ele, 	Or escoutes que ma dame uous mande Elle uous mande 	486
580	que vos ostés le cors Galehout de caiens et le fetes porter en litiere en la Dolerose Garde 	que uous ostes le corps de gallehault |qui est ceans et le faictes porter dedens le chastel de la douloureuse garde 	487|488
581	et iluec soit mis en la tombe meismes 	et soit mis en la tombe 	489
582	ou vos trovastes vostre non escrit; 	ou uous trouuastez son nom en escript 	490
583|584	et ele le velt ensi, |por ce qu’ele set bien 	et elle le ueul ainsy pource quelle scait bien 	491
585	que en cel lieu sera vostre cors enterrez. » 	que en ce mesmes lieu sera uostre corps enterre. 	492
586|587	Et quant il l’ot, |si en est molt liés 	Et quant il entent ce sy dist 	493
588|589	et dist |que molt li sont ces noveles plaisans, 	que moult luy sent ces nouuelles plaisans 	494
590|591	kar tot ensi le fera il ; |puis demande 	car tout ainsy le fera il/ puys demande 	495
592	comment sa dame le fet. « 	comment sa dane le fait/ 	496
593	Par foi, fet ele, ele a esté. VIlI. jors deshaitiee trop durement, 	par ma foy elle a este uiii. iours malade durement 	497
594	kar ele trova en son sort, 	car elle trouua en son sort 	498
595|596	si com ele meismes me dist puis, |que si tost com vos troveriés la tombe Galehout, 	que si tost comment uous trouueries la tombe de gal. 	499
597	que vos vos ocirriés de duel, 	que uous uous occiries de deul 	500
598	se vos n’estiés destornez. Por ce m’envoia ele ça a grant besoing, 	et pour ce menuoia elle ceste part 	501
599	si vos mande 	et uous prie	502
600|601	que vos laissiés le duel ester, |qu’il ne vos puet fere se nuire non,	que uous lessies ce deul 	503
602	et vos prie par la rien 	et que pour la riens 	504
603	que vos plus amés 	que uous plus ames 	505
604|605	que vos al plus bel |que vos porrois vos reconfortés, 	que uous uous reconfortes le plus beau 	506
606	et se vos ensi ne le fetes, bien sachiés 	que uous pourres.|et se uous ne le faictes ainsy sachies 	507|508
607	que al premier besoing 	que au premier affaire	509
608	que vos avrois de li, ele vos faudroit. » 	que uous aures elle uous fauldra. 	510
609	Et il dist 	et il dyt 	511
610|611	qu’il se confortera,|puis qu’ele le velt. « 	qui se cenfortera puys quelle ueult. 	512
612	Or vos covient, fet ele, vos armes prendre, 	Or uous cenuient uos armes prendre 	513
613	kar je voi bien 	car le scay bien tant des cheualiers de ceans 	514
614	qu’il ne le vos en lairont mie en pes porter 	quilz ne le uous lesserent point emporter 	515
615|616	tant com il le porront deffendre.» |Et il dist 	tant quilz le puyssent deffendre. 	516
617	qu’il i morroit ançois 		
618	qu’il ne l’ostast de laiens; 		
619|620	si se vet armer |et la damoisele vient tantost as chevaliers 	si sen ua armer tout maintetenant/ et la damoiselle uient aulx cheualiers 	517
621	qui gardoient la tombe, 	qui gardoient la tombe 	518
622	si lor dist: « Seignor, fet ele, volés vos destorner ce	si leur dist. Seigneurs uoulles uous deffendre ce 	519
623|624	qu’il covient estre a force ?» |et demandent 	qui cenuient a estre oste a force/ ie le dys fait elle pour le corps 	520
625	por quoi ele le dist. « Je le di, fet ele, por le cors 		
626	que vos gardez 	que uous gardes	521
627	et si savés bien 	car uous saues bien 	522
628|629	qu’il en sera ostez. — Non sera, font il, |que nos puissons. — En non Dieu, fet ele,	qu il sera oste 	523
630	si iert, 		
631|632	et bien sachiés, fet ele, |que cil est venus 	car celuy est uenu	524
633	qui l’en ostera. 	qui len ostera/ 	525
634	Et se vos le contredites, vos en morrois tuit: por ce vos vendroit il miels 	et se uous centredistes uous en mourres tous. |Et pour ce uauldroit il mieulx 	526|527
635	que vos le laississiés atant, 	que uous le lessies uenir 	528
636	ains que vos vos en façois ocirre. » 	que de uous faire occire. 	529
637	Et cil dient 	Et ceulx dient 	530
638|639	que ja tant com il soient vif n’en sera portés. « |Et bien sache, font il, li chevaliers 	que tant quilz seront uifz ne le lesront emporter. A ces parolles uint leans lancelot tout arme. 	531
640	qui venus est por avoir le, 		
641|642	que s’il estoit encore plus preus |que Lancelos n’est, 	Et	532
643	si n’en menra il point. —		
644	Or verrons, fet ele, 		
645|646	comment il vos en avendra. » A ces paroles vint laiens Lancelos tos armés |et quant li chevalier le voient venir, 	quant les cheualiers le uoyent uenir 	533
647	si li demandent 	si luy demandent 	534
648|649	qu’il velt fere. « Je vueil, fet il, avoir le cors |qui laiens est. — 	que il ueult faire ie uueil auoir fait il le corps 	535
650|651	Par foi, font il, vos ne l’avrois mie por nient. Nos ¡ morrons ançois tuit |que vos l’enportois. — A morir, fet il, en estes donc tuit, 	qui leans gist. 	536
652	puis	Par	537
653|654	que a mains ne vos en volés soffrir !» |Si saut dedens les prones 	ma foy font il uous ne laures point 	538
655|656	et il li corent sus, |kar arrieres le cuident fere sailir por poor de morir; 	ains y mourrent tous que uous lemportes. au mourrir estes uous tous uenus 	539
657	si le fierent par la ou il le pueent ataindre 	puis que a moins ne uous en uoulles passer Ceulx sont dedens les prosnes et il leur court sus incentinent 	540
658|659	et il ot el poing l’espee nue ;|si lor done grans cops et pesans 	et eulx a luy. lancelot tire son espee toute nue 	541
660|661	et fiert le premier |qu’il encontre si durement 	et frappe sur eulx en telle maniere 	542
662|663	que por le hialme ne por la coife de fer ne remaint |qu’il ne li mete l’espee jusqu’al test; 	que le premier 	543
664|665	et il le hurte de soi, |Si l’abat a terre. 	quil attaint il le met par terre. 	544
666|667	Et lors saillent molt irieement tuit li autre, |si depiecent son escu et son hialme et son hauberc 	lors le assaillent les aultres moult uigoureusement: 	545
668	et le blecent en pluisors lieus. 		
669|670	Mais il ne li chaut de rien |qu’il li facent, 	mais peu leur prouffite: 	546
671	kar tant est dolens 	car tant est dolent 	547
672	que nus plus; 	que nul plus. 	548
673|674	si lor laisse corre par grant ire |et lor done de l’espee si grans cops 	si leur laisse courir par grant ire tant que tous les fait reculer de lui. 	549
675	que tos les fet guenchir avant lui.		
676	Et lors esgarde celui des IllI. 	Lors regarde lun des quatre 	550
677	qui plus li faisoit mal et cil estoit molt grans et molt fors; 	qui plus lui faisoit mal a son auiz 	551
678|679	et Lancelos |qui le vient ataignant li done par mi le hialme si grant cop 	si lui donne sur son heaume tel coup 	552
680	qu’il en fet le feu saillir, 	qu il en fait le feu saillir/ 	553
681	et l’espee glace 	et lespee glace	554
682	qui de droit ne fu pas ferue. 		
683|684	si descent desus la senestre espaule. Li cops fu grans et par ire ferus, |et bien i parut 	si descent sur la destre espaulle du cheualier: 	555
685|686	que l’espee cola par mi l’espaule a al chevalier, |si que li bras a tote l’espaule chiet desus le pavement. 	si que le bras lui cheut atout lespee sur le pauement. Celui trebucha a terre et se pasma de langoisse 	556
687|688	Et lors sont molt esmaié li autre troi, |si font molt malvés samblant d’els deffendre por le grant cop	quil sentist. 	557
689|690	qu’il ont veu et por l’espee |que chescuns d’els a ja sentie jusqu’al sanc. 	Lors sont moult esmaiez les autres .iii. 	558
691	Et Lancelos lor cort sus 	et lancelot leur court sus 	559
692	et en fiert I. el hialme 	et en fiert tellement ung ament le heaume 	560
693	si qu’il le fet flatir a terre d’ambesdeus les paumes. 	qu il le fait flatir a terres 	561
694	Et quant li autre dui voient ce, 	Et quant les autres deux uoient ce 	562
695	si tornent en fuies vers l’uis a garison; 	si tournent uers luys a garant. 	563
696|697	et Lancelos vint ataignant le deerrain, |si le fiert par entre l’escu et le bras 	Et lancelot uient attaignant le derrain par entre lescu et le col 	564
698|699	si qu’il li trenche le poing et li escus chiet a terre, |et cil torne en fuies 	si lui trenche le bras: 	565
700|701	qui maheignié se sent. |Et Lancelos vient a l’autre 	et lescu chiet a terre. Lancelot court a lautre	566
702	qui ja se relevoit, sel fiert de l’espee si grant cop 	qui ia se releuoit |et le fiert si grant coup 	567|568
703	qu’il li fet le hialme voler en la place. 	qu il lui fait uoler le heaume de la teste en la place. 	569
704	Et quant cil sent son chief nu, 	Quant celui sent sa teste 	570
705	si cria merci 	nue il crie mercy 	571
706	et dist 	et dit 	572
707	qu’il ne l’ocie pas, 		
708|709	kar il est pres de sa volenté fere. « |Or te covient donc, fet Lancelos, fiancer	qu il est prest de faire sa uoulente. Il te conuient denc promettre dit lancelot 	573
710|711	que tu le cors mon seignor Galehout conduiras a la Dolerose Garde|et iluec le feras garder 	que tu conduiras le corps de gallehaut a la douloureuse garde	574
712	tant que je i viegne; 	tant que ie y uiengne/ 	575
713	et se l’en te demande 	et se len te demande 	576
714	qui t’i envoie, 	qui te y enuoie 	577
715	si diras « cil qui ot les ames blanches le jor 	si dis: celui |qui eut les blanches armes le iour	578|579
716	que li chastials fu conquis. » 	que le chasteau fut cenquis 	580
717|718	Et il li fiance |que tot ensi le fera il. 	et cefui lui promet. 	581
719	Lors prent Lancelos la lame par le plus gros chief, 	Lors prent lancelot la lame par le gros chief 	582
720|721	si tire de grant force |qu’a pou qu’il ne se deront tos, 	et la tire de si graut force 	583
722|723	si que li sans li vole par mi le nes et par mi la boche et li cors li sue d’anguoisse. |Mais por tote la destrece ne remaint	que a peu 	584
724	qu’il n’ait la tombe levee en haut à; mes nule dolors 	quil ne se derompt tout et tant que le corps lui sue dangoisse/ |mais nulle douleur 	585|586
725	qu’il eust onques ne monte rien a cele dolor 	quil eust |mais ne monte riens a celle douleur 	587|588
726	qu’il ot, 	qu il eust 	589
727	quant il vit le cors Galehout tot ensi armé com il estoit; 	quant il uist le corps de gallehaut tout arme ainsi |comme il estoit. 	590|591
728	si trova s’espee delés lui 	Si trouua son espee empres lui 	592
729|730	qui molt estoit et bone et clere; |et sans faille de l’espee meesmes se fust il ocis, 	qui tant estoit benne et belle. et sans faulte il sen eust occiz 	593
731	se la damoisele ne li eust tolue erraument. 	se la damoiselle ne lui eust ostee. 	594
732	Lors fist Lancelos une biere fere de fust 	Lors fist lancelot une biere de fust 	595
733|734	et la fist covrir des plus riches pailes de laiens, |et	et la fist couurir du plus riche drap de leans. 	596
735	quant il l’ot atornee al plus richement 	Quant il leust apointe le mieulz 	597
736|737	qu’il pot, li chevaliers prisons li dist: « Sire, fet il, |se l’en movoit tot de nuis, ce seroit sens. — 	qu il peut le cheualier prisonnier lui dist. Sire il seroit bon de emporter le corps de nuit. 	598
738|739	Por quoi ? fet il. — |Por ce	Pour quoy fait lancelot Pource fait il 	599
740	que, se li chevalier de cest païs savoient 	que se les cheualiers de ce pais sauoient 	600
741|742	que l’en len deust porter, il feroient gaitier les trespas |si qu’il seroit arestés en alcun lieu ; 	que len le deust emporter ilz feroient garder le trespas. 	601
743	et por ce vos loeroie je 	Et pour ce uous conseilleroie 	602
744	qu’il meust orendroit, 	que on partist 	603
745|746	kar il seroit bien eslongiés, |ains qu’il fust jors, XX. lieues englesches.	car il seroit bien eslongnie ains qu il feust iour dix lieues anglesches. 	604
747	Et il s’i acorde bien; 	Et il se y accorde/ 	605
748	si met la litiere sor Il. palefrois amblans 	si met la littiere sur deux pallefrois amblans 	606
749	et enportent ensi Galehout fors de sa region; 	et emportent ainsi gallehaut hors de la maison. 	607
750	si en font li frere grant duel 	Si en ont les freres grant deul 	608
751|752	et molt en sont corocié et dolenta de ce |que l’en l’enporte. 	et sont dolens 	609
753	Et Lancelos le convoie grant piece de nuis, plorant et regretant sa proesce et sa valor 	que on lemportoit. Lancelot le compartie uoie grant piece de la nuit plourant et plaignant|et regrettant sa prouesse et sa ualeur. 	610|611
754	et se ne fust la damoisele 	Et se ne feust la damoiselle 	612
755	qui avec lui estoit molt en eust plus fet	qui auec lui estoit moult en eust fait plus 	613
756	qu’il ne fist, 	quil ne faisoit: 	614
757	mais ele l’en detorna, 	mais elle len destourna. 	615
758	et il deffendi al chevalier 	Et lancelot commande au cheualier 	616
759	que il nel feist en terre metre devant 	qu il ne feust enterre 	617
760	que il fust venus. 	deuant quil uenist. 	618
761|762	Si se part atant li uns de l’autre |et il retorne a l’abeie, 	Si se depart de lui et retourne a la religien se couchier 	619
763|764	si se couche, c’onques la nuit ne volt mengier ne boivre por chose |que l’en li deist, 	et oncques ne uoulut la boire ne mengier. 	620
765	ains plora et dolosa tot adés; 		
766	si li anuioit molt li jors 	si lui ennuya moult le iour 	621
767	qui tant demoroit a venir. a Al matin, 	qui tant demouroit a uenir. |Et au matin 	622|623
768	si tost com li jors aparut, se leva	si tost comme le iour apparust se leua	624
769|770	et oi messe entre lui et la damoisele |et puis s’arma. 	et ouist messe lui et la damoiselle. 	625
771	Lors » li dist ele les noveles de Boort 	Lors elle lui dist nouuelles de boort 	626
772|773	et ce |qu’ele en avoit veu devant Honguefort, 	et que elle lauoit ueu deuant a honguefort 	627
774	et il en fu molt liés. 	et comment il le fait. 	628
775	Et ele li dist: « Sire, il vos vet querant 	et il en fut moult ioyeux. Aprez elle lui dit. Sire il uous ua querant 	629
776	ne jamés ne finera tant qu’il vos avra trové. — Damoisele, fet il, 	ne iamais ne finera deuant quil uous aura trouue. Damoiselle fait lancelot 	630
777|778	se vos le cuidiés trover ains de moi, je vos voldroie proier |que vos feissiés tant por moi 	se uous le trouuez auant que moy ie uous uouldroie prier 	631
779	que vos li portissiés ceste espee 	que uous lui porteissiez ceste espee 	632
780	qui fu mon seignor Galehout, 	qui fut a mon compaignen gallehaut 	633
781	et li dites 	et lui dictes 	634
782	qu’il la DOrt de par moi, 	quil la porte de par moy 	635
783	que molt est bone. » 	car elle est moult bonne et belle. 	636
784	Et ele dist 	Et elle dist	637
785	qu’ele le trovera par tens	que elle le trouuera par temps 	638
786	et bien fera cest message; 	et bien fera ce message. 	639
787	si s’en part atant de lui et il s’en vet droit vers le chastel de Floego, 	Si se part atant de elle |et sen ua uers le chasteau de florega 	640|641
788	si i vint a hore de prime. 	si y uint entour prime. 	642
789	Et il esgarde es pres defors la vile, 	et il regarde es prez hors la uille 	643
790|791	si voit molt grant gent entor le feu |ou l’en devoit ardoir la suer Meleagan», 	si y uist moult grant gent entour ung feu ou len deuoit ardoir la seur de meleagant. 	644
792	et quant il aperçoit le feu, 	Quant il apperceust le feu	645
793	si a poor de la damoisele. 	si eut grant paour de la damoiselle. 	646
794|795	Lors broche le cheval |et vint errant cele part 	Lors frappe le cheual des esperons 	647
796|797	tant com il puet del cheval traire. |Et quant il est venus jusque la, 	et uient celle part. 	648
798|799	si esgarde |et voit la damoisele 	et quant il uoit la damoiselle 	649
800	qui ja estoit amenee al feu por destruire, 	qui ia estoit amenee au feu pour destruire 	650
801	si estoit en pure sa chemise et le tenoient. VI. pautonier, trois d’une part et trois d’autre; 	laquelle estoit en une poure chemise |et la tenoient six pautenniers. trois de une part et trois dautre: 	651|652
802	si n’atendoient a geter le el feu fors le commandement as juges, 	et ne actendent la iecter au feu fors le commandement du iuge 	653
803	et ele ploroit trop durement 	Et elle plouroit moult tendrement 	654
804	et regretoit Lancelot: « 	et regrettoit lancelot: en disant. 	655
805	Ha, gentilx chevaliers Lancelos,	Haa gentil homme lancelot 	656
806	kar pleust ore a nostre Salveor 		
807	que vos seuissiés ceste novele, si fuissiés pres de ci a demie lieue! 		
808	Certes a l’aide de Dieu	car pleust a dieu 	657
809|810	et de la vostre seroie je encore anuit rescosse |malgré tos mes enemis. 	que uous feussiez prez de cy a demy lieue certes a laide de dieu ie seroie rescous se malgre tous mes ennemis 	658
811	Mais vos ne le savés pas a, 		
812	si me covendra ore morir por la vie 	si me conuendra mourir pour la uie	659
813	que je vos sauvai emprés Dieu; 	que ie uous sauuay aprez dieu 	660
814	mais certes il ne m’en poise pas tant por moi 	mais certes dit elle il ne me poise pas tant pour moy 	661
815|816	com il fet por le coros |que vos en avrois, 	comment il fait pour le courroust que uous aurez 	662
817	quant vos le savrois. 	quant uous le saurez 	663
818	Mais ce me reconforte molt 	mais ce me conforte 	664
819	que je sai bien 	que ie scay bien 	665
820	que les damoiseles gaaigneront tant en ma mort 	que les damoiselles gaigneront a ma mort 	666
821	que jamés nule ne vos requerra d’aide 	car iamais nulles ne uous requerrent daide |que uous ne les aidez 	667|668
822	que vos li faillois tant com il vos remenbre de moi, 	tant quil uous souuiengne de moy 	669
823|824	kar vostre cuers est si frans |qu’il ne puet estre sans trop grant merites rendre a totes celes 	car uren cueur est ainsi franc. 	670
825	qui de par moi se reclaiment: 		
826	si m’est avis	Si mest auiz 	671
827	qu’il m’est molt miels a m’ame de morir por loialté fere et por geter de prison si vaillant home comme vos 	quil mest mieulx a lame |pour loiaulle faire et pour ietter de peril ung si uaillant homme comment uous/ 	672|673
828	que vos fuissiés mors par la desloialté de Meleagan 	que se uous feussies mort par la desloyaulte melleagant/ 	674
829	qui en prison vos avoit mis par traïson. » 	qui en prison uous auoit mis. 	675
830	Ensi disoit la damoisele molt tendrement plorant et	AInsi disoit la damoiselle menlt tendrement plourant. 	676
831|832	lors vint Lancelos poignant cele part |ou il la vit: 	lors uient lancelot poignant celle part	677
833	si dist a cels 	si dist a ceulx 	678
834|835	qui le tenoient: « Laissiés la damoisele! — |Por quoi, sire, fet J. chevaliers armés 	qui tenoient la damoiselle/ lessies la damoiselle. pour quoy fait ung cheualier arme 	679
836|837	qui avant saut, le lairons nos ? — |Por ce, fet il, 	qui deuant estoit/ la lesrons ilz. pour ce fait il 	680
838	que vos n’avés droit en li por fere mal. — 	que uous naues nul droit a la faire mourir/	681
839	Si avons, fet cil, si grant 	si auons fait celuy asses grant 	682
840|841	que nos l’avons atainte de murdre |dont je l’apelai, 	car nous lauens actainte de meurdre donc ie lappeloie/ 	683
842	et ele s’en offri a deffendre,	et elle sen offrit a deffendre 	684
843	mais ele ne trova onques 	mes elle ne trouua enques cheualier 	685
844	qui por li en prist escu et ce n’est pas merveille, 	qui pour elle portast escu/ |et ce nest pas de merueille 	686|687
845	que chescuns set bien 	car chascun scait bien 	688
846	quele en a desloialment ovré. — De quoi ? fet Lancelos. — De ce, fet il,	quelle a desloyaument ouure de quoy fait lancelot/ de oster lancelot de prison 	689
847	qu’ele delivra Lancelot por Meleagan ocirre, son frere. — Se vos, fet Lancelos, osiés mostrer 	pour occire melleagant son frere Adenc dit lancelot |se uous uoullies dire 	690|691
848	qu’ele eust fet traïson ne murdre, je seroie pres del deffendre. — 	quelle aist fait traison ou meurdre ie suys prest de prouuer a lencontre. |Et pourtant aduises se deffendre le uoulles. 	692|693
849	Qui estes vos? fet cil. — Uns chevaliers sui, fet Lancelos, 	Qui estes uous fa⟦i⟧t celuy/ cheualier suys fait lancelot	694
850	qui vieng ceste part por ceste damoisele deffendre. —	qui uiens uers ceste part |pour deffendre la damoiselle. 	695|696
851	Par foi, fet cil, 	Par ma foy	697
852	se je voloie, il ne m’en covendroit ja combatre, 	se ie uoulloie il ne men conuendroit ia deffendre. 	698
853	kar des ier en est ! ele atainte, 	car des hyer elle estoit attaincte 	699
854|855	puis qu’ele ne pot trover |qui la deffendist, 	puis quelle ne pouoit deffence trouuer/ 	700
856	mais je sent ma querele a si loial et si droituriere 	mes ie sens ma droicture si loyalle 	701
857	qu’il n’a chevalier el monde vers cui je ne l’osaise bien prover au ? grant droit 	quil n y a cheualier eu monde contre|qui ie ne losasses bien prouuer. 	702|703
858	que je i ai. — En non Dieu, fet Lancelos, 		
859|860	or i parra, |que je sui pres que je la desfende vers vos. — Voire, fet cil, par mon chief, 	Eu nen dieu fait lancelot ie suys tout prest de la deffendre uers uous/ uoire dist celuy/ par mon chief 	704
861	et vos en morrois comme traitres et desloials. »	et uous en moures comment traictre et desloyal/ 	705
862	Lors traient la damoisele loins del feu 	Lors est la damoiselle reculee du feu/ 	706
863|864	et li chevalier s’entreslongent li uns de l’autre, |si s’entrevienent 	et les cheualiers se eslongnent et puys uiennent lun contre laultre 	707
865	si tost com li cheval pueent aler	tant come cheuaulx peuent courre/ 	708
866	et s’entrefierent des glaives si durement 	et sentrefierent si durement 	709
867	qu’il les font voler en pieces;	que les lances uollent en pieces. 	710
868	puis s’entrehurtent si des cors et des visages 		
869	qu’il n’i a celui		
870	qui tos ne soit estordis et desconreez. 		
871|872	Mais li chevaliers par est si estonés |qu’il ne se puet tenir en sele, 	mes le cheualier ne se peult tenir en la selle/ 	711
873|874	ains vole jus del cheval |et al parchaoir feri li quins del hialme en la terre, 	ains uolle ius du cheual/ et au choir ferit le coing du feaulme a terre 	712
875	si qu’a bien pou qu’il n’a le col brisié. 	si que a pou|quil na le col brisie. 	713|714
876|877	Et|quant Lancelos a fet son tour, 	Et quant lancelot le uoit 	715
878	si descent, 	si descent a pie 	716
879|880	kar honte li seroit de requerre a cheval celui |qui est a pié; 	et tire son espee 	717
881|882	si trait l’espee|et cort sus a celui 	et court sus a celuy 	718
883	qui ja se relevoit, 	qui ia se releuoit/ 	719
884	si li done par mi le hialme tel cop 	si luy denne tel coup sur le chief 	720
885	qu’il le fet a terre flatir des paumes et des genols ; 	qui le fist flattir a terre des palmes et des genoulz 	721
886	puis recuevre I. autre cop et le fiert 	puis recouure ung autre coup |et le fiert 	722|723
887|888	si qu’il le fet tot parchaoir |et le prent par le hialme, 	si quil le fait parchoir/ apres le prent par le heaulme 	724
889	si le traine jusqu’al feu 	et le traine iusques au feu/ 	725
890	et le gete dedens.	si le iette dedens 	726
891|892	Et cil estoit si estordis |et tant avoit perdue la force del cors 	et celuy estoit si estourdi 	727
893	que relever ne se pot, 	quil ne se pouoit remuer 	728
894	si le covint remanoir el feu	si luy conuient demourer au feu/ 	729
895	et morir en tel maniere. 	et mourir en telle maniere.	730
896	Et lors vienent avant cil 	Lors uiennent ceulx 	731
897	qui le champ gardoient, 	qui gardoient le champ 	732
898	si dient a Lancelot 	et dient a lancelot 	733
899	qu’il en a assés fet et li rendent la damoisele saine et haitiee, 	quil en a asses fait |si luy rendent la damoiselle saine et haictiee	734|735
900	et il la fet vestir,	et il a fait uestir 	736
901	puis li demande 	puis luy demande 	737
902|903	qu’ele velt |qu’il face mes. « Sire, fet ele,	que elle ueult plus. Sire fait elle ie uueil 	738
904	que vos me menés a salveté a mon chastel. » 	que uous me mettes a sauuete en mon chastel/ 	739
905	Et il dist que volentiers: 	et il dist 	740
906|907	si le fet monter |et le conduit jusqu’al chastel	que si fera il uoulentiers sy la cenduit au chastel 	741
908|909	ou ele l’ot gardé maint jor. Li chastials avoit non Galefort|et seoit sor une petite riviere, 	ou elle uoulloit aller. 	742
910	si estoit molt aaisiés de totes choses et fors a merveille, 	et ou elle lauoit garde maint iour |et auoit nen gallasfort/ 	743|744
911	Et quant Lancelos vint la, il ne fet pas a demander 	Et quant lancelot uint la il ne feist mie a demander 	745
912	se l’en li fist joie, 	se on luy fist grant chere. 	746
913	kar cil del chastel savoient ja bien 	Car ceulx du chastel sauoient ia bien 	747
914|915	que lor dame estoit delivree par I. chevalier|qui o li venoit. 	comment leur dame estoit del iuree par ung cheualier 	748
916	Et quant il le virent, 		
917|918	si le reçurent a si grant joie |com se ce fust Damedieu meismes 	qui auec elle uenoit sy le recheurent eomment sil eust este dieu 	749
919	et s’agenoillent tuit devant lui 	et se agenoullerent deuant luy 	750
920	et crioient a une vois tuit ensamble : « Sire, sor tos cels del monde soiés vos bien venus, 	et crioient tous a une uois. Sire sur tous ceulx du mende uous soyes le bien uenu 	751
921	qui nostre grant duel avés torné en grant joie !» A tel feste ont laiens Lancelot receu 	quy nostre grant deul aues tourne en ioye. A telle feste ont leans lancelot receu. 	752
922	et quant il ont la damoisele descendue devant son mestre palés, 	Et quant il eust cenuoiee la damoyselle iusques deuant son maistre pallais/ 	753
923	si s’en volt aler maintenant, 	si sen ueult lancelot aller 	754
924	kar il n’estoit mie encore plus de tierce. 		
925	Mais ele le prist al frain 	mes elle le print au fraing 	755
926	et le fist descendre a fine force a 	et le fist demourer a forche/ 	756
927|928	et dist: « |Par Sainte Crois. vos ne m’eschaperois mie ensi. » 	et luy dist. Tresdoulx cheualier uous ne me eschapperes pas ainsy. 	757
929	Lors le commande a desarmer et vaslet saillent avant por fere son commandement a; 	Lors commande quil soit desarme. |Et uarletz saillent 	758|759
		pour faire son commandement 	760
930	et tantost com il ot son hialme osté 	et tantost |quil eust son heaulme oste 	761|762
931	et ele le conut, 	si le cengneust bien 	763
932	si li cort les bras tendus 	si luy sault les bras tenduz 	764
933	et le volt baisier en la boche, 	et le uouloit baisier en la bouche 	765
934	quant il li guenchist, 	quant il se destourna	766
935|936	et ele li baise la face et le col et le menton, |puis que autre chose n’em puet avoir ; 	et elle luy baise le col/ 	767
937|938	si plore de pitié |et li dist: « 	et puys pleure de pitie et dist/ Gentil cheualier 	768
939	Ha, gentilx chevaliers, 		
940|941	tant vos avoie desirré a veoir ains |que je moreuisse! 	tant ie uous auoye desire a uoir auant que ie mourusse/ 	769
942|943	Mais comment l’avez vos puis fet?,|Et il li dist : « Bien, Dieu merci. — 	et comment uenistes ceste part/ 	770
944	Et ceste part, fet ele, 		
945|946	comment venistes vos, |qui avant ier vos en partistes ? — 	car auant hyer uous en partistes. 	771
947|948	Par foi, fet il, une grant acheison. m’i amena. »|Si li conte comment. I. chevalier o unes armes vermeilles l’avoit apelé de traïson a la cort le roi Artu por la mort de Meleagan; 	Par ma foy fait il ung cheualier a unes armes uermeilles ma appelle de traison en la court du roy artus. pour la mort de melleag. 	772
949	si l’en covient a deffendre en la cort le roi Baudemagu. « 	si men conuient a deffendre en la court du roy bademagus/ 	773
950	Ha, fet ele, je sai bien 	Haa fait elle ie scay bien 	774
951|952	qui il est. |C’est Argodras li Ros et li chevaliers 	qui il est cest argorindes le roux/ et le cheualier 	775
953	que vos avés hui ocis et ars estoit ses freres; 	que uous aues occy et ars estoit son frere/ 	776
954	si ne sai 	si ne scay 	777
955	que vos puissiés fere, 	que puissies faire/ 	778
956	kar se mes peres set que vos aiés ocis Meleagan, je criem	car se mon pere scait |que uous aies occis melleagant ie crains 	779|780
957|958	qu’il ne vos face ocirre por le grant duel |qu’il avra des noveles. — 	quil ne uous fache occire. 	781
959	Coment ? fet Lancelos, nel set il mie encore ? — 	comment fait lancelot. ne scait il pas encore 	782
960	Certes, sire, nenil; 	qui se a fait. |se maist dieux nennil fait elle 	783|784
961	si est Meleagans en cest païs aportés plus a de XV. jors 	Si est melleagant apporte en ce pays .xu. iours a passes/ 	785
962	et est el chastel des Illl. Pierres et le gardent iluec si celeement 	et est au chastel des quatre pierres. |Et le gardent illec si celleement 	786|787
963|964	que li rois n’en set encore riens:|si en covendra esploitier al plus sagement que vos porrois. Mes a	que se roy nen scait encores riens: mes dictes moy a 	788
965	quant est li jors que vos vos en devés deffendre? » 	quant est le iour |que uous uous deuez deffendre. 	789|790
966	Et il dist 	Et il dit 	791
967	que c’est le jor de la Magdalaine. « 	que cest au iour de la magdalaine. 	792
968	Or vos en conseut Diex, fet ele. 	Or uous conseille dieu fait elle: 	793
969	kar j’ai grant poor 	car iay grant paour	794
970|971	que Argodras ne vos face anui par traïson. — De ce, fet il, n’aiés ja garde! Tot son pooir en face, |que je n’en avrai ja poor. » Assés parlerent cele nuit de maintes choses a et molt firent cil del chastel grant joie de lor dame 	que agarindes ne uous face auoir quel que trayson. De ce fait il naiez ia paour. Assez parlent celle nuit de plusieurs choses et menlt firent ceulx du chasteau grant feste de lui et de leur dame 	795
972|973	qu’il cuidoient avoir perdue, |et or l’ont saine et haîtie 	quilz cuidoient auoir perdue. 	796
974	Et al matin, 	Et au matin 	797
975|976	si tost|com li jors parut cler, se leva Lancelos 	si tost comment le iour apparut se leua lancelot 	798
977|978	et se parti de la damoisele, |quant il fu armés; 	et print congie de la damoiselle. 	799
979	et ele le commande molt a Dieu 	Et elle le commanda a dieu 	800
980	et li pria 	et lui pria 	801
981	qu’il s’en revenist par li al repairier; 	quil reuenist par elle au repairier. 	802
982	et il dist 	Et il dit 	803
983	que si feroit il, 		
984|985	s’il pooit. |Si se remet en son chemin 	que si feroit il sil pouoit. Il se met en son chemin 	804
986	et eirre tot le jor jusqu’al vespre 	et erre iusques au soir. 	805
987	et lors aproche d’une riviere 	Lors approuche de une riuiere 	806
988	que l’en apeloit Aglonde, 	que len appelloit aglondes/ 	807
989	si en estoit l’eve molt parfonde et molt noire. 		
990	Et quant il vint pres de l’eve, 		
991	si vit trois paveillons tendus pres de la rive; 	si uoit trois paueillons tendus pres de la riuiere. 	808
992	si en estoit li uns grans et bials et li autre dui estoient moien. 	si en estoit ung grant et blanc et les autres deux estoient noirs. 	809
993	Et lors issi del greignor paveillon I. chevaliers tos desarmés 	Et lors issist dun paueillen ung cheualier tout arme 	810
994	qui li dist que bien soit il venus, 	qui lui dist |que bien soit il uenu. 	811|812
995|996	et il li rent maintenant son salu. «|Ha, sire, fet il, vos me samblés chevaliers errans 	Et il lui rent son salut. Beau sire uous semblez cheualier errant: 	813
997	et je aim tos cels 	et iayme tous ceulx 	814
998	qui en tel mestier usent lor vie, 	qui en telle maniere usent leur uie: 	815
999	kar je meismes sui chevaliers errans 	car moy mesmes suis cheualier errant. 	816
1000|1001	et por ce vos vueil je proier |que vos herbergiés anuit mes o moi; 	Et pour ce quil est temps de se hebergier uous censeille ie 	817
1002	kar se vos passés avant de ci, vos ne troverois se forest non, si salvages 		
1003	que vos i porrois tost desvoier. 		
1004	Et il est bien tens de herbergier, 		
1005|1006	ce veés vos bien : |por ce vos lo 	que uous demour⟦e⟧z/ 	818
1007|1008	que vos remanois et vos avrois ostel bel |et buen tot a vostre voloir. — 	et uous aurez hostel tout a uostre uoulente. Beau sire fait lancelot ie demoureray 	819
1009	Bials sire, fet Lancelos, 		
1010|1011	puis qu’il vos plest, je remaindrai |et por vostre proiere et	puis quil uous plaist.	820
1012|1013	por ce que vos dites |que vos estes chevaliers errans. a,	et que uous dictes que uous estes cheualier errant. 	821
1014	Lors descent et vaslés saillent des autres paveillons, 	Lors descent de son cheual/ |et uarletz saillent des autres paueillens 	822|823
1015	si le desarment et li aportent I. mantel de samit legier a afubler por le chaut	si le desarment et lui apportent ung manteau de samit |pour affubler pour le chault 	824|825
1016	qui grans estoit ; 	qui grant estoit. 	826
1017|1018	si le mainent el grant paveillon avec l’autre chevalier. |Et lors parlerent ensamble 	Si le mainent au grant paueillon. lui et le cheualier sentreacointerent 	827
1019|1020	et s’entracointierent |et demanda li uns a l’autre de son estre ». Li chevaliers enquiert a Lancelot 	et demanda lun a lautre 	828
1021	dont il vient 	dont ilz estoient: 	829
1022|1023	et ou il vet |et quele aventure le maine si sol,	et quelle auanture le menoit si seul. 	830
1024	et il li conte une partie de son estre 	Et il lui compte de son estre une partie 	831
1025	et autre l’en çoile e; 	et lautre lui en celle: 	832
1026	et totes voies li dist 	et toutesfois dit il 	833
1027	que en la cort al roi Baudemagu voldroit estre por soi deffendre vers un chevalier 	que en la court du roy bademagus uouldroit il estre pour ung cheualier 	834
1028	qui l’a apelé de traïson. 	qui lauoit appelle de trayson. 	835
1029|1030	En ce qu’il parloient ensi, orent li escuier mise la table, |si vont laver; 	Et ainsi qu ilz parloient len mist les tables. ilz lauent leurs mains 	836
1031	si s’asiet Lancelos et li chevaliers et une damoisele 	et puis se assient le cheualier et lancelot: 	837
1032	qui molt ert bele 	et une damoiselle moult belle/ 	838
1033	et estoit amie al seignor de laiens; 	laquelle estoit amie au cheualier de leans. 	839
1034	si mengierent tuit troi ensamble. mes cele 	Si mengerent tous trois ensemble: |mais celle 	840|841
1035|1036	qui Lancelot esgarde ne se puet saoler de lui veoir, |Kar tant li samble bials 	qui lancelot regarde laisse le boire et le mengier pour la grant beaute 	842
1037|1038	qu’ele ne prisa onques mes bialté d’ome envers cesti : |si l’esgarde si viselment 	que elle uoit en lui/ 	843
1039	que tot en laisse le mengier n’a autre chose n’entent. fors a lui remirer. 	si que a autre chose ne entent. 	844
1040	Si ont li escuier osté le premier mes de sor la table c’onques la damoisele n’en tasta, 	si ont les escuiers oste le premier mes |que encques la damoiselle nen tasta ains pensa a lancelot: 	845|846
1041|1042	ains pensa totes voies.|Et en cel pensé li descent el cuer une si grant amor	et en celle pensee lui descendoit une telle amour au cueur 	847
1043	qu’ele aime Lancelot outre ce 	que elle ayma lancelot oultre 	848
1044	que feme n’ama mes home; 	que femme ne ayma oncques homme. 	849
1045	si li est avis 	Si lui est auiz 	850
1046	que s’il l’amoit 	que sil laymoit 	851
1047	qu'ele seroit beneuree. 	quelle seroit trop eureuse.	852
1048	Mais ci endroit n’em parole plus li contes, 	Mais cy endroit plus nen parle le compte 	853
1049	kar ça avant le devisera 	car cy aprez le uous deuisera 	854
1050|1051	et comment ele l’ama merveillosement |et comment ele le proia et la merveille 	et comment elle layma merueilleusement. 	855
1052|1053	que ses amis en fist, |quant il sot 	et comment elle mourut pource	856
1054	qu’ele l’amoit, 	quil la refusa 	857
1055|1056	et comment cele morut|por ce 	Comment lancelot rescouist le frere du cheualier 	858
1057	qu’il la refusa, tot ce vos trespassera li contes ci endroit por deviser une aventure 	qui lauoit logie. 	859
1058|1059	qu’il lor avint el paveillon |ou il estoient. 	Et comment il se deffendist centre argondes. 	860
1060	Ci dist li contes 	et puis alla a la douloureuse tour faire enterrer le corps de galle .iiii.xx.xu. LE compte dit 	861
1061|1062	que, quant il orent le secont mes eu, es vos un chevalier armé d’unes armes vermeilles |qui vint corant par devant le paveillon o grant compaignie de chevaliers. 	que quant ilz eurent eu le second mes uecy ung cheualier arme de armes uermeilles courant par deuant le paueillon a grant compaignie de cheualiers 	862
1063	Et cil as armes vermeilles 		
1064	qui devant venoit entre el paveillon a et voit. I. escuier 	et il entra au paueillon |et uist ung escuier 	863|864
1065	qui servoit a la table, 	qui seruoit a la table 	865
1066|1067	si estoit freres al chevalier de laiens. |Et il cort maintenant cele part, 	qui estoit frere au cheualier de leans. Il le prent par les espaulles 	866
1068	si le prent par les espaules 		
1069	et le lieve devant lui sor l’arçon de la sele, si s’en torne a tot. 	et le met deuant lui es arcons de sa selle |si sen ua atout. 	867|868
1070	Et quant cil del paveillon voit ce. si crie a Lancelot: « 	Et quant celui du paueillon uoit ce |si crie a lancelot. 	869|870
1071	Ha, bials sire, je sui mors, se cil enporte ensi mon frere, 	Haa sire ie suis mort |se celui emporte mon frere/ 	871|872
1072	kar il l’ocirra, 	car il loccira 	873
1073	s’il n’est secors: 	sil nest secouru 	874
1074	si vos pri por Dieu 	Si uous prie pour dieu 	875
1075	que vos i metés paine. » 	que uous mettez paine a le secourir 	876
1076	Et Lancelos saut de la table 	Et lancelot sault hors de la table 	877
1077	et demande ses armes, 	et demande ses armes, 	878
1078	et I. escuiers vint avant,	et ung escuier uint a lui 	879
1079	si li dist : « 	et lui dist. 	880
1080	Par foi, sire, vos armes et vostre cheval enmainent il ! — Voire, fet il. par mon chief, ja	Par ma foy sire uoz armes emportent il. |Par mon chief pour ce ne ne demourra il pas	881|882
1081|1082	por ce ne remaindra |que je nes sieve.» 	que ie ne le suiue. 	883
1083|1084	Lors vient fors del paveillon |et li chevaliers o lui 	Et lors sault hors du paueillen et le cheualier auec lui Ilz regardent ceulx 	884
1085	et il esgarde cels 		
1086	qui s’en vont 	qui sen uont 	885
1087|1088	qui ja avoient passé l’eve par J. pont de fust;|et Lancelos demande al chevalier 	qui auoient ia passe leaue par ung pont de fust. Lancelot demande au cheualier sil demourra. Sire fait il nenny 	886
1089	s’il remaindra. « Sire, fet il, nenil,		
1090	ains vos ferai compaignie tant que nos aions trové 	ains uous feray compaignie |tant que uous aiez trouue 	887|888
1091	qui armes vos baut. » 	qui armes uous baillera. 	889
1092	Lors acueillent lor voie tot a pié 	Lois uiennent au pent tout a pie 	890
1093|1094	et vienent au pont, |si passent outre 	et passent oultre 	891
1095	et s’adrecent a I. tertre 	et se adrecent a ung terte par	892
1096	par ou li chevalier s’en vont; 	ou les cheualiers uont. 	893
1097	si n’ont gaires alé 	Si ne ont gaires alle 	894
1098	quant il encontrent I. chevalier armé d’unes armes noires 	quant ilz encontrent ung cheualier arme dunes armes noires 	895
1099|1100	qui venoit al pont par I. chemin de travers. |Et quant il voit Lancelot, 	Quant il uist lancelot il se arresta pource 	896
1101	si s’areste por ce que bien le conoissoit, 	qu il le congnoissoit bien 	897
1102	si li demande 	et lui demanda 	898
1103	ou il vet ensi a pié tos desammés. « 	ou il alloit ainsi a pie tout desarme. 	899
1104|1105	Qui estes vos, sire chevaliers, fet Lancelos, |qui me demandés 	Quest ce fait lancelot demandez uous	900
1106	ou je vois ? — Je sui, fet il, I. chevaliers d’estrange païs, 	ou ie uois. Oy sire |si suis ung cheualier destrange pais 	901|902
1107|1108	mais molt me merveil de ce |que je vos voi ensi aler. » 	qui moult me merueille de uous uoir aller ainsi. 	903
1109	Et Lancelos li conte 	Et lancelot lui compte	904
1110	comment il estoit herbergiés et	comment il estoit hebergie: 	905
1111|1112	comment I. chevaliers vint laiens |ou il menjoit, 	et comment ung cheualier uint la ou il mengoit 	906
1113	qui prist a force I. vaslet 	qui print a force ung uarlet 	907
1114	et le mist sor le col de son cheval. «	et le mist sur le col de son cheual. 	908
1115	Et encore m’a il plus meffet, fet Lancelos, 	Et encores y a il plus fait lancelot	909
1116	kar cil 	car ceulx 	910
1117	qui avec lui vindrent enporterent mes armes 	qui auec luy sont emportent mes armes 	911
1118	et enmenerent mon cheval. — 	et emmainent mon cheual/ 	912
1119|1120	Quel guerredon, fet cil, |porroie je atendre de vos, 	quel guerdon fait celuy pouroie ie auoir de uous se ie me desarmoye 	913
1121|1122	se je por vos me desarmoie |et vos bailloie mes armes et mon cheval ? — 	et uous bailloie mes armes et mon cheual/ 	914
1123	Certes, fet Lancelos, tel com vos deviseriés. — Se vos, fet il, el premier lieu 	certes fait lancelot: |tel comme uous deuiseres/ se fait il au premier lieu 	915|916
1124|1125	ou je vos troverai armé, |por que je soie desarmés, me creantés a doner vos armes » Ie vos bailleroie les moies. — 	ou ie uous trouueray arme me promettes a bailler uos armes ie uous bailleray les miennes 	917
1126	Certes, fet Lancelos, 	Certes fait lancelot 	918
1127	si ferai je, 	si feray ie pourtant 	919
1128	por que vos ne me truisiés combatant. » 	que uous ne me trouues combatant/ 	920
1129	Et cil descent maintenant, 	et celuy deschent maintenant 	921
1130|1131	si se desarme et baille a Lancelot tot son hernois, |et il s’en appareille 	sy se desarme et baille tout son harnois a lancelot 	922
1132	et monte en son cheval, 		
1133	puis dist a son oste 		
1134|1135	qu’il s’en retort; Imes il dist |que non fera. « 	et il sen appareille 	923
1136|1137	Si ferois, fet Lancelos a lar je conoistrai bien les armes a celui |que je vois querant en quelque lieu je les truisse. 	et mente sus le cheual 	924
1138|1139	Et cil dist, |puis qu’il velt, s’en retornera: 	et fait retourner son hoste 	925
1140	si s’en vet 		
1141	et enmaine o lui le chevalier 		
1142	qui molt est liés de ce 		
1143|1144	que Lancelos li doit I. guerredon. |Et Lancelos aquelt son chemin aprés cels 	et prent congie de luy. lancelot print son chemin apres ceulx 	926
1145	que ? il sieut tant 	qui sen uont tant 	927
1146	qu’il est venus el tertre en haut 	quil est uenu eu tertre en hault/ 	928
1147|1148	et lors voit devant lui la forest|que l’en apele la forest des Trois Perilx, 	et lors uoit deuant luy la forest des trois perilz 	929
1149	et ce por quoi ele fu ensi apelee devisera bien li contes ça avant. 	et ce pour quoy elle est ainsy appellee deuisera bien le compte cy en auant. 	930
1150	Quant il fu amont el tertre, 	QUant il fust amonlt eu tertre 	931
1151|1152	si esgarde devant lui, |mais il ne voit nul de cels 	si regarde deuant luy 	932
1153	que il queroit, 		
1154|1155	kar il s’estoient ja ferus en la forest. |Et totes voies sieut il les esclos des chevals	et suyst les pas des cheuaulx tant	933
1156	tant que il vient a l’entree de la forest; 	quil uint a lentree de la forest/ 	934
1157	et lors encontre une damoisele tote chenue 	et lors encentra une damoiselle toute chanue 	935
1158	qui chevalchoit molt cointement 	qui cheuauchoit menlt coinctement toute descheuelee/ ses tresches entre ses espaulles 	936
1159	et estoit tote deslie, ses treces par ses espaules comme pucele 	comment une pucelle 	937
1160|1161	et avoit en son chief l. chapel de roses, |kar c’estoit entor la Saint Johan. Il le salue 	et auoit sur son chief ung chapiau de roses/ il la sallue 	938
1162	et ele li dist 	et elle luy dist 	939
1163|1164	que bone aventure li doinst Diex. « Damoisele, fet il, me savriés vos a dire |quel part uns chevaliers o unes armes vermeilles s’en vet ? — En non Diex, fet ele, je le vos enseigneroie bien, 	que bonne aduanture luy dennast dieu damoiselle fait il aues uous point ueu passer par cy ung cheualier a unes armes uermeilles. Eu nom dieu fait elle se ie uoulloie ie uous lenseigneroie bien dictes le moy fait il par tel conuenant 	940
1165	se je voloie. — Dites le moi, fet il, 		
1166|1167	par covent |que je soie vostre chevaliers el premier lieu 	que ie soie uostre cheualier au premier lieu 	941
1168	ou vos me requerrois. — 	que uous me requerres/ 	942
1169	Se vos me creantés, fet ele,	se uous me promettes 	943
1170|1171	que vos me sievrois de quel hore |que vos en semoigne, je le vos enseignerai. » 	que au pre/ mier lieu ou ie uous requesray uous me aideres ie uous lenseigneray/ 	944
1172	Et cil li creante, 	et il luy promet/ 	945
1173|1174	dont il se repenti puis molt durement tel hore fu. « |Or alés, fet ele, tot cest chemin», 	denc depuys sen repentist/ 	946
1175	si li mostre I. sentier estroit 		
1176|1177	qui aloit al travers de la forest. « |Si ne tornés, fet ele, de nule part 	Or alles fait elle tout ce chemyn en trauers de la forest sans tourner de nulle part. 	947
1178	et quant vos avrois alé entor demie lieue, 	Quant uous aures cheuauche enuiron demye lieue 	948
1179	si verrois delés I. vivier trois paveillons tendus. La dedens troverois le chevalier 	si uerres de les une riuiere trois pauillons la dedens trouueres le cheualier 	949
1180	que vos querés 	que uous demandes 	950
1181|1182	que l’en apele Arramant le Gros; |si le conoistrois a ces enseignes 	et len lappelle arrement le gras et le cengnoistres a telles enseignes 	951
1183	qu’il a en mi le front II. plaies. 	quil ha deux playes au frent/ 	952
1184	Or vos en poés aler, 	or uous en poues aller 	953
1185	mais que vos m’aiés dit vostre nom. » 	mes que mayes dist uostre nen/ 	954
1186	Et il se nome molt a envis 	et il se nomme monlt enuiz 	955
1187	et totes voies li dist 	et dist 	956
1188	qu’il a non Lancelot del Lac. « Alez a Dieu », fet ele. Atant s’en part 	quil a a nen lancelot du lac. 	957
1189	et s’en vet tot le chemin 	A tant sen ua lancelot tout le chemyn 	958
1190	qu’ele li avoit enseigné, 	quelle luy a enseigne/ 	959
1191	si grant aleure com il plus puet del cheval traire,		
1192|1193	tant que il atainst les chevaliers |que il sievoit. 	tant quil attaint le cheualiee 	960
1194	Et cil lor i escrie si haut 	si luy escrie si hault 	961
1195	que bien porent oîr, 	que bien le peult ouir 	962
1196|1197	et maintenant li vient acorant li uns d’eus, l’escu al col, le lance el poing, |et fu armés de totes armes. 	maintenant luy uient a lencontre lun de lautre lescu au col la lance au poing armes de toutes pieces/ 	963
1198|1199	Et Lancelos le fiert |si que pour le hauberc ne remaint 	et lancelot le fiert si durement 	964
1200|1201	qu’il ne li met par mi le cors le fer del glaive |si l’empaint bien com cil 	quil luy met le fer du glaiue parmy le coprs 	965
1202|1203	qui assés ot et cuer et force: |si le porte del cheval a terre et retrait son glaive a lui; 	si le porte a terre/	966
1204	si voit I. autre venir tot appareillié de joster 	et uoit ung aultre uenir tout prest de iouster 	967
1205	et il nel refuse pas, 	et il ne le reffuse pas/ 	968
1206	ains li torne le chief del cheval, 		
1207	et cil 	et celuy 	969
1208	qui vint acorant li done tel cop en l’escu 	qui uient accourant luy donne tel coup sur son escu 	970
1209	que tote sa lance vole en pieces. 	que sa lance uolle en pieces. 	971
1210	Et Lancelos, 		
1211	qui un poi porta sa lance bas. l'ataint par desus l’arcon de la sele,	et lancelot porte la sienne ung pou plus bas |si la actaint 	972|973
1212	si le fiert 	et le fiert si durement 	974
1213	si que les mailes del hauberc ne pueent soffrir le grant cop 	que les mailles du haubers ne peurent le coup souffrir	975
1214|1215	que li glaives ne li voist par mi le cors |si que li fers pert d’autre part; 	que le glaiue ne lui uoit parmi le corps 	976
1216|1217	si l’empainst si durement|qu’il le porte a terre et lui et le cheval. 	si quil porte luy et le cheual a terre. 	977
1218	Et lors dient cil 	Et lors dient ceulx 	978
1219	qui devant s’en aloient 	qui deuant sen alloient 	979
1220	que molt joste bien li chevaliers, 	que monlt iouste bien le cheualier. 	980
1221|1222	quant. Il. de lor meillors compaignons a ensi abatus. |Et Lancelos laisse corre a els tos 	Quant lancelot eust rompu sa lance il mest la maina lespee 	981
1223	qui encore estoient nuef; 		
1224|1225	si ot l’espee traite, |por ce que ses glaives estoit brisiés al chevalier 	et lesse courre uers les aultres 	982
1226	qu’il ot derrainement abatu ; 	qui estoient uingt. 	983
1227	si lor detrenche lor escus 	si leur despiece escus 	984
1228|1229	et lor depiece lor hialmes |et lor ront les haubers sor les bras et sor les espaules; 	et detrenche leurs heaulmes/	985
1230	si fet tant par sa proesce 	et fist tant par sa proesse 	986
1231	que tuit cil qui le voient s’en merveillent. 	que tous ceulx qni le uoient en sont esmerueillies. 	987
1232	Et la ou il voit le chevalier as armes vermeilles, 	Et la ou il uoit le cheualier aux armes uermeilles 	988
1233|1234	si nel mesconoist pas, |ains li adresce par mi els tos	si luy adreche son cheual parmy tous eulx/ 	989
1235	et li done si grant cop par mi le hialme 	et luy donne tel coup sus le heaulme 	990
1236|1237	que cil est si estordis |qu’il ne se puet es arçons tenir, 	quil ne se peult tenir aux archons/ mes uolle a terre 	991
1238|1239	ains vole a terre. |Et Lancelos li va par desus le cors a cheval	et lancelot luy ua denner si grant coup sus le col 	992
1240	tant que cil pert la vertu et la force tote. 	tant quil pert sa forche et sa uertu/ 	993
1241	Et lors sont li autre molt esmaié, 	Lors sont les aultres bien esmayes 	994
1242	kar bien cuident 	car il cuident 	995
1243|1244	que cil soit mors |qui lor sires estoit; 	que leur maistre soit mort. 	996
1245	si se metent en paine del vengier	Si se mettent en paine de le uenger 	997
1246	et corent sus a Lancelot tuit ensamble. 	et courent sus a lancelot/ 	998
1247	Mais il nel truevent pas si esbahi 	mes ilz ne le treuuent pas esbahy 	999
1248|1249	qu’il ne soit tos pres de soi deffendre; |si lor abandone son escu 	mes est prest de se deffendre 	1000
1250	et tient l’espee 		
1251|1252	dont il lor done grans cops par la |ou il les ataint, 	si leur habandonne son escu/ 	1001
1253|1254	ne onques por pooir |qu’il aient ne li porent tolir terre, 	et il ne a censuict cheualier a coup 	1002
1255	ains se met par mi els maintes fois, quel gré 		
1256	qu’il en aient. 		
1257	Et de tant li avient il bien 		
1258|1259	qu’il n’aconsieut chevalier a droit cop |qu’il ne face s’espee sentir en char nue 	quil ne luy face lespee sentir iusques en la char 	1003
1260	ou il nel port del cheval a terre: 	ou quil ne le porte du cheual a terre. 	1004
1261|1262	si lor esrache les escus des cols et les hialmes des testes et lor decoupe poins et bras a |et se hurte en els de cors et de cheval »; 	Et les a si bien attournes 	1005
1263|1264	si en a V. si atornés |qu’il gisent a terre si conreé 	quil en y a cinq gisans sur terre tellement 	1006
1265	qu’il n’ont pooir de relever. 	quilz ne se peuent releuer. 	1007
1266|1267	Quant li autre voient ce, |si lor est avis 	Et quant les aultres uoient	1008
1268|1269	que, s’il i demorent plus, il n’em pueent eschaper sans morir |et por ce s’enfuient al plus tost 	que leurs compaignons sont ainsy traicties ilz sen fuyent au plus tost	1009
1270	qu’il pueent vers la forest 	quil peuent uers la forest la 	1010
1271	ou il la voient plus espesse. 	ou il la uirent plus espesse/	1011
1272	Et Lancelos ne les sieut mie granment, 	et lancelot ne les poursuyuist pas 	1012
1273	ains retorne al chevalier	ains retourne au cheualier 	1013
1274	qu’il ot abatu, celui as armes vermeilles, 	qui portoit les armes uermeilles/ 	1014
1275	kar il voldra savoir qui il est. 	car il ueult scauoir |qui il est/ 	1015|1016
1276|1277	Et quant il i est venus, |si trueve l’escuier 	et quant il est uenu il treuue lescuyer 	1017
1278|1279	que il queroit, |que on avoit mis sor I. roncin, les mains liies triés le dos, 	quil queroit monte sus ung rouchin les mains liees derriere le dos. 	1018
1280	et vient a lui, 	sy uint a lui 	1019
1281	si le deslie. 	et le deslie/ 	1020
1282	Et quant il se sent delivrés, 	et quant il est deliure 	1021
1283|1284	si li chiet as piés |et le mercie de Dieu ; 	si le mercie menlt et lance. descent a terre 	1022
1285|1286	et Lancelos descent, |si li baille son cheval a garder. 	et luy baille son cheual a garder/ 	1023
1287	puis vet al chevalier 	puys sen ua au cheualier 	1024
1288	qui ja s’estoit relevés en son seant, si estordis 	qui ia estoit redrechie en son seant/ |si estourdy	1025|1026
1289	qu’il ne veoit gote. 	quil ne uoit goutte. 	1027
1290	Et Lancelos li esrache le hialme de la teste si felenessement 	et lancelot luy arrache le heaulme de la teste si fellennessement 	1028
1291	que cil flatist à terre des paumes et de tot le viaire; 	que celui flatist a terre des pausmes et des genoulx 	1029
1292|1293	si saine del nes et del front trop durement. |Et Lancelos dist 	et lui dit 	1030
1294	qu’il l’ocirra, 	quil le occira 	1031
1295	s’i ne se tient por outré; 	sil ne se rent 	1032
1296	et cil est si esmaiés a 	Et celui est si esuanouy 	1033
1297|1298	qu’il ne li puet respondre, |ains gist pasmés adens 	qu il ne lui peut respondre mot ains gist tout pasme Lancelot le redrece 	1034
1299	Et Lancelos le redrece, 		
1300	si le trueve si ensanglenté 	si le treuue si senglant 	1035
1301	qu’il cuide bien 	que bien cuide 	1036
1302	que il soit mors, 	quil soit mort. 	1037
1303	et lors se repent de ce 	Lors se repent de ce 	1038
1304	que tant li avoit fet mal; 	que il lui a tant meffait. 	1039
1305	si s’asiet les lui por veoir 	Si se rassiet emprez lui |pour ueoir 	1040|1041
1306	que il fera. 	quil fera. 	1042
1307	Et ja se relevoient troi de cels 	et ia se releuoient trois de ceulx 	1043
1308	qui a terre avoient geu, 	qui estoient a terre	1044
1309	et Lancelos lor laisse core	et lors leur court sus lanceloi 	1045
1310	et dit 	et leur dit 	1046
1311	que mort sont	que mors sont se ilz ne se rendent |Et ceulx 	1047|1048
		qui ont grant paour 	1049
		quil ne les occie lui rendrient leurs espees en disant 	1050
		quilz sont prestz de faire sa uoulente.	1051
